metric,n,mean,p10,p50,p90,p99
ttfb_s[1MiB],507,0.348199,0.169771,0.349932,0.519487,0.66278
ttfb_s[50KiB],3232,0.347225,0.164224,0.343782,0.5356,0.694767
ttfb_s[5MiB],261,0.348684,0.164606,0.343188,0.539038,0.728583
ttfb_s[ALL],4000,0.347444,0.164701,0.344082,0.535372,0.688384
ttlb_s[1MiB],507,1.68815,0.748749,1.68222,2.73218,3.31629
ttlb_s[50KiB],3232,0.845202,0.332485,0.783409,1.45881,1.91657
ttlb_s[5MiB],261,2.71707,1.33003,2.63817,4.04714,5.73462
ttlb_s[ALL],4000,1.07419,0.357702,0.956255,1.91964,3.80694
goodput_Mbit_s[500KiB-1MiB],768,21.1224,11.78,18.3244,35.4815,52.0764
circuit_build_time_s,9139,0.744541,0.238946,0.591994,1.50874,2.25539
error_rate,4000,0,,,,
relay_util[non-authority],95,0.0947029,0.00241475,0.0868526,0.186676,0.252262
relay_goodput_total_Mbit_s,98,2041.56,,,,
