metric,stat,M3 vanilla tor,M4 sidecar + own CBT,M4 v1 sidecar (no CBT),rel_diff_M4 sidecar + own CBT_vs_M3 vanilla tor,rel_diff_M4 v1 sidecar (no CBT)_vs_M3 vanilla tor
ttfb_s[1MiB],n,582,529,529,-0.091,-0.091
ttfb_s[1MiB],mean,0.347258,0.374358,0.414055,+0.078,+0.192
ttfb_s[1MiB],p50,0.352712,0.3614,0.395336,+0.025,+0.121
ttfb_s[1MiB],p90,0.517011,0.599038,0.644417,+0.159,+0.246
ttfb_s[1MiB],p99,0.65287,0.777373,0.837902,+0.191,+0.283
ttfb_s[50KiB],n,3168,3207,3207,+0.012,+0.012
ttfb_s[50KiB],mean,0.345942,0.372339,0.412327,+0.076,+0.192
ttfb_s[50KiB],p50,0.340905,0.359905,0.404813,+0.056,+0.187
ttfb_s[50KiB],p90,0.522756,0.583363,0.628882,+0.116,+0.203
ttfb_s[50KiB],p99,0.679219,0.770882,0.806516,+0.135,+0.187
ttfb_s[5MiB],n,250,264,264,+0.056,+0.056
ttfb_s[5MiB],mean,0.351955,0.393015,0.424634,+0.117,+0.207
ttfb_s[5MiB],p50,0.354502,0.371235,0.408174,+0.047,+0.151
ttfb_s[5MiB],p90,0.526722,0.622395,0.654874,+0.182,+0.243
ttfb_s[5MiB],p99,0.68246,0.770044,0.888605,+0.128,+0.302
ttfb_s[ALL],n,4000,4000,4000,+0.000,+0.000
ttfb_s[ALL],mean,0.346509,0.373971,0.413368,+0.079,+0.193
ttfb_s[ALL],p50,0.342479,0.361104,0.40387,+0.054,+0.179
ttfb_s[ALL],p90,0.522191,0.587647,0.633231,+0.125,+0.213
ttfb_s[ALL],p99,0.679373,0.772256,0.827451,+0.137,+0.218
ttlb_s[1MiB],n,582,529,529,-0.091,-0.091
ttlb_s[1MiB],mean,1.65618,1.9277,2.10944,+0.164,+0.274
ttlb_s[1MiB],p50,1.68577,1.88377,2.05507,+0.117,+0.219
ttlb_s[1MiB],p90,2.5821,3.0285,3.16863,+0.173,+0.227
ttlb_s[1MiB],p99,3.20447,3.76657,4.03103,+0.175,+0.258
ttlb_s[50KiB],n,3168,3207,3207,+0.012,+0.012
ttlb_s[50KiB],mean,0.851429,0.891195,0.951269,+0.047,+0.117
ttlb_s[50KiB],p50,0.814414,0.862947,0.941283,+0.060,+0.156
ttlb_s[50KiB],p90,1.45491,1.53736,1.58881,+0.057,+0.092
ttlb_s[50KiB],p99,1.89876,1.96824,2.02475,+0.037,+0.066
ttlb_s[5MiB],n,250,264,264,+0.056,+0.056
ttlb_s[5MiB],mean,2.75208,3.52451,3.88708,+0.281,+0.412
ttlb_s[5MiB],p50,2.72909,3.48426,3.76348,+0.277,+0.379
ttlb_s[5MiB],p90,4.1016,5.26613,5.77482,+0.284,+0.408
ttlb_s[5MiB],p99,5.51646,6.74033,8.01613,+0.222,+0.453
ttlb_s[ALL],n,4000,4000,4000,+0.000,+0.000
ttlb_s[ALL],mean,1.08731,1.20207,1.2982,+0.106,+0.194
ttlb_s[ALL],p50,0.967723,0.996584,1.06191,+0.030,+0.097
ttlb_s[ALL],p90,1.92698,2.21577,2.41556,+0.150,+0.254
ttlb_s[ALL],p99,3.7085,4.9603,5.36526,+0.338,+0.447
goodput_Mbit_s[500KiB-1MiB],n,832,793,793,-0.047,-0.047
goodput_Mbit_s[500KiB-1MiB],mean,28.4557,16.1019,14.0612,-0.434,-0.506
goodput_Mbit_s[500KiB-1MiB],p50,18.194,14.174,12.48,-0.221,-0.314
goodput_Mbit_s[500KiB-1MiB],p90,36.2175,26.8157,23.1292,-0.260,-0.361
goodput_Mbit_s[500KiB-1MiB],p99,54.299,42.113,37.1505,-0.224,-0.316
circuit_build_time_s,n,9152,4977,5219,-0.456,-0.430
circuit_build_time_s,mean,0.740917,0.745396,1.03843,+0.006,+0.402
circuit_build_time_s,p50,0.59249,0.620998,0.898933,+0.048,+0.517
circuit_build_time_s,p90,1.40755,1.42863,2.05543,+0.015,+0.460
circuit_build_time_s,p99,2.23897,2.00526,2.85689,-0.104,+0.276
error_rate,n,4000,4000,4000,+0.000,+0.000
error_rate,mean,0,0,0,,
relay_util[non-authority],n,95,95,95,+0.000,+0.000
relay_util[non-authority],mean,0.0944217,0.0998908,0.101545,+0.058,+0.075
relay_util[non-authority],p50,0.0888842,0.0854578,0.0953368,-0.039,+0.073
relay_util[non-authority],p90,0.18745,0.221043,0.19394,+0.179,+0.035
relay_util[non-authority],p99,0.256263,0.273512,0.260685,+0.067,+0.017
relay_goodput_total_Mbit_s,n,98,98,98,+0.000,+0.000
relay_goodput_total_Mbit_s,mean,2036.16,2034.72,2034.71,-0.001,-0.001
