variant,minutes_from_step,excess_mean,excess_ci95
strongly_adaptive,-29.5,0.042134553861937214,0.0011713837633850683
strongly_adaptive,-28.5,0.04215979234526392,0.0009742352821634703
strongly_adaptive,-27.5,0.042228080633335746,0.0011546225774828934
strongly_adaptive,-26.5,0.04218005694602066,0.0009103565416554636
strongly_adaptive,-25.5,0.042364685005385386,0.00117395928048196
strongly_adaptive,-24.5,0.0422434917159239,0.0008159575030224865
strongly_adaptive,-23.5,0.04199750522759739,0.0007383571179520028
strongly_adaptive,-22.5,0.0423640642994396,0.0009777795165853299
strongly_adaptive,-21.5,0.04241999467321237,0.0009281539482700241
strongly_adaptive,-20.5,0.04199201343694044,0.001136486854507536
strongly_adaptive,-19.5,0.04326971103921747,0.0004749883869723799
strongly_adaptive,-18.5,0.03995430492446854,0.000525386267645821
strongly_adaptive,-17.5,0.037712725580039706,0.0002717652435605861
strongly_adaptive,-16.5,0.03687485512674366,0.0005685467474343202
strongly_adaptive,-15.5,0.03638585153820997,0.00037899006031701994
strongly_adaptive,-14.5,0.036157634343251026,0.000467983288760081
strongly_adaptive,-13.5,0.035733763639967185,0.0004411972041431913
strongly_adaptive,-12.5,0.03588941913877402,0.0002933099125975588
strongly_adaptive,-11.5,0.035498133484926434,0.00020108128573668294
strongly_adaptive,-10.5,0.03570645848233105,0.0003900485356933649
strongly_adaptive,-9.5,0.03605912934534531,0.0004021474995874059
strongly_adaptive,-8.5,0.03560629674499217,0.0003869301036655996
strongly_adaptive,-7.5,0.0358296337215914,0.00019032587659874097
strongly_adaptive,-6.5,0.035701366544974335,0.0003344941829488502
strongly_adaptive,-5.5,0.035710265665581054,0.0005220033639220254
strongly_adaptive,-4.5,0.035616366551494354,0.0002891894832022905
strongly_adaptive,-3.5,0.035744149711955206,0.00018258777099580957
strongly_adaptive,-2.5,0.03543555954566844,0.00038650472698149624
strongly_adaptive,-1.5,0.035782792387270286,0.0003579656680589036
strongly_adaptive,-0.5,0.035627658079579856,0.0001727280349653221
strongly_adaptive,0.5,0.463463407635785,0.028842917766138235
strongly_adaptive,1.5,0.3692224088601182,0.023598660201105105
strongly_adaptive,2.5,0.3052499257204347,0.019276750600331995
strongly_adaptive,3.5,0.2603733864320189,0.017218369508180908
strongly_adaptive,4.5,0.2298632656136334,0.01332459830243973
strongly_adaptive,5.5,0.21208765151531922,0.011658437229034162
strongly_adaptive,6.5,0.20139287657350416,0.009891088767684858
strongly_adaptive,7.5,0.19583525189550127,0.012793696287943922
strongly_adaptive,8.5,0.19162409330883176,0.012713061408151977
strongly_adaptive,9.5,0.19256054497806166,0.010332260538615575
strongly_adaptive,10.5,0.18863916453253757,0.009697736193146154
strongly_adaptive,11.5,0.18880559163901173,0.013762624916488017
strongly_adaptive,12.5,0.188701020218975,0.013071049699455826
strongly_adaptive,13.5,0.18844247220745158,0.010562574677383547
strongly_adaptive,14.5,0.18838891266325034,0.012191553131157521
strongly_adaptive,15.5,0.18948955299496317,0.011994344059858995
strongly_adaptive,16.5,0.18705645839993126,0.010769131604487236
strongly_adaptive,17.5,0.1870488736177529,0.010038731457632878
strongly_adaptive,18.5,0.18659486433404493,0.01017201243326638
strongly_adaptive,19.5,0.18685048041280436,0.011431118175942894
strongly_adaptive,20.5,0.1879643967210019,0.013304328989396173
strongly_adaptive,21.5,0.18726512081721552,0.01157319812703729
strongly_adaptive,22.5,0.18740560850668556,0.01225692993121574
strongly_adaptive,23.5,0.1873613231649259,0.009642879973173679
strongly_adaptive,24.5,0.18532031746629354,0.01100743485055573
strongly_adaptive,25.5,0.18671898585761695,0.011137077385175418
strongly_adaptive,26.5,0.1871745136444834,0.01241827202920053
strongly_adaptive,27.5,0.18761975006966625,0.011184597918443435
strongly_adaptive,28.5,0.18592009205958798,0.012322983812260708
strongly_adaptive,29.5,0.18556811696895864,0.010083602242565597
strongly_adaptive,30.5,0.18552331294276708,0.010140343060274854
strongly_adaptive,31.5,0.18555896616101758,0.011058862473338225
strongly_adaptive,32.5,0.1862485068418563,0.011564847879124384
strongly_adaptive,33.5,0.18761093295921505,0.013630465095245313
strongly_adaptive,34.5,0.18624340917612262,0.012164938208446581
strongly_adaptive,35.5,0.18676751893992202,0.01092195386634374
strongly_adaptive,36.5,0.1878693730815143,0.011226973726765503
strongly_adaptive,37.5,0.18613826456421884,0.012934557236825628
strongly_adaptive,38.5,0.1867822612232814,0.012695818378457813
strongly_adaptive,39.5,0.1876373415628257,0.01203380950994802
strongly_adaptive,40.5,0.18826402623330477,0.010674272165595801
strongly_adaptive,41.5,0.15422101970633545,0.009842687555971279
strongly_adaptive,42.5,0.1286615173676792,0.0075308453086285684
strongly_adaptive,43.5,0.10918322957091053,0.006263137141717581
strongly_adaptive,44.5,0.09719198190824695,0.00575580237556724
strongly_adaptive,45.5,0.09356282083781878,0.0039155014302388125
strongly_adaptive,46.5,0.09133980077360364,0.004322835711237084
strongly_adaptive,47.5,0.08985905883650142,0.0033467282724501273
strongly_adaptive,48.5,0.09055155226608977,0.004063530372398564
strongly_adaptive,49.5,0.08957282423777636,0.003446772901195986
strongly_adaptive,50.5,0.08878688938218311,0.004288563702166467
strongly_adaptive,51.5,0.08813186769122668,0.003267034840342637
strongly_adaptive,52.5,0.08859456519048822,0.004103896178723247
strongly_adaptive,53.5,0.08853724886415651,0.003381197810001811
strongly_adaptive,54.5,0.08886364119659376,0.003306864401294227
strongly_adaptive,55.5,0.08870438738910809,0.0043770984468285866
strongly_adaptive,56.5,0.08773787982419688,0.0044405071686219825
strongly_adaptive,57.5,0.08717424244456337,0.003778607067066524
strongly_adaptive,58.5,0.0871008030691475,0.0037846977068848584
strongly_adaptive,59.5,0.08751520534981011,0.004317858644583198
strongly_adaptive,60.5,0.08758552404579475,0.003021043662012991
strongly_adaptive,61.5,0.08823984216871252,0.0032202866125512325
strongly_adaptive,62.5,0.08875493046139742,0.0035668779115495697
strongly_adaptive,63.5,0.08738475811899798,0.003328161566666756
strongly_adaptive,64.5,0.08761815302569885,0.0032654377937277384
strongly_adaptive,65.5,0.08714323485717092,0.0030564550323170787
strongly_adaptive,66.5,0.08675391781281341,0.0028875784241552023
strongly_adaptive,67.5,0.08783304672717228,0.0036806007571093583
strongly_adaptive,68.5,0.08759214832612097,0.003596068309698533
strongly_adaptive,69.5,0.08728796518971824,0.0033907454402406162
strongly_adaptive,70.5,0.08713797348034899,0.00295315104310904
strongly_adaptive,71.5,0.08798189093410036,0.003021799414540185
strongly_adaptive,72.5,0.08728287463253007,0.003794958056854465
strongly_adaptive,73.5,0.08664027879171679,0.0042902304691240945
strongly_adaptive,74.5,0.08766142362544986,0.004165745561258767
strongly_adaptive,75.5,0.08768358183692439,0.003282145429300217
strongly_adaptive,76.5,0.08678793359166996,0.0040828102825071644
strongly_adaptive,77.5,0.08708177131394783,0.0035316489538314284
strongly_adaptive,78.5,0.08727892527154264,0.003830713926106625
strongly_adaptive,79.5,0.08771232698135245,0.004600815267561432
strongly_adaptive,80.5,0.08745731233061058,0.0032223467387003843
strongly_adaptive,81.5,0.08776100086876672,0.0021286283492425893
strongly_adaptive,82.5,0.08669434794269666,0.003902416397240264
strongly_adaptive,83.5,0.08691692655804495,0.003826618326939919
strongly_adaptive,84.5,0.0870741476025387,0.0036692453360828163
strongly_adaptive,85.5,0.08819488159846652,0.0034813384408381187
strongly_adaptive,86.5,0.08659363872816436,0.003533534870026651
strongly_adaptive,87.5,0.08704103653449298,0.003538628720478112
strongly_adaptive,88.5,0.08717049324131985,0.0032954768702902547
strongly_adaptive,89.5,0.08696036945505145,0.003422784464864097
strongly_adaptive,90.5,0.0874639196158302,0.004018051166670104
strongly_adaptive,91.5,0.08787184570952852,0.002930000326795004
strongly_adaptive,92.5,0.08720454549726482,0.0033394148922252253
strongly_adaptive,93.5,0.08731324510542395,0.0038753250098905547
strongly_adaptive,94.5,0.08706695994083338,0.0035464465803280846
strongly_adaptive,95.5,0.08687792579205426,0.0030374834962609504
strongly_adaptive,96.5,0.08647740822622367,0.0029196728710162373
strongly_adaptive,97.5,0.08715481523489879,0.0031423541254474367
strongly_adaptive,98.5,0.08735154815122757,0.0035105071976772903
strongly_adaptive,99.5,0.08720629103849449,0.004712183848181529
strongly_adaptive,100.5,0.08772868011786292,0.003396787527160932
strongly_adaptive,101.5,0.07790639414801727,0.004750267192833077
strongly_adaptive,102.5,0.06989673605072083,0.0027609965600606874
strongly_adaptive,103.5,0.06377148407319125,0.0029844308218285116
strongly_adaptive,104.5,0.05852866379944004,0.0016411763976735174
strongly_adaptive,105.5,0.05839039018327501,0.0014632828148738958
strongly_adaptive,106.5,0.05758565459359348,0.0013485383609259255
strongly_adaptive,107.5,0.05654502790102548,0.0012583225579218505
strongly_adaptive,108.5,0.0566770509590586,0.0008771408074849574
strongly_adaptive,109.5,0.055660954391970774,0.0009605666844287262
strongly_adaptive,110.5,0.05613765136454414,0.0014828668619881226
strongly_adaptive,111.5,0.05518556037045945,0.0018756362946999207
strongly_adaptive,112.5,0.056033947904335676,0.002352284205123332
strongly_adaptive,113.5,0.05552425629824198,0.0018450893768946293
strongly_adaptive,114.5,0.05513379100608871,0.0019123802280304608
strongly_adaptive,115.5,0.056037501344096616,0.0014224919489992205
strongly_adaptive,116.5,0.055824562498679176,0.0014324538978921686
strongly_adaptive,117.5,0.05559376178808091,0.000746698740672913
strongly_adaptive,118.5,0.05495573086161437,0.001569025518372041
strongly_adaptive,119.5,0.055652439255839826,0.0013939149870479768
strongly_adaptive,120.5,0.05594312466672986,0.0013841666608622638
strongly_adaptive,121.5,0.05550667921836189,0.0012390807209540474
strongly_adaptive,122.5,0.055791915630516865,0.0020495366959624685
strongly_adaptive,123.5,0.05581897943673281,0.0012369149926518453
strongly_adaptive,124.5,0.055684178324703404,0.0017110503385418929
strongly_adaptive,125.5,0.05554292475781769,0.0014230057927278746
strongly_adaptive,126.5,0.056028605755936,0.0013445604196544339
strongly_adaptive,127.5,0.05546000310037742,0.0014056665441698406
strongly_adaptive,128.5,0.05586874332025704,0.0014363068045686155
strongly_adaptive,129.5,0.05575756659121369,0.001272794046459397
strongly_adaptive,130.5,0.05536754330736946,0.001423148747659415
strongly_adaptive,131.5,0.0556831625833068,0.0013972653289707848
strongly_adaptive,132.5,0.055930709408042,0.0023541401475154905
strongly_adaptive,133.5,0.05547620569860888,0.0014256726876854058
strongly_adaptive,134.5,0.05544424961828985,0.0011672340026235694
strongly_adaptive,135.5,0.05517297627873319,0.0015544888371036136
strongly_adaptive,136.5,0.05560385844924294,0.0013574269970431617
strongly_adaptive,137.5,0.05593747417018391,0.0016723024912717018
strongly_adaptive,138.5,0.055580010405211655,0.0011361979506236887
strongly_adaptive,139.5,0.0558645116928949,0.0017415918191239221
strongly_adaptive,140.5,0.05559592472997218,0.0013556988078872914
strongly_adaptive,141.5,0.055615824099964975,0.0012012252761765155
strongly_adaptive,142.5,0.05507442415144377,0.001427117089822579
strongly_adaptive,143.5,0.05576321236760416,0.0014269634347306268
strongly_adaptive,144.5,0.05612195981211747,0.0020669900574374965
strongly_adaptive,145.5,0.05579532928262741,0.0013641645219977512
strongly_adaptive,146.5,0.05568768159667786,0.0010565160123409505
strongly_adaptive,147.5,0.05537697479882035,0.0010792168889060304
strongly_adaptive,148.5,0.05586499972453516,0.001504110073573208
strongly_adaptive,149.5,0.05581610144648068,0.0011979929253534034
"SA, sampled ref (r=11)",-29.5,0.02794845829538501,0.0005382653301133736
"SA, sampled ref (r=11)",-28.5,0.02775398449112353,0.0003464873524656646
"SA, sampled ref (r=11)",-27.5,0.02789717308293333,0.0004175596641242158
"SA, sampled ref (r=11)",-26.5,0.02773874711398906,0.00034184639316707174
"SA, sampled ref (r=11)",-25.5,0.027617664094784843,0.00028640414466931085
"SA, sampled ref (r=11)",-24.5,0.027718854640709632,0.00020709231472929336
"SA, sampled ref (r=11)",-23.5,0.02780322021363727,0.0004372877654720976
"SA, sampled ref (r=11)",-22.5,0.02776546085577446,0.00034224050052278734
"SA, sampled ref (r=11)",-21.5,0.0277264577246894,0.0002074707273449552
"SA, sampled ref (r=11)",-20.5,0.02805654332961043,0.0006680726014380613
"SA, sampled ref (r=11)",-19.5,0.027892280903280796,0.0004126415714053334
"SA, sampled ref (r=11)",-18.5,0.027948529692854183,0.0003044339928968427
"SA, sampled ref (r=11)",-17.5,0.027808353713589272,0.0003919518478145306
"SA, sampled ref (r=11)",-16.5,0.02788469475806481,0.00045680382124125885
"SA, sampled ref (r=11)",-15.5,0.02807138713526116,0.0002259563278126408
"SA, sampled ref (r=11)",-14.5,0.027776205637070273,0.0003224681892727771
"SA, sampled ref (r=11)",-13.5,0.0280960647406557,0.00044151817395682454
"SA, sampled ref (r=11)",-12.5,0.027891255707137887,7.815115069657518e-05
"SA, sampled ref (r=11)",-11.5,0.027952015130189155,0.0005413088494470345
"SA, sampled ref (r=11)",-10.5,0.0279795147193322,0.000318539740735591
"SA, sampled ref (r=11)",-9.5,0.027817101751563454,0.00048436849328260096
"SA, sampled ref (r=11)",-8.5,0.02782113245022161,0.00029054373743310946
"SA, sampled ref (r=11)",-7.5,0.02771785721456137,0.0004400770600083798
"SA, sampled ref (r=11)",-6.5,0.027996584976549877,0.0004219011868795371
"SA, sampled ref (r=11)",-5.5,0.02783784633014925,0.0005110605796562934
"SA, sampled ref (r=11)",-4.5,0.027809975674899685,0.00042595775571389226
"SA, sampled ref (r=11)",-3.5,0.027935175348785805,0.0003628909027362679
"SA, sampled ref (r=11)",-2.5,0.027759768053810106,0.00039196215159764496
"SA, sampled ref (r=11)",-1.5,0.02790584064269196,0.00032184485012278733
"SA, sampled ref (r=11)",-0.5,0.027844351499639708,0.0003252864547056338
"SA, sampled ref (r=11)",0.5,0.45545937223770394,0.034399580444450496
"SA, sampled ref (r=11)",1.5,0.36480388009778486,0.028405615425881468
"SA, sampled ref (r=11)",2.5,0.2871617768388874,0.022354843126312786
"SA, sampled ref (r=11)",3.5,0.22899147776140844,0.019422628848716792
"SA, sampled ref (r=11)",4.5,0.18313554457609596,0.014798908059150505
"SA, sampled ref (r=11)",5.5,0.1487402860274703,0.013137848145126751
"SA, sampled ref (r=11)",6.5,0.12165404699372118,0.01105754213376844
"SA, sampled ref (r=11)",7.5,0.10030261266310678,0.009737495362787157
"SA, sampled ref (r=11)",8.5,0.08429561849584724,0.006821667086437546
"SA, sampled ref (r=11)",9.5,0.07319029863610467,0.0059521590147130045
"SA, sampled ref (r=11)",10.5,0.0641070152370872,0.00574375427930827
"SA, sampled ref (r=11)",11.5,0.05782548556381186,0.005830339429870045
"SA, sampled ref (r=11)",12.5,0.05341354653357052,0.0054985466994870455
"SA, sampled ref (r=11)",13.5,0.049077085735421876,0.003920812268658839
"SA, sampled ref (r=11)",14.5,0.04607980488261061,0.0031980572657152482
"SA, sampled ref (r=11)",15.5,0.043116465342430174,0.003690570339281409
"SA, sampled ref (r=11)",16.5,0.04157414127501956,0.0017473721416392074
"SA, sampled ref (r=11)",17.5,0.03942355772695958,0.0023052802616961277
"SA, sampled ref (r=11)",18.5,0.0381774696238872,0.002553185564792048
"SA, sampled ref (r=11)",19.5,0.03723794571452162,0.0017676421083692175
"SA, sampled ref (r=11)",20.5,0.03626889680679633,0.001513468794153224
"SA, sampled ref (r=11)",21.5,0.035528536542395926,0.001781964119587897
"SA, sampled ref (r=11)",22.5,0.03502918282252303,0.0021997960902937442
"SA, sampled ref (r=11)",23.5,0.03467994043557249,0.0025076289316735226
"SA, sampled ref (r=11)",24.5,0.03410024333800317,0.0022362194018690894
"SA, sampled ref (r=11)",25.5,0.034346988327211794,0.0019116368442229645
"SA, sampled ref (r=11)",26.5,0.03380907549897581,0.001256185732056725
"SA, sampled ref (r=11)",27.5,0.0339053744750403,0.0022281664847558663
"SA, sampled ref (r=11)",28.5,0.03310988551892529,0.0013896662992075985
"SA, sampled ref (r=11)",29.5,0.03266326572377707,0.0017403053293456351
"SA, sampled ref (r=11)",30.5,0.03275149494039804,0.0009474874613901162
"SA, sampled ref (r=11)",31.5,0.032909798294399155,0.0017585575907134903
"SA, sampled ref (r=11)",32.5,0.032725463141447295,0.0013080352456863143
"SA, sampled ref (r=11)",33.5,0.032670086521411304,0.0015982773801290035
"SA, sampled ref (r=11)",34.5,0.03257715576264496,0.0011902535115334287
"SA, sampled ref (r=11)",35.5,0.032640727023002615,0.0013983556266210283
"SA, sampled ref (r=11)",36.5,0.03194016923380896,0.0007065988374861133
"SA, sampled ref (r=11)",37.5,0.03314296846608582,0.0010532103271583774
"SA, sampled ref (r=11)",38.5,0.03175795434058556,0.001696835614311127
"SA, sampled ref (r=11)",39.5,0.03255260145269902,0.0016116100813730232
"SA, sampled ref (r=11)",40.5,0.032299766408526796,0.0009139568230772499
"SA, sampled ref (r=11)",41.5,0.032347513031117936,0.001013018664322789
"SA, sampled ref (r=11)",42.5,0.03232805533390373,0.0006952167361890557
"SA, sampled ref (r=11)",43.5,0.03175420266746249,0.0019918070118961056
"SA, sampled ref (r=11)",44.5,0.03245936579835406,0.0011149772431276888
"SA, sampled ref (r=11)",45.5,0.03214935937518669,0.0014140707125328382
"SA, sampled ref (r=11)",46.5,0.032025096544873274,0.0013352049976352426
"SA, sampled ref (r=11)",47.5,0.0321430010962772,0.0011858950632790937
"SA, sampled ref (r=11)",48.5,0.03196469488171767,0.00168027061634384
"SA, sampled ref (r=11)",49.5,0.03233570260053283,0.0003857330570200685
"SA, sampled ref (r=11)",50.5,0.03201345412100964,0.0011692326698911535
"SA, sampled ref (r=11)",51.5,0.032008567429432686,0.0010700092927570547
"SA, sampled ref (r=11)",52.5,0.032089442259452663,0.0002695759814135901
"SA, sampled ref (r=11)",53.5,0.032240614131014075,0.0007790384096969926
"SA, sampled ref (r=11)",54.5,0.032462701412349686,0.001559423301268044
"SA, sampled ref (r=11)",55.5,0.032271902012254966,0.0009185646457138073
"SA, sampled ref (r=11)",56.5,0.03124338669811614,0.00192747075376754
"SA, sampled ref (r=11)",57.5,0.030789724157727256,0.0009080661896129689
"SA, sampled ref (r=11)",58.5,0.031254187539907316,0.0007248105587086455
"SA, sampled ref (r=11)",59.5,0.03069131127000523,0.0006774335259131613
"SA, sampled ref (r=11)",60.5,0.03082944448851514,0.0009618563854387764
"SA, sampled ref (r=11)",61.5,0.030746110019676642,0.0006182024078776458
"SA, sampled ref (r=11)",62.5,0.030946578407913438,0.0006155619084650637
"SA, sampled ref (r=11)",63.5,0.030546869383690355,0.0008629110370283282
"SA, sampled ref (r=11)",64.5,0.031752136189399496,0.0016513505443889224
"SA, sampled ref (r=11)",65.5,0.0307457727982152,0.0006100708440462502
"SA, sampled ref (r=11)",66.5,0.03026224091819698,0.0007236258075153208
"SA, sampled ref (r=11)",67.5,0.030989065599220454,0.001145114947962619
"SA, sampled ref (r=11)",68.5,0.030574879658760268,0.00042581954343568493
"SA, sampled ref (r=11)",69.5,0.030558675735814233,0.000754424812382414
"SA, sampled ref (r=11)",70.5,0.03107715379569363,0.0007713863874823406
"SA, sampled ref (r=11)",71.5,0.03146953825142728,0.0018845647487899522
"SA, sampled ref (r=11)",72.5,0.031133681110892947,0.001252949532132441
"SA, sampled ref (r=11)",73.5,0.031084878103052205,0.0011173899763884225
"SA, sampled ref (r=11)",74.5,0.03057554073347914,0.0007226128808745907
"SA, sampled ref (r=11)",75.5,0.03154875464822739,0.0013053050972238029
"SA, sampled ref (r=11)",76.5,0.03126418664112487,0.0017802334863304143
"SA, sampled ref (r=11)",77.5,0.031086653114482016,0.0010910934563035186
"SA, sampled ref (r=11)",78.5,0.031109224098741683,0.0006850680118888345
"SA, sampled ref (r=11)",79.5,0.03100815905766871,0.0014809582350435912
"SA, sampled ref (r=11)",80.5,0.03133223660120813,0.0015832302711709552
"SA, sampled ref (r=11)",81.5,0.030718914604092908,0.0006673529513466019
"SA, sampled ref (r=11)",82.5,0.030341488311536453,0.0006046911241008718
"SA, sampled ref (r=11)",83.5,0.031601261512738565,0.0004498274286382207
"SA, sampled ref (r=11)",84.5,0.031114737023110562,0.0005663906237124422
"SA, sampled ref (r=11)",85.5,0.031192773072764236,0.0009835913605378266
"SA, sampled ref (r=11)",86.5,0.03144245260962998,0.0005429802756958223
"SA, sampled ref (r=11)",87.5,0.0314971877661921,0.0003564583077091422
"SA, sampled ref (r=11)",88.5,0.03109146230919264,0.0005510072324734849
"SA, sampled ref (r=11)",89.5,0.03136458732520282,0.0008103883705316666
"SA, sampled ref (r=11)",90.5,0.031274643015823764,0.001551675673311435
"SA, sampled ref (r=11)",91.5,0.031789812623249966,0.001529927070937151
"SA, sampled ref (r=11)",92.5,0.03119787438869719,0.0005806466241668446
"SA, sampled ref (r=11)",93.5,0.03141983411210606,0.0010021755734655616
"SA, sampled ref (r=11)",94.5,0.031160164634637,0.001062826511282492
"SA, sampled ref (r=11)",95.5,0.0312716208271341,0.0008725117477220314
"SA, sampled ref (r=11)",96.5,0.03216071261217856,0.001014463061710522
"SA, sampled ref (r=11)",97.5,0.03147003636032518,0.0018180226979884952
"SA, sampled ref (r=11)",98.5,0.03134054755383423,0.0013069400386957145
"SA, sampled ref (r=11)",99.5,0.03180898982808555,0.0005217189205587873
"SA, sampled ref (r=11)",100.5,0.03143458253708108,0.0012587061090370704
"SA, sampled ref (r=11)",101.5,0.03195386326780926,0.0009940777701219177
"SA, sampled ref (r=11)",102.5,0.032050237872033024,0.0013095987225561487
"SA, sampled ref (r=11)",103.5,0.031924148736495545,0.0008436563803339384
"SA, sampled ref (r=11)",104.5,0.03177337724886049,0.0009115528779296489
"SA, sampled ref (r=11)",105.5,0.0318962094240823,0.0015552604283777143
"SA, sampled ref (r=11)",106.5,0.03167528134790882,0.001243655313219812
"SA, sampled ref (r=11)",107.5,0.032020141113624404,0.0007865044141972289
"SA, sampled ref (r=11)",108.5,0.03185307280855145,0.0007382156576018569
"SA, sampled ref (r=11)",109.5,0.03212416000308723,0.001080045844872709
"SA, sampled ref (r=11)",110.5,0.031456303580995125,0.0008987994497695824
"SA, sampled ref (r=11)",111.5,0.031678058733342104,0.0010521535564439492
"SA, sampled ref (r=11)",112.5,0.031610475932290064,0.0009832538913653356
"SA, sampled ref (r=11)",113.5,0.032976350184790074,0.0005790397537800157
"SA, sampled ref (r=11)",114.5,0.03177636792137171,0.0014229211668776928
"SA, sampled ref (r=11)",115.5,0.03223576558655646,0.0014833988864819752
"SA, sampled ref (r=11)",116.5,0.03182301804913519,0.0008927251802880645
"SA, sampled ref (r=11)",117.5,0.031694180788909884,0.0010137183584774064
"SA, sampled ref (r=11)",118.5,0.032242335615424514,0.0024188286532037147
"SA, sampled ref (r=11)",119.5,0.0325265113904957,0.0020296815572583143
"SA, sampled ref (r=11)",120.5,0.031890788700660075,0.0015746445846692902
"SA, sampled ref (r=11)",121.5,0.03182816299881415,0.0014511538510907419
"SA, sampled ref (r=11)",122.5,0.031825733436761525,0.0012023261643074683
"SA, sampled ref (r=11)",123.5,0.03175042057738207,0.001441198506277394
"SA, sampled ref (r=11)",124.5,0.03311516654718247,0.001801953895936196
"SA, sampled ref (r=11)",125.5,0.032097149041686236,0.0021295206578302844
"SA, sampled ref (r=11)",126.5,0.03209499782014696,0.0008943030870661739
"SA, sampled ref (r=11)",127.5,0.03197687542668568,0.0016872667598395313
"SA, sampled ref (r=11)",128.5,0.03271282178714001,0.0007535456153519351
"SA, sampled ref (r=11)",129.5,0.03246562449979956,0.0006225462375684278
"SA, sampled ref (r=11)",130.5,0.03232297814076204,0.0010051867641396855
"SA, sampled ref (r=11)",131.5,0.031941744604501485,0.0015060409956887517
"SA, sampled ref (r=11)",132.5,0.03231149193223666,0.0014166938432507061
"SA, sampled ref (r=11)",133.5,0.03230065569643978,0.0010714044730878427
"SA, sampled ref (r=11)",134.5,0.03174477797174348,0.0012705020438857745
"SA, sampled ref (r=11)",135.5,0.032352128940044765,0.0021268494945290988
"SA, sampled ref (r=11)",136.5,0.03182795289193721,0.0009045119848457807
"SA, sampled ref (r=11)",137.5,0.03289674586772999,0.000491842917460635
"SA, sampled ref (r=11)",138.5,0.03210068310107394,0.0018197261917605313
"SA, sampled ref (r=11)",139.5,0.03225028725319264,0.0009031395233834855
"SA, sampled ref (r=11)",140.5,0.03239754081523593,0.0016644361855401503
"SA, sampled ref (r=11)",141.5,0.03270340240283146,0.002231899046161764
"SA, sampled ref (r=11)",142.5,0.032566316496614664,0.0012957012134738172
"SA, sampled ref (r=11)",143.5,0.03197189958410083,0.0012782703071861714
"SA, sampled ref (r=11)",144.5,0.03232410055396467,0.0006467774740296173
"SA, sampled ref (r=11)",145.5,0.032177215583247654,0.001312516697112377
"SA, sampled ref (r=11)",146.5,0.03242379955918463,0.0004880990714629148
"SA, sampled ref (r=11)",147.5,0.03273925403638994,0.0013331096760272989
"SA, sampled ref (r=11)",148.5,0.03278997559787155,0.001312732521791573
"SA, sampled ref (r=11)",149.5,0.03263133169578375,0.001366448211437245
hedge,-29.5,0.04259145589071552,0.0011708999278053336
hedge,-28.5,0.042630996708844196,0.0008782935642938953
hedge,-27.5,0.04281831583426744,0.0007611656093520538
hedge,-26.5,0.042508056313065624,0.0006880739520257316
hedge,-25.5,0.042566438076999655,0.0008100066400582595
hedge,-24.5,0.04261875253680589,0.0011741705201530489
hedge,-23.5,0.04244451427005661,0.0008563615710855733
hedge,-22.5,0.04265157261984656,0.0009354231786160793
hedge,-21.5,0.04261203435487333,0.0007252661408918629
hedge,-20.5,0.042534003419984104,0.0007235980212695016
hedge,-19.5,0.04405507822436306,0.00033214373312137846
hedge,-18.5,0.03878057639513902,0.0005752578031075993
hedge,-17.5,0.03696486735141027,0.0002645326025499739
hedge,-16.5,0.036365110192666944,0.000527595188580565
hedge,-15.5,0.03632019601603716,0.0002533023882299926
hedge,-14.5,0.03630668014504056,0.00043283561945723584
hedge,-13.5,0.036190891798924124,0.00030018042456183495
hedge,-12.5,0.03616116839534579,0.0003468852666098531
hedge,-11.5,0.036136793818796135,0.0004577577610556633
hedge,-10.5,0.03615881284189367,0.0002639372184011981
hedge,-9.5,0.0362028099913935,0.0001647716581295
hedge,-8.5,0.036087479877764186,0.00041925453209829656
hedge,-7.5,0.03607296983456516,0.0002214948862022956
hedge,-6.5,0.03595831865746257,0.00039917250088785045
hedge,-5.5,0.036009451551287146,0.0003879943727208149
hedge,-4.5,0.03598482535243237,0.0005331913755204492
hedge,-3.5,0.03613752377765252,0.00046292356829395596
hedge,-2.5,0.035910196763699956,0.0004661481383611328
hedge,-1.5,0.03568916352101439,0.0004295522124888314
hedge,-0.5,0.03587871940599704,0.0006325087368844022
hedge,0.5,0.46321501007729954,0.02863832589191919
hedge,1.5,0.33428088322525285,0.024801141173220582
hedge,2.5,0.26481419274401596,0.019104178558099996
hedge,3.5,0.2262270689031539,0.0164485125457596
hedge,4.5,0.20693299892026804,0.014131720122215674
hedge,5.5,0.19468097722048444,0.013658736826330124
hedge,6.5,0.19025286471958966,0.013822558534868702
hedge,7.5,0.18713846016752417,0.013887459209272446
hedge,8.5,0.18502458649577544,0.012599358551281368
hedge,9.5,0.18623734793523622,0.013525280516120067
hedge,10.5,0.1844767517868658,0.011702220976562394
hedge,11.5,0.1845827536080809,0.014636067973005183
hedge,12.5,0.18455152286508028,0.014685516340680846
hedge,13.5,0.18409670337746192,0.014899249389264228
hedge,14.5,0.18391619993913638,0.014556143214210488
hedge,15.5,0.18464739226223192,0.016949315767304754
hedge,16.5,0.18388457873295044,0.014230111866802212
hedge,17.5,0.18386281595193552,0.012744131650228089
hedge,18.5,0.18244135046773485,0.014942946130786734
hedge,19.5,0.1830956753063971,0.016126467358797594
hedge,20.5,0.18402807364779633,0.01559877156228873
hedge,21.5,0.18303842681080368,0.01598601597694258
hedge,22.5,0.18559175606868145,0.013347602554096501
hedge,23.5,0.1829929815496564,0.015560191530883885
hedge,24.5,0.18437252365208429,0.013680180178691805
hedge,25.5,0.18284156426009393,0.013284341128016183
hedge,26.5,0.18369161944322043,0.014229947749951094
hedge,27.5,0.18298550592999013,0.012300137765950956
hedge,28.5,0.18224362365843766,0.014181336287042923
hedge,29.5,0.18264259162217458,0.014584905120007622
hedge,30.5,0.18385977627314948,0.014552042013331393
hedge,31.5,0.1832102294905762,0.014380822745049267
hedge,32.5,0.18281817199300973,0.015439743508994614
hedge,33.5,0.1823049247678374,0.014827855320197382
hedge,34.5,0.18334183867780002,0.012491538072288429
hedge,35.5,0.1831597980927469,0.0155342642931246
hedge,36.5,0.18332770353874822,0.013957044584905385
hedge,37.5,0.1829387648751422,0.0125111710229427
hedge,38.5,0.18317716128131548,0.014292592058652576
hedge,39.5,0.18292625836964665,0.01626467300321858
hedge,40.5,0.18656638124178887,0.013314306032099054
hedge,41.5,0.1426863772957513,0.01094416626343992
hedge,42.5,0.11454955104632189,0.009334043861520728
hedge,43.5,0.09727255170948695,0.0057352682740303305
hedge,44.5,0.09178851474736918,0.004844322936693637
hedge,45.5,0.08876093537162215,0.005251893622209503
hedge,46.5,0.0871740969511782,0.005886711957683779
hedge,47.5,0.08670144775857508,0.005856844469170109
hedge,48.5,0.0862414640113855,0.004929194988695908
hedge,49.5,0.08583797177355112,0.004667802002976301
hedge,50.5,0.08593051531014671,0.004513270280669016
hedge,51.5,0.08577769328340094,0.005493591713466331
hedge,52.5,0.08650763525520815,0.004971098194650997
hedge,53.5,0.08580976627853242,0.004270755247556648
hedge,54.5,0.08602870321224401,0.004453539339133729
hedge,55.5,0.08542397569513438,0.005172638504292138
hedge,56.5,0.08549730029284702,0.005061433901419032
hedge,57.5,0.08517077478829786,0.004706455683275355
hedge,58.5,0.08467916867140715,0.004762758581033758
hedge,59.5,0.08599322800805445,0.004904426298789632
hedge,60.5,0.08484811392635996,0.004572657636272241
hedge,61.5,0.08491716749703596,0.004722740085002367
hedge,62.5,0.0851843982487889,0.005523645283161262
hedge,63.5,0.08515438779070061,0.0046236073890016756
hedge,64.5,0.0860949275795425,0.0046988107477911045
hedge,65.5,0.08505884979084732,0.005056905870592183
hedge,66.5,0.0847174629646236,0.00578309566341866
hedge,67.5,0.0848073755880378,0.005892536032523335
hedge,68.5,0.08481889882547929,0.004946620475023849
hedge,69.5,0.08639237487854187,0.005279072604914431
hedge,70.5,0.08536961729140254,0.005356482867241947
hedge,71.5,0.08491107865721428,0.004415829063977588
hedge,72.5,0.08592903949028027,0.005577141896638931
hedge,73.5,0.08543689399839696,0.0058071329462483605
hedge,74.5,0.08476944922805418,0.004695737646194923
hedge,75.5,0.08519476533467345,0.003918352692550731
hedge,76.5,0.08458572331091073,0.004659019210595722
hedge,77.5,0.08494468607193259,0.005071217305142839
hedge,78.5,0.08546980512460904,0.005408150606355911
hedge,79.5,0.08540188499530785,0.00539105036495685
hedge,80.5,0.08488411561265091,0.004534479555074866
hedge,81.5,0.08485619906908264,0.004248609333786499
hedge,82.5,0.0852287120215482,0.004187746167551825
hedge,83.5,0.08485446986419763,0.0063052680346735255
hedge,84.5,0.08575266827733097,0.004688903859185425
hedge,85.5,0.08482106481033444,0.0037645849734546434
hedge,86.5,0.08541066969571871,0.003955007445196888
hedge,87.5,0.08521573970697643,0.005184654222545868
hedge,88.5,0.08531459667123865,0.005095196965445049
hedge,89.5,0.08463183630601982,0.003699116611966612
hedge,90.5,0.08526261904672049,0.005223813954356265
hedge,91.5,0.08535770014990197,0.0054256795371272854
hedge,92.5,0.08433248132868644,0.004699468386843897
hedge,93.5,0.08527886546011745,0.00526828607080891
hedge,94.5,0.08516601155090284,0.004875602965231208
hedge,95.5,0.08460344217282428,0.004629466878953918
hedge,96.5,0.08457012402835756,0.004969806477930241
hedge,97.5,0.08496280543192714,0.004008764086421211
hedge,98.5,0.08524515612126422,0.004661132380649114
hedge,99.5,0.08546647980980429,0.004000543783482201
hedge,100.5,0.08640279043150313,0.005698031347443802
hedge,101.5,0.0737028951807231,0.004213593183829494
hedge,102.5,0.06339525361189001,0.0033089628440978224
hedge,103.5,0.05740131440592222,0.0026127276030416327
hedge,104.5,0.05576914190023915,0.0012957292940423107
hedge,105.5,0.055167363230676836,0.0015958912275223852
hedge,106.5,0.05409580326318506,0.0018553210561934317
hedge,107.5,0.053744485434487024,0.002032373076921721
hedge,108.5,0.054322260202110374,0.002242846236820631
hedge,109.5,0.054118024320297574,0.0017859090744357785
hedge,110.5,0.053639838167125496,0.0011849254398324247
hedge,111.5,0.05345244708925252,0.0019311000403484794
hedge,112.5,0.05348948717077333,0.002085866016883998
hedge,113.5,0.05372320592167309,0.001605933685051866
hedge,114.5,0.053276832276478295,0.0010680024471297735
hedge,115.5,0.05352604398750983,0.0023132335598169853
hedge,116.5,0.05320584126555383,0.001806011321757861
hedge,117.5,0.05327680949951842,0.0013081535642932372
hedge,118.5,0.053272071545023746,0.0017974339917982347
hedge,119.5,0.05300543625312585,0.0023027612041900385
hedge,120.5,0.053538698966761986,0.0019032129540724491
hedge,121.5,0.05347964126093942,0.002431658250319944
hedge,122.5,0.05309782848781612,0.00224721150787552
hedge,123.5,0.05378923256830563,0.0020624565635131782
hedge,124.5,0.0536234082952346,0.0016037826239811948
hedge,125.5,0.05366930814115707,0.0013332809940033647
hedge,126.5,0.05397703252596148,0.0019111814040344184
hedge,127.5,0.053294057200069064,0.0020191475429169837
hedge,128.5,0.0530184592381859,0.0018267254246530013
hedge,129.5,0.05287581893121653,0.0018649887278300661
hedge,130.5,0.0533677801487852,0.002092707820748278
hedge,131.5,0.053142409913842004,0.001921900736481439
hedge,132.5,0.053803940940844654,0.0016073779713135499
hedge,133.5,0.05326570921044186,0.0018508442963860445
hedge,134.5,0.052779225525085204,0.0013599089729014779
hedge,135.5,0.053251124634748834,0.0012262838182255991
hedge,136.5,0.05320246289718185,0.0014542591499559366
hedge,137.5,0.053987226105450994,0.0010341689188287707
hedge,138.5,0.05322064383445622,0.0016888786737181037
hedge,139.5,0.053192412542803845,0.001973349241602934
hedge,140.5,0.054207432391634745,0.0021065726723984396
hedge,141.5,0.05329245566143953,0.002338078267197121
hedge,142.5,0.053776426042171234,0.0015435987057966615
hedge,143.5,0.053455729150800504,0.0012647642756359824
hedge,144.5,0.05374652994409947,0.0022187338087306724
hedge,145.5,0.05342993072067993,0.0020373580563148386
hedge,146.5,0.05346983844038421,0.0016694571007424787
hedge,147.5,0.0534579053199226,0.0017747425474159244
hedge,148.5,0.05349775149602173,0.0017232215115928183
hedge,149.5,0.05279197769851326,0.0016197702322721986
fixed_share,-29.5,0.04433841787897914,0.0005652877065974234
fixed_share,-28.5,0.04425663818683138,0.0005943994361680891
fixed_share,-27.5,0.04417024037117267,0.0007928947790245879
fixed_share,-26.5,0.044346209122081676,0.001200736986235845
fixed_share,-25.5,0.04413812451451522,0.0009036274053514936
fixed_share,-24.5,0.04408053826857135,0.0009595086360189923
fixed_share,-23.5,0.04413152544802444,0.0008464248707093919
fixed_share,-22.5,0.04398283733991721,0.00099173751052964
fixed_share,-21.5,0.04417823789024176,0.0006184199616359519
fixed_share,-20.5,0.04407060051148267,0.0009608331416050826
fixed_share,-19.5,0.045281156003208964,0.0009218640925046014
fixed_share,-18.5,0.03873580788935486,0.0002835059504321615
fixed_share,-17.5,0.03811651992195582,0.0005855676094895575
fixed_share,-16.5,0.0378430062035736,0.0005734676613789143
fixed_share,-15.5,0.03793193215867098,0.0007936183691404638
fixed_share,-14.5,0.03817168661235622,0.0006946688796290263
fixed_share,-13.5,0.038028663325144235,0.00017616030241918566
fixed_share,-12.5,0.03772964295236636,0.0001234216240360961
fixed_share,-11.5,0.03786771501083377,0.0003709955432057617
fixed_share,-10.5,0.03774657630954908,0.00038287299332697203
fixed_share,-9.5,0.03796266667634502,0.00037278038178246753
fixed_share,-8.5,0.03773631259776356,0.0003251143305163065
fixed_share,-7.5,0.037783612099734555,0.00026275236980885535
fixed_share,-6.5,0.03807862331524436,0.00018385081376306057
fixed_share,-5.5,0.037981907675085747,0.00026641074275436584
fixed_share,-4.5,0.0377021553201984,0.000590049010258203
fixed_share,-3.5,0.03766597691904803,0.0003730533953193468
fixed_share,-2.5,0.03786781984408333,0.000513361829176721
fixed_share,-1.5,0.03798868504538967,0.0005895181305750063
fixed_share,-0.5,0.03801721497228665,0.0004440583142990452
fixed_share,0.5,0.46805532531517374,0.024023738544252344
fixed_share,1.5,0.27535197558462243,0.013141493926557415
fixed_share,2.5,0.2175818827073061,0.006369148642523456
fixed_share,3.5,0.19884740119839278,0.00640986067351073
fixed_share,4.5,0.195286013542851,0.005543733615521218
fixed_share,5.5,0.18985181795202696,0.00863514057212112
fixed_share,6.5,0.1884145782663769,0.009794235886002214
fixed_share,7.5,0.1890398297236811,0.004742902919711055
fixed_share,8.5,0.19000096754179363,0.00610998171623448
fixed_share,9.5,0.18968753821607315,0.007671356987520375
fixed_share,10.5,0.18897559130560557,0.008842147112292984
fixed_share,11.5,0.19158073416421317,0.007810533382747508
fixed_share,12.5,0.18992772013627485,0.008056427913586814
fixed_share,13.5,0.19004387038224216,0.007560557192880607
fixed_share,14.5,0.18876805375760086,0.010486450151536868
fixed_share,15.5,0.18969968364938078,0.007352575017133714
fixed_share,16.5,0.18969288474625368,0.008255919212376802
fixed_share,17.5,0.1898529881663796,0.006396472097446871
fixed_share,18.5,0.1905315614212548,0.008646251045641836
fixed_share,19.5,0.1897339203923224,0.0076189982604540915
fixed_share,20.5,0.18985724994512104,0.007835682448661754
fixed_share,21.5,0.19048162799535,0.009187796492985636
fixed_share,22.5,0.18806154987541857,0.009267931644150481
fixed_share,23.5,0.19029739613731464,0.008630304484700634
fixed_share,24.5,0.18951606352597747,0.006064784220333484
fixed_share,25.5,0.19048283663403448,0.008466732727027155
fixed_share,26.5,0.18961747107634225,0.009373402204443436
fixed_share,27.5,0.19029790575971312,0.00800302739539979
fixed_share,28.5,0.18959280877395185,0.006664927995288326
fixed_share,29.5,0.18883468698710426,0.0106710210992427
fixed_share,30.5,0.1882323952586667,0.008011426061028688
fixed_share,31.5,0.18948551668566588,0.010683021097016975
fixed_share,32.5,0.19004522257358064,0.00831818936941097
fixed_share,33.5,0.18952899642994442,0.009068658968175249
fixed_share,34.5,0.19046392675863053,0.006521417617909555
fixed_share,35.5,0.1876198737382823,0.007252337661205922
fixed_share,36.5,0.18735478974016842,0.006474078595324653
fixed_share,37.5,0.1890954938871262,0.008496592704940934
fixed_share,38.5,0.18821190917023786,0.007740697682651196
fixed_share,39.5,0.1888319400990814,0.008980730556742826
fixed_share,40.5,0.1909363467370889,0.007722044728198209
fixed_share,41.5,0.12100872436918035,0.005240830984071026
fixed_share,42.5,0.10046070710595792,0.002354526706638037
fixed_share,43.5,0.09674853500601273,0.0036587818177974086
fixed_share,44.5,0.09644243081496792,0.003037391515345608
fixed_share,45.5,0.09458040696833928,0.0027809595653677343
fixed_share,46.5,0.0955416044864992,0.0037579814131369123
fixed_share,47.5,0.09582596521518773,0.0038700678193153595
fixed_share,48.5,0.09690107310797669,0.0034704727434989135
fixed_share,49.5,0.09520389999561102,0.004477111340381206
fixed_share,50.5,0.09490181094026243,0.004311553299453958
fixed_share,51.5,0.0954220253497926,0.002768170090006314
fixed_share,52.5,0.09516319336185804,0.0035713421759318584
fixed_share,53.5,0.09403713764434427,0.0028582504578650897
fixed_share,54.5,0.09557464357286263,0.005100352669948217
fixed_share,55.5,0.09553435064938037,0.0023388501299692055
fixed_share,56.5,0.09577958733711565,0.002945862684684731
fixed_share,57.5,0.09481275926207614,0.004239631265342547
fixed_share,58.5,0.09464707093119948,0.0030750961202886513
fixed_share,59.5,0.09527286593144607,0.004338924392853782
fixed_share,60.5,0.09586555496194481,0.004266560673735259
fixed_share,61.5,0.09436420270931697,0.00299177646894788
fixed_share,62.5,0.09595945699898802,0.003625595038941176
fixed_share,63.5,0.09412104256259779,0.0025894918808135802
fixed_share,64.5,0.09625156676567906,0.004252262799304997
fixed_share,65.5,0.09495969477234001,0.003592312990780314
fixed_share,66.5,0.09542882233978782,0.0038523721637477985
fixed_share,67.5,0.09506215314932742,0.003554419138741688
fixed_share,68.5,0.09560351264802555,0.0016123822394223004
fixed_share,69.5,0.09566177263458828,0.003919070666066118
fixed_share,70.5,0.09432299267630626,0.004873111398093767
fixed_share,71.5,0.09624654674579394,0.0027336144635812004
fixed_share,72.5,0.09534318382670084,0.004101758316780513
fixed_share,73.5,0.09658822161489991,0.004622903100031148
fixed_share,74.5,0.0957908181819989,0.0016834430403030833
fixed_share,75.5,0.09532184893873623,0.002995853544950992
fixed_share,76.5,0.09593158657220918,0.0028370786187933124
fixed_share,77.5,0.09450809003983247,0.002871755091994428
fixed_share,78.5,0.09507987451531667,0.0037828692572468574
fixed_share,79.5,0.09624836696038398,0.003907562522856402
fixed_share,80.5,0.09461188963087855,0.0018658567715979701
fixed_share,81.5,0.09453432574582932,0.004087222236216094
fixed_share,82.5,0.09510132617173829,0.0031641353091837136
fixed_share,83.5,0.09431973232522221,0.0026902921332256718
fixed_share,84.5,0.09571586951388278,0.0033771221951002647
fixed_share,85.5,0.09581719406943769,0.0030741326998956616
fixed_share,86.5,0.09516021382762326,0.0034033810013454936
fixed_share,87.5,0.09696507957593217,0.0032718066172896213
fixed_share,88.5,0.09549488579439956,0.002549251552754327
fixed_share,89.5,0.09696743891951379,0.0020141424493540865
fixed_share,90.5,0.09597862589903046,0.004485489560430399
fixed_share,91.5,0.0956229965131511,0.004307716600010635
fixed_share,92.5,0.09565011685542953,0.0026407814564068577
fixed_share,93.5,0.0943084938173651,0.0020935675349083222
fixed_share,94.5,0.09666231906471205,0.004574214916312427
fixed_share,95.5,0.09699961801404085,0.0033741939583426203
fixed_share,96.5,0.09621476254421557,0.007351993488368764
fixed_share,97.5,0.0965202542990384,0.002833060014875404
fixed_share,98.5,0.09544920255713987,0.002413587430745435
fixed_share,99.5,0.09730239815071728,0.004075595465611738
fixed_share,100.5,0.09562814375093492,0.0018391642004741244
fixed_share,101.5,0.07492558919649134,0.0015897099483113354
fixed_share,102.5,0.06838400232271451,0.003360324512363652
fixed_share,103.5,0.06700912417642885,0.003403290342718895
fixed_share,104.5,0.0666467010944897,0.0016140741304396737
fixed_share,105.5,0.06671843916600764,0.003074990997440732
fixed_share,106.5,0.06911260752557233,0.0028655394044996628
fixed_share,107.5,0.06834904413148403,0.0018418069797513687
fixed_share,108.5,0.06838862412817158,0.003128614970270516
fixed_share,109.5,0.06827337904161258,0.002186173339377292
fixed_share,110.5,0.06853630300758619,0.003240560253665205
fixed_share,111.5,0.06659290601417811,0.003596383510744175
fixed_share,112.5,0.06895022328138846,0.004496351265321298
fixed_share,113.5,0.06843782894972897,0.003246695232322942
fixed_share,114.5,0.06967988194496692,0.0014144901929331371
fixed_share,115.5,0.06775095499710662,0.0014780195431784184
fixed_share,116.5,0.06908835396163455,0.002667070657670172
fixed_share,117.5,0.06767338576988816,0.0035098616475271386
fixed_share,118.5,0.06906801181834216,0.0021570742928300533
fixed_share,119.5,0.06977918968689807,0.00268117532448768
fixed_share,120.5,0.06898420661011692,0.0017167282696371464
fixed_share,121.5,0.06944467216883027,0.0037736253068682544
fixed_share,122.5,0.06888692837275648,0.0022949864638675825
fixed_share,123.5,0.07028962135422015,0.001517610547071872
fixed_share,124.5,0.06763670924530363,0.002259837724312216
fixed_share,125.5,0.0695751832687752,0.0023791242623418087
fixed_share,126.5,0.06851536388159499,0.003345473512947584
fixed_share,127.5,0.06893120035434389,0.002029656933719066
fixed_share,128.5,0.07052702120904863,0.003435788369904997
fixed_share,129.5,0.06855556479579876,0.0028680099594927616
fixed_share,130.5,0.06902723096883823,0.0017855953595926754
fixed_share,131.5,0.0702525316333621,0.005083474362665948
fixed_share,132.5,0.06933921252138145,0.0031168157544205813
fixed_share,133.5,0.06915809220635796,0.002833415775910148
fixed_share,134.5,0.0695458371352898,0.003864178218657173
fixed_share,135.5,0.06936738095552084,0.0025206542172007945
fixed_share,136.5,0.0691944171144534,0.002075920561394359
fixed_share,137.5,0.0705157716621537,0.002034896595610121
fixed_share,138.5,0.06822804967461477,0.0036191179654388233
fixed_share,139.5,0.07057849634650463,0.004058888477976739
fixed_share,140.5,0.06979918095028943,0.003142392915891648
fixed_share,141.5,0.07016429422265816,0.0035811149493553103
fixed_share,142.5,0.06994409353653616,0.0030487396693039855
fixed_share,143.5,0.07144024234283985,0.0033361234753779678
fixed_share,144.5,0.06924435022076589,0.002574111703859526
fixed_share,145.5,0.06899048515482221,0.0020482312632699264
fixed_share,146.5,0.07049538103021451,0.0034456079413869873
fixed_share,147.5,0.06850803204364149,0.0017220096681775324
fixed_share,148.5,0.06940592770757052,0.0028627460570991134
fixed_share,149.5,0.07056412174958658,0.0027870031651738804
vanilla,-29.5,0.1867189738015561,0.002296256151924116
vanilla,-28.5,0.18784619041519462,0.002981783646812156
vanilla,-27.5,0.18802291368726223,0.004020983732026527
vanilla,-26.5,0.18734898751899967,0.0034080390266141396
vanilla,-25.5,0.1877981727624557,0.0032186735028362744
vanilla,-24.5,0.18708588904519755,0.0028870821930243643
vanilla,-23.5,0.1876795703191868,0.002914599077016484
vanilla,-22.5,0.1868775700124737,0.0027143170101882113
vanilla,-21.5,0.18759575746085005,0.0035159768275613017
vanilla,-20.5,0.18693354469150847,0.0024645016471843105
vanilla,-19.5,0.19178276642493033,0.0058323001983830915
vanilla,-18.5,0.19259905708207353,0.006101723086673021
vanilla,-17.5,0.1921177791350337,0.004881461714313927
vanilla,-16.5,0.19261036090141764,0.005518727571609628
vanilla,-15.5,0.19230725784197653,0.00621105248179474
vanilla,-14.5,0.19173642469268243,0.006358621889241266
vanilla,-13.5,0.19153354152199484,0.005179089077298532
vanilla,-12.5,0.19219854202881298,0.004094538344313322
vanilla,-11.5,0.19146777635739093,0.0055778118959405815
vanilla,-10.5,0.1921126164677332,0.005915935191159158
vanilla,-9.5,0.19190021645943553,0.005884454993047616
vanilla,-8.5,0.1924187656263469,0.00605500061224722
vanilla,-7.5,0.19262835345859303,0.0060725666659978
vanilla,-6.5,0.19192663805690166,0.005416251786841467
vanilla,-5.5,0.1914866063558596,0.004570357447034053
vanilla,-4.5,0.19157874326837734,0.006344064443250408
vanilla,-3.5,0.19180993949744823,0.0051989554125479575
vanilla,-2.5,0.19121859813627431,0.006700906267668847
vanilla,-1.5,0.19172772284510317,0.005394863219328893
vanilla,-0.5,0.19244246898977135,0.005892890543034097
vanilla,0.5,0.6764717030433455,0.06175215092588199
vanilla,1.5,0.6759474386693733,0.06710970391407088
vanilla,2.5,0.6765089645680924,0.06410635652590281
vanilla,3.5,0.6752746755857321,0.059709492418147346
vanilla,4.5,0.6782505408253496,0.06182579963196115
vanilla,5.5,0.6781059985830474,0.0626695456816199
vanilla,6.5,0.6753106358593399,0.05960868117785954
vanilla,7.5,0.6798178366034587,0.06195580194411333
vanilla,8.5,0.6773986841757424,0.06390772914503566
vanilla,9.5,0.6746318374874072,0.06276918326789288
vanilla,10.5,0.6778437515522404,0.06896591356562926
vanilla,11.5,0.6777088275190224,0.0671731150181463
vanilla,12.5,0.676621785900747,0.06356542819253254
vanilla,13.5,0.6782214593257645,0.0638888556969754
vanilla,14.5,0.6771859560412116,0.06424977735549756
vanilla,15.5,0.6712572962057708,0.06022390193160704
vanilla,16.5,0.6768835603535017,0.06405240553014788
vanilla,17.5,0.6779683544514681,0.06099107009491173
vanilla,18.5,0.6763773980471091,0.0603045201352911
vanilla,19.5,0.6734087639724153,0.0626900716363648
vanilla,20.5,0.6779923222730113,0.06374194718806274
vanilla,21.5,0.675838184402952,0.06269528727690808
vanilla,22.5,0.6769391577341891,0.06318518391455706
vanilla,23.5,0.6730976418127781,0.06729487758209471
vanilla,24.5,0.6816332121785871,0.06673375936200962
vanilla,25.5,0.6789985076415751,0.06304194650771132
vanilla,26.5,0.6760992195840883,0.07046489492471296
vanilla,27.5,0.679946909080883,0.05756839995889464
vanilla,28.5,0.6752315777838649,0.057575646188047384
vanilla,29.5,0.6768611498233599,0.06646014255642389
vanilla,30.5,0.6785880497936181,0.0637277943667387
vanilla,31.5,0.6794506330958504,0.06494106413538399
vanilla,32.5,0.6766449781675237,0.06431676964506776
vanilla,33.5,0.6787689713553642,0.058160471587546676
vanilla,34.5,0.6796725253683812,0.06292519735881362
vanilla,35.5,0.6777349672768003,0.06281416747298939
vanilla,36.5,0.6772659538002539,0.06521694312991624
vanilla,37.5,0.6815679968326126,0.06491816034879042
vanilla,38.5,0.6774222195453257,0.0647516905047045
vanilla,39.5,0.672759211756869,0.05614199647493743
vanilla,40.5,0.18562092818973042,0.010303422019312943
vanilla,41.5,0.1850184192381646,0.010243786530085926
vanilla,42.5,0.18434720753940942,0.010995729540762708
vanilla,43.5,0.18487215603963375,0.010294681801690539
vanilla,44.5,0.18370833895963928,0.01050331731694839
vanilla,45.5,0.1850858782295349,0.010267667596135094
vanilla,46.5,0.18493774365003135,0.00995517311746468
vanilla,47.5,0.18429244880405865,0.010802213491054013
vanilla,48.5,0.1854541474732827,0.011515734975205433
vanilla,49.5,0.18453943435527687,0.011013386680555518
vanilla,50.5,0.18496604898346145,0.00967581539270402
vanilla,51.5,0.18499074602348722,0.010369790918241507
vanilla,52.5,0.18515251017002168,0.01111893953324035
vanilla,53.5,0.1855622402904266,0.010380555117359412
vanilla,54.5,0.18516932165506683,0.010975459249365936
vanilla,55.5,0.18511581948609784,0.010848244983604174
vanilla,56.5,0.1845070712249048,0.011961892566898894
vanilla,57.5,0.18524232088147236,0.011887216248284047
vanilla,58.5,0.183932923910949,0.009944407313984382
vanilla,59.5,0.18457868735368693,0.009590016810615692
vanilla,60.5,0.18416070649544752,0.010891995083598083
vanilla,61.5,0.1845723134049114,0.01016499772719995
vanilla,62.5,0.18519811311883563,0.010605078453305529
vanilla,63.5,0.18430698992160102,0.010161588336969202
vanilla,64.5,0.18503783094463327,0.011063107035198515
vanilla,65.5,0.18479221055662837,0.010310876193579684
vanilla,66.5,0.18582322515740946,0.009791512947624625
vanilla,67.5,0.1849823940619208,0.010654810425481307
vanilla,68.5,0.18474996557198192,0.009632183803111182
vanilla,69.5,0.18575147178735318,0.010261819497630602
vanilla,70.5,0.18595671988032475,0.009799377483250583
vanilla,71.5,0.18394792689140366,0.011251249958327643
vanilla,72.5,0.18472189779293158,0.010527491421638172
vanilla,73.5,0.18439503527838763,0.010396224418389168
vanilla,74.5,0.1847648627803418,0.01006575105876111
vanilla,75.5,0.1850460386105433,0.010790755584745643
vanilla,76.5,0.18417522462096395,0.010316245319518517
vanilla,77.5,0.18459325834761758,0.01071086273224955
vanilla,78.5,0.18462614792006288,0.01015982845567335
vanilla,79.5,0.18404465811108975,0.011864689312001764
vanilla,80.5,0.1860008385948673,0.00882098899576032
vanilla,81.5,0.18493790776948912,0.011804623415075757
vanilla,82.5,0.18479721736416518,0.01059029589808975
vanilla,83.5,0.18456275205658867,0.0108672085561892
vanilla,84.5,0.18585124530494734,0.011261825010986971
vanilla,85.5,0.18509592209172293,0.010272619949241066
vanilla,86.5,0.18287720075072664,0.010868655872704223
vanilla,87.5,0.18480886829471183,0.011268018372606742
vanilla,88.5,0.1846312403562292,0.010001499879834662
vanilla,89.5,0.1838588242531246,0.010489481144171276
vanilla,90.5,0.18513809065493828,0.009728905562931314
vanilla,91.5,0.1850713759770845,0.010453658435793522
vanilla,92.5,0.1854278525370407,0.010111541912568295
vanilla,93.5,0.18506587144813028,0.010137058034542143
vanilla,94.5,0.18368579042066274,0.01053827407475936
vanilla,95.5,0.1846853678917773,0.011041882225542752
vanilla,96.5,0.18494344057021833,0.009403496625094052
vanilla,97.5,0.18562459976574186,0.00934701659298179
vanilla,98.5,0.18567171357102027,0.010210569859818608
vanilla,99.5,0.18477747078876386,0.010654032925962509
vanilla,100.5,0.1848734731559856,0.006737123734837487
vanilla,101.5,0.18539687398569032,0.0075659444983735774
vanilla,102.5,0.18487851666379357,0.007062315142073502
vanilla,103.5,0.18555863549637486,0.005898610252609531
vanilla,104.5,0.18474516015606532,0.006616728825619792
vanilla,105.5,0.18569582508549154,0.0057444279042265615
vanilla,106.5,0.1856257944052336,0.005788725351314459
vanilla,107.5,0.18471861534601416,0.005507330173230416
vanilla,108.5,0.18522617312029077,0.008390594229013018
vanilla,109.5,0.18482960308946522,0.006850926036993169
vanilla,110.5,0.18482610377077657,0.006993127589459034
vanilla,111.5,0.18416245335726106,0.007258898751633209
vanilla,112.5,0.18489135791623618,0.006990363322028024
vanilla,113.5,0.18515984046434567,0.007445845332711058
vanilla,114.5,0.18469864915707804,0.005157708094935508
vanilla,115.5,0.1853354236446781,0.007401429953271241
vanilla,116.5,0.18531210846841542,0.007035064033031459
vanilla,117.5,0.18421594857794946,0.006429063757885918
vanilla,118.5,0.1848412700257916,0.006933372048290695
vanilla,119.5,0.18520245232835195,0.0069440120573014755
vanilla,120.5,0.18616589710124348,0.0060673120172057855
vanilla,121.5,0.18498348350789648,0.007002082568999403
vanilla,122.5,0.18504433220191896,0.007925547743936884
vanilla,123.5,0.18441940018070263,0.005802702342644439
vanilla,124.5,0.18484467190209514,0.006519681873591938
vanilla,125.5,0.18481309809502416,0.006846063428292644
vanilla,126.5,0.1849520974463888,0.006521215560508909
vanilla,127.5,0.18556530042136196,0.0068407252228427215
vanilla,128.5,0.18532895089220452,0.006185571373097378
vanilla,129.5,0.18562879136800808,0.006830843004593965
vanilla,130.5,0.1854813504467982,0.0072846003217032955
vanilla,131.5,0.1855910986822044,0.00802248105967323
vanilla,132.5,0.18467160719526277,0.006563009655504091
vanilla,133.5,0.18547190898262844,0.008481797737469187
vanilla,134.5,0.18459501544249166,0.007280797543794293
vanilla,135.5,0.1862176381023177,0.00585049663123261
vanilla,136.5,0.18444930716194657,0.005585263443246203
vanilla,137.5,0.18542976858420204,0.006436237375405348
vanilla,138.5,0.18443803898531036,0.006597761336739812
vanilla,139.5,0.18453078811849788,0.007201787874387912
vanilla,140.5,0.1848976847219635,0.006634160962828981
vanilla,141.5,0.1847397993537288,0.006251809739722349
vanilla,142.5,0.1845047267149417,0.006966576137159511
vanilla,143.5,0.18513757300922437,0.00758389999029784
vanilla,144.5,0.18462087828304963,0.007600484609405036
vanilla,145.5,0.18523873818044295,0.006599274157845311
vanilla,146.5,0.18521740971366488,0.007207340219922953
vanilla,147.5,0.1848155211385056,0.007051399640314343
vanilla,148.5,0.18472654464084276,0.006755556636076875
vanilla,149.5,0.1843062981212183,0.006778161651102699
lag_oracle,-29.5,0.008489667567730818,0.0005213131616939685
lag_oracle,-28.5,0.008366456796527432,0.0001449757903753555
lag_oracle,-27.5,0.008476917854367898,0.000295305130644355
lag_oracle,-26.5,0.008403534129892972,0.0001271498563600059
lag_oracle,-25.5,0.008320150173491837,0.00016332364306533703
lag_oracle,-24.5,0.008478043691524797,0.00028455139858235437
lag_oracle,-23.5,0.008488382202091456,0.0002201120047684457
lag_oracle,-22.5,0.008489631728442163,0.0001619265254324033
lag_oracle,-21.5,0.008427616118509855,0.00017194900647777588
lag_oracle,-20.5,0.008332767027034789,0.0003262014622096377
lag_oracle,-19.5,0.008383084321788269,0.0001003732574838689
lag_oracle,-18.5,0.008360848480748504,0.0004702822899765432
lag_oracle,-17.5,0.008439995578004655,0.0002526145184034136
lag_oracle,-16.5,0.00846358604064122,0.0003332111938509591
lag_oracle,-15.5,0.008386032977401236,0.0004009092190271832
lag_oracle,-14.5,0.008361465301706752,0.0001753238097046056
lag_oracle,-13.5,0.008360529569495444,0.00017439977902582003
lag_oracle,-12.5,0.008340347471709716,6.471925362688288e-05
lag_oracle,-11.5,0.008432679658174461,0.00021944674458923544
lag_oracle,-10.5,0.008449004528334053,0.00023530033121243443
lag_oracle,-9.5,0.008582586407770845,0.0002557528037314006
lag_oracle,-8.5,0.008354048991337975,0.00016551246223606844
lag_oracle,-7.5,0.008424470427245338,0.00034242433956958174
lag_oracle,-6.5,0.008454103680940312,0.000300264872885558
lag_oracle,-5.5,0.008483413839792866,0.0002676650149539714
lag_oracle,-4.5,0.008432946995650389,0.00031728948852841266
lag_oracle,-3.5,0.008392407527618767,0.0001629160677799996
lag_oracle,-2.5,0.00848998996840978,0.0003595690521264769
lag_oracle,-1.5,0.008530172540703318,0.00023946296165647653
lag_oracle,-0.5,0.008598968964309051,0.0003694173021814382
lag_oracle,0.5,0.4297323249506967,0.035878234645574915
lag_oracle,1.5,0.4294641474701276,0.03514984608585522
lag_oracle,2.5,0.430509526224347,0.03531493893015256
lag_oracle,3.5,0.43046011432911674,0.035012741738539285
lag_oracle,4.5,0.43243362064141033,0.03529078291118138
lag_oracle,5.5,0.4291407721472623,0.03763451682890187
lag_oracle,6.5,0.4297697071653051,0.03519699679831251
lag_oracle,7.5,0.43060821956754464,0.03428918609728336
lag_oracle,8.5,0.42932187330049326,0.03208394902852306
lag_oracle,9.5,0.42958660437733354,0.0346018439806227
lag_oracle,10.5,0.43038183812838815,0.032641388554127765
lag_oracle,11.5,0.4295624263257022,0.03006310880751964
lag_oracle,12.5,0.4314907818317469,0.037539484924343725
lag_oracle,13.5,0.43005118150588917,0.030859925245267886
lag_oracle,14.5,0.4298903876231039,0.03353748607830299
lag_oracle,15.5,0.42597023007046547,0.033996224579114116
lag_oracle,16.5,0.4302670362143582,0.03637572012345884
lag_oracle,17.5,0.43283912708522954,0.03435537069927926
lag_oracle,18.5,0.42908307035220145,0.037653626933426436
lag_oracle,19.5,0.4310913679857187,0.032960681899712144
lag_oracle,20.5,0.43333242882411194,0.03345468271806807
lag_oracle,21.5,0.4299430531389607,0.03308530122815216
lag_oracle,22.5,0.4262135214406711,0.03453858952921604
lag_oracle,23.5,0.4305105967498163,0.03783920447363985
lag_oracle,24.5,0.43149988873364026,0.032057738914671535
lag_oracle,25.5,0.4291891353441448,0.03350985250664751
lag_oracle,26.5,0.4290376572249036,0.03639227074391027
lag_oracle,27.5,0.4323470025142197,0.035489820506085436
lag_oracle,28.5,0.431687676528228,0.033585672662506
lag_oracle,29.5,0.42892132056184007,0.032688507423657365
lag_oracle,30.5,0.43065680929840366,0.031181258530175497
lag_oracle,31.5,0.4306462139595052,0.03103184355982334
lag_oracle,32.5,0.4288467937623361,0.03378873833572694
lag_oracle,33.5,0.427759271055517,0.034088423101732275
lag_oracle,34.5,0.42900983908896057,0.03472738623309335
lag_oracle,35.5,0.42939504495876823,0.03232175678538438
lag_oracle,36.5,0.43027936371083364,0.03021711784637766
lag_oracle,37.5,0.4293015515852486,0.03784600756852121
lag_oracle,38.5,0.4287289405354294,0.03225968279323542
lag_oracle,39.5,0.4306873784671379,0.036292382997587275
lag_oracle,40.5,0.006939690621622918,0.00025748668302514265
lag_oracle,41.5,0.0069945542415840905,0.00043466086411412684
lag_oracle,42.5,0.00681034510570538,0.0005005663407085434
lag_oracle,43.5,0.006907216627747492,0.00044839232804078517
lag_oracle,44.5,0.0069945188720692926,0.0005042781065750784
lag_oracle,45.5,0.007035809616768321,0.0002259350064483299
lag_oracle,46.5,0.006963181319578464,0.00020853019988689077
lag_oracle,47.5,0.0068884026993906765,0.00015589165755776398
lag_oracle,48.5,0.007143574105951485,0.000311136612607603
lag_oracle,49.5,0.0069623891886701665,0.000419005712887947
lag_oracle,50.5,0.007027205993057203,0.0005256798165688627
lag_oracle,51.5,0.0070622200867182326,0.00026153023242799514
lag_oracle,52.5,0.006889347705813229,0.0003085899977968391
lag_oracle,53.5,0.006912322814223168,0.00018898057992033083
lag_oracle,54.5,0.007049489851067155,0.000353896465448338
lag_oracle,55.5,0.007054056136599121,0.00038099956768540625
lag_oracle,56.5,0.006945409201531712,0.0004695604005573278
lag_oracle,57.5,0.006760624133379345,0.0003490823934852859
lag_oracle,58.5,0.006817230293025027,0.000301404359115638
lag_oracle,59.5,0.006940495898062338,0.0002095446185132625
lag_oracle,60.5,0.00698427264999193,0.0004333922454999241
lag_oracle,61.5,0.0069506670758733066,0.00039858627848465925
lag_oracle,62.5,0.006932600778306907,0.00034030838275473074
lag_oracle,63.5,0.006995630698721829,0.00028416260833091236
lag_oracle,64.5,0.006961762598489995,0.00030170086216657377
lag_oracle,65.5,0.006987833788777142,0.0003112963103411713
lag_oracle,66.5,0.006902244302954823,0.0004723304977168394
lag_oracle,67.5,0.006888369083810682,0.0002716439892284606
lag_oracle,68.5,0.006983228188497563,0.0004230687937969634
lag_oracle,69.5,0.0070591771615039645,0.0004853139582411057
lag_oracle,70.5,0.006933424523052396,0.00021987074773826155
lag_oracle,71.5,0.006918808002061587,0.0004490689144503517
lag_oracle,72.5,0.006997808472626136,0.0004474621655437247
lag_oracle,73.5,0.006918954893261849,0.0003923055574545314
lag_oracle,74.5,0.00695466578236034,0.0002706913122703344
lag_oracle,75.5,0.006865373104745864,0.0005256699178725101
lag_oracle,76.5,0.007013107117462014,0.00043923745078785565
lag_oracle,77.5,0.007041824671859949,0.00021655969236620933
lag_oracle,78.5,0.006866981381798673,0.00045609413638902143
lag_oracle,79.5,0.007047253414819798,0.0003693849411288584
lag_oracle,80.5,0.006907407778100163,0.00030975609161532796
lag_oracle,81.5,0.006937800639869099,0.0002181194643837792
lag_oracle,82.5,0.006979248225024551,0.0004952009131835695
lag_oracle,83.5,0.006824883819663796,0.0002840523344766161
lag_oracle,84.5,0.007063320688803701,0.0003034122335212236
lag_oracle,85.5,0.007014376096860117,0.00025274884259223927
lag_oracle,86.5,0.0067846046465117535,0.000289599537531636
lag_oracle,87.5,0.007036280284398741,0.0003686151319472392
lag_oracle,88.5,0.006895352626470015,0.000534531662920302
lag_oracle,89.5,0.0069558469330170515,0.0005955456714863027
lag_oracle,90.5,0.007047444579501275,0.00019766052908844407
lag_oracle,91.5,0.006987814502011432,0.0002645097057019376
lag_oracle,92.5,0.00691046479853028,0.00019463150178012986
lag_oracle,93.5,0.006925200972377676,0.000540669159004931
lag_oracle,94.5,0.006867302215507442,0.0005235604667480439
lag_oracle,95.5,0.006977863680413065,0.00030919802122838017
lag_oracle,96.5,0.00688854733569279,0.00017647601771841046
lag_oracle,97.5,0.006898880360598122,0.0003356391427583207
lag_oracle,98.5,0.006988777593635513,0.0004435949472343404
lag_oracle,99.5,0.006852306743074199,0.00046311917567419677
lag_oracle,100.5,0.006952552950618954,0.0004775369087703595
lag_oracle,101.5,0.007018265392970857,0.00046032491840926923
lag_oracle,102.5,0.006948889359878534,0.00027122957432343153
lag_oracle,103.5,0.0069140875672395324,0.00035335797508171887
lag_oracle,104.5,0.006942407271675559,0.00034366276086925443
lag_oracle,105.5,0.0068627901670318915,0.0002429304233774835
lag_oracle,106.5,0.0069361238776338196,0.0002941496555790775
lag_oracle,107.5,0.006847349002044631,0.0003326592139472202
lag_oracle,108.5,0.007118611635612759,0.0003369240120062886
lag_oracle,109.5,0.006912076857913449,0.0002892723852433151
lag_oracle,110.5,0.006994055313304814,0.0004198324295803847
lag_oracle,111.5,0.00695620822773649,0.00025508490735323604
lag_oracle,112.5,0.006865237320671516,0.0002417485426278947
lag_oracle,113.5,0.007051507595707636,0.00047641794144842673
lag_oracle,114.5,0.006940233851088884,0.0001706745906548862
lag_oracle,115.5,0.006980520011096827,0.00021237640018446381
lag_oracle,116.5,0.007042253695632059,0.00020617942211448932
lag_oracle,117.5,0.006854166652852862,0.0002459559656526814
lag_oracle,118.5,0.006779686546040204,0.0002952683049970075
lag_oracle,119.5,0.0069024144589532625,0.00039494810969114533
lag_oracle,120.5,0.007038521482079951,0.0002901926724345365
lag_oracle,121.5,0.0068154641502188975,0.0002690312643935564
lag_oracle,122.5,0.007045774826201226,0.0002967796524585884
lag_oracle,123.5,0.007004859984589477,0.0002444988918584559
lag_oracle,124.5,0.006893105309827163,0.00023877862833449813
lag_oracle,125.5,0.006973275395999952,0.00039700612976338394
lag_oracle,126.5,0.006937022501096943,0.00026374085115969887
lag_oracle,127.5,0.0069469865686963145,0.00011129146747522002
lag_oracle,128.5,0.007029758624453526,0.000293685980877223
lag_oracle,129.5,0.006980318888337123,0.00024760725805144203
lag_oracle,130.5,0.007048213434509942,0.00037468764404685774
lag_oracle,131.5,0.006937260159353238,0.00018488648531322515
lag_oracle,132.5,0.007036594071367963,0.00040202994238294976
lag_oracle,133.5,0.00702471305476781,0.00023706528754248546
lag_oracle,134.5,0.007007720688936861,0.0002977844950603855
lag_oracle,135.5,0.006946446000049818,0.0003846311273386451
lag_oracle,136.5,0.006981399215566257,0.0005820059554364931
lag_oracle,137.5,0.00702280915414868,0.00037392375206241713
lag_oracle,138.5,0.007137064918690905,0.00044423100356675167
lag_oracle,139.5,0.006975371865601968,0.00036692441589578794
lag_oracle,140.5,0.007002101597004326,0.00034268655211019885
lag_oracle,141.5,0.006976677400631688,0.0004243595994744302
lag_oracle,142.5,0.0070599361974565,0.00025973243116118817
lag_oracle,143.5,0.00693105777015004,0.0003463466971142341
lag_oracle,144.5,0.007036052823184995,0.00039228716085671256
lag_oracle,145.5,0.007034043878690548,0.00034790000118610953
lag_oracle,146.5,0.007058190462205549,0.0003649301831447574
lag_oracle,147.5,0.006926858322591309,0.0002808149814082307
lag_oracle,148.5,0.007043129852227881,0.0003557930741524989
lag_oracle,149.5,0.006899499313593091,0.0003031787279376165
oracle,-29.5,0.008489667567730818,0.0005213131616939685
oracle,-28.5,0.008366456796527432,0.0001449757903753555
oracle,-27.5,0.008476917854367898,0.000295305130644355
oracle,-26.5,0.008403534129892972,0.0001271498563600059
oracle,-25.5,0.008320150173491837,0.00016332364306533703
oracle,-24.5,0.008478043691524797,0.00028455139858235437
oracle,-23.5,0.008488382202091456,0.0002201120047684457
oracle,-22.5,0.008489631728442163,0.0001619265254324033
oracle,-21.5,0.008427616118509855,0.00017194900647777588
oracle,-20.5,0.008332767027034789,0.0003262014622096377
oracle,-19.5,0.008383084321788269,0.0001003732574838689
oracle,-18.5,0.008360848480748504,0.0004702822899765432
oracle,-17.5,0.008439995578004655,0.0002526145184034136
oracle,-16.5,0.00846358604064122,0.0003332111938509591
oracle,-15.5,0.008386032977401236,0.0004009092190271832
oracle,-14.5,0.008361465301706752,0.0001753238097046056
oracle,-13.5,0.008360529569495444,0.00017439977902582003
oracle,-12.5,0.008340347471709716,6.471925362688288e-05
oracle,-11.5,0.008432679658174461,0.00021944674458923544
oracle,-10.5,0.008449004528334053,0.00023530033121243443
oracle,-9.5,0.008582586407770845,0.0002557528037314006
oracle,-8.5,0.008354048991337975,0.00016551246223606844
oracle,-7.5,0.008424470427245338,0.00034242433956958174
oracle,-6.5,0.008454103680940312,0.000300264872885558
oracle,-5.5,0.008483413839792866,0.0002676650149539714
oracle,-4.5,0.008432946995650389,0.00031728948852841266
oracle,-3.5,0.008392407527618767,0.0001629160677799996
oracle,-2.5,0.00848998996840978,0.0003595690521264769
oracle,-1.5,0.008530172540703318,0.00023946296165647653
oracle,-0.5,0.008598968964309051,0.0003694173021814382
oracle,0.5,0.006976243304566136,0.0002797288538244471
oracle,1.5,0.007000600075584599,0.00013266070356384463
oracle,2.5,0.006885257172837056,0.00037853528056766984
oracle,3.5,0.006913855933604637,0.00028149298382433775
oracle,4.5,0.007003346119524925,0.0003804301473407409
oracle,5.5,0.007041128707005832,0.00025106717024414517
oracle,6.5,0.006860753107465804,0.00029227933039267876
oracle,7.5,0.006970187154635413,0.00048562104053562986
oracle,8.5,0.006881734294234265,0.0001861684115996519
oracle,9.5,0.006968453008514482,0.0003652933784058109
oracle,10.5,0.006938174733464905,0.0002658228558429413
oracle,11.5,0.00712810280779447,0.00038172020433936596
oracle,12.5,0.007028945443037152,0.00022430384958218222
oracle,13.5,0.006983334412124546,0.0004270293567671137
oracle,14.5,0.006918143364424823,0.0004856709710941686
oracle,15.5,0.0069906139892376516,0.00023799125123137886
oracle,16.5,0.006848170920699588,0.0003519654759016569
oracle,17.5,0.006984186285754405,0.000464994505739503
oracle,18.5,0.0070529646858155685,0.0002558687933254021
oracle,19.5,0.006928072872614004,0.00037850617640426416
oracle,20.5,0.006888762241512225,0.000491212199367671
oracle,21.5,0.00696522417796616,0.00032280588034870784
oracle,22.5,0.006988366629088964,0.00030196437670464805
oracle,23.5,0.006969357818465504,0.00025074323984381863
oracle,24.5,0.007012102717865358,0.00029018867174703835
oracle,25.5,0.006893038882375882,0.00034947147329862156
oracle,26.5,0.0069516462630178745,0.000360910607484505
oracle,27.5,0.007066727436800849,0.0003969506623250196
oracle,28.5,0.007106162872888204,0.0005303350153411871
oracle,29.5,0.006980477987118634,0.0005447930140129695
oracle,30.5,0.007033219945268354,0.0003687079522230559
oracle,31.5,0.006842228652878193,9.461437187242906e-05
oracle,32.5,0.006879903744541312,0.0004308878414117241
oracle,33.5,0.006804224066460559,0.0001788627587794338
oracle,34.5,0.006929187227017639,0.0003042451116667667
oracle,35.5,0.007016362702051355,0.0002748086539375946
oracle,36.5,0.006910563922464993,0.00023888560939148791
oracle,37.5,0.007122069724565623,0.00021923942654486928
oracle,38.5,0.006914825787049199,0.0004758755670728852
oracle,39.5,0.006966329466532403,0.00029533745735521
oracle,40.5,0.006939690621622918,0.00025748668302514265
oracle,41.5,0.0069945542415840905,0.00043466086411412684
oracle,42.5,0.00681034510570538,0.0005005663407085434
oracle,43.5,0.006907216627747492,0.00044839232804078517
oracle,44.5,0.0069945188720692926,0.0005042781065750784
oracle,45.5,0.007035809616768321,0.0002259350064483299
oracle,46.5,0.006963181319578464,0.00020853019988689077
oracle,47.5,0.0068884026993906765,0.00015589165755776398
oracle,48.5,0.007143574105951485,0.000311136612607603
oracle,49.5,0.0069623891886701665,0.000419005712887947
oracle,50.5,0.007027205993057203,0.0005256798165688627
oracle,51.5,0.0070622200867182326,0.00026153023242799514
oracle,52.5,0.006889347705813229,0.0003085899977968391
oracle,53.5,0.006912322814223168,0.00018898057992033083
oracle,54.5,0.007049489851067155,0.000353896465448338
oracle,55.5,0.007054056136599121,0.00038099956768540625
oracle,56.5,0.006945409201531712,0.0004695604005573278
oracle,57.5,0.006760624133379345,0.0003490823934852859
oracle,58.5,0.006817230293025027,0.000301404359115638
oracle,59.5,0.006940495898062338,0.0002095446185132625
oracle,60.5,0.00698427264999193,0.0004333922454999241
oracle,61.5,0.0069506670758733066,0.00039858627848465925
oracle,62.5,0.006932600778306907,0.00034030838275473074
oracle,63.5,0.006995630698721829,0.00028416260833091236
oracle,64.5,0.006961762598489995,0.00030170086216657377
oracle,65.5,0.006987833788777142,0.0003112963103411713
oracle,66.5,0.006902244302954823,0.0004723304977168394
oracle,67.5,0.006888369083810682,0.0002716439892284606
oracle,68.5,0.006983228188497563,0.0004230687937969634
oracle,69.5,0.0070591771615039645,0.0004853139582411057
oracle,70.5,0.006933424523052396,0.00021987074773826155
oracle,71.5,0.006918808002061587,0.0004490689144503517
oracle,72.5,0.006997808472626136,0.0004474621655437247
oracle,73.5,0.006918954893261849,0.0003923055574545314
oracle,74.5,0.00695466578236034,0.0002706913122703344
oracle,75.5,0.006865373104745864,0.0005256699178725101
oracle,76.5,0.007013107117462014,0.00043923745078785565
oracle,77.5,0.007041824671859949,0.00021655969236620933
oracle,78.5,0.006866981381798673,0.00045609413638902143
oracle,79.5,0.007047253414819798,0.0003693849411288584
oracle,80.5,0.006907407778100163,0.00030975609161532796
oracle,81.5,0.006937800639869099,0.0002181194643837792
oracle,82.5,0.006979248225024551,0.0004952009131835695
oracle,83.5,0.006824883819663796,0.0002840523344766161
oracle,84.5,0.007063320688803701,0.0003034122335212236
oracle,85.5,0.007014376096860117,0.00025274884259223927
oracle,86.5,0.0067846046465117535,0.000289599537531636
oracle,87.5,0.007036280284398741,0.0003686151319472392
oracle,88.5,0.006895352626470015,0.000534531662920302
oracle,89.5,0.0069558469330170515,0.0005955456714863027
oracle,90.5,0.007047444579501275,0.00019766052908844407
oracle,91.5,0.006987814502011432,0.0002645097057019376
oracle,92.5,0.00691046479853028,0.00019463150178012986
oracle,93.5,0.006925200972377676,0.000540669159004931
oracle,94.5,0.006867302215507442,0.0005235604667480439
oracle,95.5,0.006977863680413065,0.00030919802122838017
oracle,96.5,0.00688854733569279,0.00017647601771841046
oracle,97.5,0.006898880360598122,0.0003356391427583207
oracle,98.5,0.006988777593635513,0.0004435949472343404
oracle,99.5,0.006852306743074199,0.00046311917567419677
oracle,100.5,0.006952552950618954,0.0004775369087703595
oracle,101.5,0.007018265392970857,0.00046032491840926923
oracle,102.5,0.006948889359878534,0.00027122957432343153
oracle,103.5,0.0069140875672395324,0.00035335797508171887
oracle,104.5,0.006942407271675559,0.00034366276086925443
oracle,105.5,0.0068627901670318915,0.0002429304233774835
oracle,106.5,0.0069361238776338196,0.0002941496555790775
oracle,107.5,0.006847349002044631,0.0003326592139472202
oracle,108.5,0.007118611635612759,0.0003369240120062886
oracle,109.5,0.006912076857913449,0.0002892723852433151
oracle,110.5,0.006994055313304814,0.0004198324295803847
oracle,111.5,0.00695620822773649,0.00025508490735323604
oracle,112.5,0.006865237320671516,0.0002417485426278947
oracle,113.5,0.007051507595707636,0.00047641794144842673
oracle,114.5,0.006940233851088884,0.0001706745906548862
oracle,115.5,0.006980520011096827,0.00021237640018446381
oracle,116.5,0.007042253695632059,0.00020617942211448932
oracle,117.5,0.006854166652852862,0.0002459559656526814
oracle,118.5,0.006779686546040204,0.0002952683049970075
oracle,119.5,0.0069024144589532625,0.00039494810969114533
oracle,120.5,0.007038521482079951,0.0002901926724345365
oracle,121.5,0.0068154641502188975,0.0002690312643935564
oracle,122.5,0.007045774826201226,0.0002967796524585884
oracle,123.5,0.007004859984589477,0.0002444988918584559
oracle,124.5,0.006893105309827163,0.00023877862833449813
oracle,125.5,0.006973275395999952,0.00039700612976338394
oracle,126.5,0.006937022501096943,0.00026374085115969887
oracle,127.5,0.0069469865686963145,0.00011129146747522002
oracle,128.5,0.007029758624453526,0.000293685980877223
oracle,129.5,0.006980318888337123,0.00024760725805144203
oracle,130.5,0.007048213434509942,0.00037468764404685774
oracle,131.5,0.006937260159353238,0.00018488648531322515
oracle,132.5,0.007036594071367963,0.00040202994238294976
oracle,133.5,0.00702471305476781,0.00023706528754248546
oracle,134.5,0.007007720688936861,0.0002977844950603855
oracle,135.5,0.006946446000049818,0.0003846311273386451
oracle,136.5,0.006981399215566257,0.0005820059554364931
oracle,137.5,0.00702280915414868,0.00037392375206241713
oracle,138.5,0.007137064918690905,0.00044423100356675167
oracle,139.5,0.006975371865601968,0.00036692441589578794
oracle,140.5,0.007002101597004326,0.00034268655211019885
oracle,141.5,0.006976677400631688,0.0004243595994744302
oracle,142.5,0.0070599361974565,0.00025973243116118817
oracle,143.5,0.00693105777015004,0.0003463466971142341
oracle,144.5,0.007036052823184995,0.00039228716085671256
oracle,145.5,0.007034043878690548,0.00034790000118610953
oracle,146.5,0.007058190462205549,0.0003649301831447574
oracle,147.5,0.006926858322591309,0.0002808149814082307
oracle,148.5,0.007043129852227881,0.0003557930741524989
oracle,149.5,0.006899499313593091,0.0003031787279376165
