scheme,cdf,fullness
regretor,0.0,0.2689784826531967
regretor,0.01,0.5358912877549536
regretor,0.02,0.6123081274711679
regretor,0.03,0.634979566607208
regretor,0.04,0.6479261750271103
regretor,0.05,0.657183325908113
regretor,0.06,0.6633900939842757
regretor,0.07,0.6698344001695866
regretor,0.08,0.6734665458630129
regretor,0.09,0.6768605083472761
regretor,0.1,0.6802782136269557
regretor,0.11,0.6838427397204933
regretor,0.12,0.6864282722424853
regretor,0.13,0.6887463679879953
regretor,0.14,0.6912778028051083
regretor,0.15,0.6936082519200766
regretor,0.16,0.6955834521468433
regretor,0.17,0.6975601449716062
regretor,0.18,0.6994029089124204
regretor,0.19,0.7008465386572624
regretor,0.2,0.7020656907959331
regretor,0.21,0.7030072628618131
regretor,0.22,0.7039789960151063
regretor,0.23,0.7046900115457935
regretor,0.24,0.7051962395674447
regretor,0.25,0.7057693629871299
regretor,0.26,0.7061797322383124
regretor,0.27,0.7064767391668473
regretor,0.28,0.7066509482160774
regretor,0.29,0.7069280916980945
regretor,0.3,0.707085714335899
regretor,0.31,0.707353383503795
regretor,0.32,0.7074644116509489
regretor,0.33,0.7076882089319502
regretor,0.34,0.7077620842824854
regretor,0.35000000000000003,0.7078649051384646
regretor,0.36,0.7079719957044696
regretor,0.37,0.7081552511409861
regretor,0.38,0.708359361850273
regretor,0.39,0.7085407802338175
regretor,0.4,0.7088181444671785
regretor,0.41000000000000003,0.7089831383775741
regretor,0.42,0.7091458994309943
regretor,0.43,0.7093426460177684
regretor,0.44,0.7095111229999289
regretor,0.45,0.7097122471686387
regretor,0.46,0.7098459120085269
regretor,0.47000000000000003,0.7099453093936874
regretor,0.48,0.7100820465179001
regretor,0.49,0.7102160158991522
regretor,0.5,0.7103309522028411
regretor,0.51,0.7104601375863726
regretor,0.52,0.7106422422015999
regretor,0.53,0.7108081660064467
regretor,0.54,0.7109099234634509
regretor,0.55,0.7111467251780563
regretor,0.56,0.7112753406752013
regretor,0.5700000000000001,0.711381164145973
regretor,0.58,0.711483093573833
regretor,0.59,0.7115769982393241
regretor,0.6,0.7116953968236073
regretor,0.61,0.7117676219174086
regretor,0.62,0.7117971265505046
regretor,0.63,0.7118962497490449
regretor,0.64,0.7120116940195039
regretor,0.65,0.7120579320487775
regretor,0.66,0.7121302257055555
regretor,0.67,0.7122001005337718
regretor,0.68,0.7123177981264737
regretor,0.6900000000000001,0.7125514844293526
regretor,0.7000000000000001,0.7126464179294622
regretor,0.71,0.71287961383332
regretor,0.72,0.7130417817882113
regretor,0.73,0.7132369425077874
regretor,0.74,0.713325860599208
regretor,0.75,0.7136227903827261
regretor,0.76,0.7145871131215478
regretor,0.77,0.7172669326427092
regretor,0.78,0.7186212038476052
regretor,0.79,0.7210031992091039
regretor,0.8,0.7230332896510752
regretor,0.81,0.7243127072543085
regretor,0.8200000000000001,0.7252450976504575
regretor,0.8300000000000001,0.7261205159253383
regretor,0.84,0.7271246871852863
regretor,0.85,0.7279483099525005
regretor,0.86,0.7286911057130105
regretor,0.87,0.7293090602898697
regretor,0.88,0.7298641938146022
regretor,0.89,0.7307200111920192
regretor,0.9,0.7315626914111387
regretor,0.91,0.7324306054100042
regretor,0.92,0.7329081609596706
regretor,0.93,0.7334081280934837
regretor,0.9400000000000001,0.734220695920527
regretor,0.9500000000000001,0.7351757818004555
regretor,0.96,0.7367806549921145
regretor,0.97,0.7391851590603158
regretor,0.98,0.7416166797958602
regretor,0.99,0.7443443873299445
regretor,1.0,153.89269603901175
vanilla,0.0,0.14123649382716047
vanilla,0.01,0.5348508904259903
vanilla,0.02,0.5586779132142498
vanilla,0.03,0.5671797445825582
vanilla,0.04,0.576210574249172
vanilla,0.05,0.5843326057587142
vanilla,0.06,0.5906148445014505
vanilla,0.07,0.5941129130503371
vanilla,0.08,0.5993554921255515
vanilla,0.09,0.6043533642170417
vanilla,0.1,0.6109060217917778
vanilla,0.11,0.6135194158168976
vanilla,0.12,0.616593536176861
vanilla,0.13,0.6185983694407401
vanilla,0.14,0.6206661866407117
vanilla,0.15,0.6233395031484724
vanilla,0.16,0.6273189385618544
vanilla,0.17,0.6309677147697672
vanilla,0.18,0.6327231030703022
vanilla,0.19,0.6352752047112735
vanilla,0.2,0.6375597038632314
vanilla,0.21,0.639248025058607
vanilla,0.22,0.6418283694174322
vanilla,0.23,0.6451809311579885
vanilla,0.24,0.6473673816907153
vanilla,0.25,0.6488482991138573
vanilla,0.26,0.6513022659164666
vanilla,0.27,0.6532753715718296
vanilla,0.28,0.6558151852470665
vanilla,0.29,0.6575197035224943
vanilla,0.3,0.6611081086391902
vanilla,0.31,0.6625621791478012
vanilla,0.32,0.6650776393484857
vanilla,0.33,0.6670831466297641
vanilla,0.34,0.6687202858847148
vanilla,0.35000000000000003,0.6712451421937016
vanilla,0.36,0.6728602377304511
vanilla,0.37,0.6750867608413638
vanilla,0.38,0.6765525964529924
vanilla,0.39,0.6777928300617945
vanilla,0.4,0.6799961972870155
vanilla,0.41000000000000003,0.6816899634266661
vanilla,0.42,0.682701598546022
vanilla,0.43,0.6846075730577369
vanilla,0.44,0.686411796329512
vanilla,0.45,0.6879950056844274
vanilla,0.46,0.6896143063927401
vanilla,0.47000000000000003,0.6911520954564276
vanilla,0.48,0.6927155155259246
vanilla,0.49,0.6946703378638165
vanilla,0.5,0.6957856066201774
vanilla,0.51,0.6974258065185186
vanilla,0.52,0.6985643309086306
vanilla,0.53,0.6998388993892901
vanilla,0.54,0.7017298092769011
vanilla,0.55,0.7033669781247198
vanilla,0.56,0.7058784783870954
vanilla,0.5700000000000001,0.70707536818866
vanilla,0.58,0.7094494694371586
vanilla,0.59,0.7114139388393834
vanilla,0.6,0.7128248128298241
vanilla,0.61,0.7144099741205008
vanilla,0.62,0.7163233053617547
vanilla,0.63,0.718046432118358
vanilla,0.64,0.7206741710806629
vanilla,0.65,0.7223274017114484
vanilla,0.66,0.723843219454326
vanilla,0.67,0.7262683209334874
vanilla,0.68,0.7291049402505115
vanilla,0.6900000000000001,0.7318605885467658
vanilla,0.7000000000000001,0.7337279578319033
vanilla,0.71,0.7357611271560195
vanilla,0.72,0.7375233254967607
vanilla,0.73,0.7397752569718021
vanilla,0.74,0.7418329421115569
vanilla,0.75,0.7446819169078206
vanilla,0.76,0.7477097280385622
vanilla,0.77,0.7505909200009167
vanilla,0.78,0.7544349015373297
vanilla,0.79,0.7559520270264339
vanilla,0.8,0.7586144955461658
vanilla,0.81,0.760507829668764
vanilla,0.8200000000000001,0.7648844524195775
vanilla,0.8300000000000001,0.7679630854524437
vanilla,0.84,0.7729554179606415
vanilla,0.85,0.7754387484181977
vanilla,0.86,0.7791488570380031
vanilla,0.87,0.7827524206955466
vanilla,0.88,0.7881578289994489
vanilla,0.89,0.7919917338583347
vanilla,0.9,0.79482029796286
vanilla,0.91,0.8027447673849161
vanilla,0.92,0.8105457700639861
vanilla,0.93,0.8167823282717154
vanilla,0.9400000000000001,0.8252301152787632
vanilla,0.9500000000000001,0.8312493724687198
vanilla,0.96,0.8373360929641686
vanilla,0.97,0.8439881438138161
vanilla,0.98,0.8614974267808578
vanilla,0.99,0.902898914340015
vanilla,1.0,1.8977839032098789
lag_oracle,0.0,0.14123649382716047
lag_oracle,0.01,0.6943282550762822
lag_oracle,0.02,0.6956631005026882
lag_oracle,0.03,0.6963583242506753
lag_oracle,0.04,0.6967196240493837
lag_oracle,0.05,0.6970346327513562
lag_oracle,0.06,0.6973050439147612
lag_oracle,0.07,0.6975373573301309
lag_oracle,0.08,0.6976905903239046
lag_oracle,0.09,0.6977922087302899
lag_oracle,0.1,0.6978926247096218
lag_oracle,0.11,0.6980679976918459
lag_oracle,0.12,0.6981902899603185
lag_oracle,0.13,0.6982712172483356
lag_oracle,0.14,0.6983599885731121
lag_oracle,0.15,0.6984184569329069
lag_oracle,0.16,0.6984775460788324
lag_oracle,0.17,0.6985469528976326
lag_oracle,0.18,0.6986055862335269
lag_oracle,0.19,0.6986734341821172
lag_oracle,0.2,0.6987097183045763
lag_oracle,0.21,0.6987532768008105
lag_oracle,0.22,0.6988074572704964
lag_oracle,0.23,0.698849553751646
lag_oracle,0.24,0.698907368610856
lag_oracle,0.25,0.6989437195510003
lag_oracle,0.26,0.698973971609759
lag_oracle,0.27,0.6990114121170473
lag_oracle,0.28,0.699052862837426
lag_oracle,0.29,0.6990714479436537
lag_oracle,0.3,0.699104428203788
lag_oracle,0.31,0.6991259361741587
lag_oracle,0.32,0.6991531343747197
lag_oracle,0.33,0.6991738238542415
lag_oracle,0.34,0.6992092186961707
lag_oracle,0.35000000000000003,0.6992388316554347
lag_oracle,0.36,0.6992785431440554
lag_oracle,0.37,0.6993131575640001
lag_oracle,0.38,0.6993631106106002
lag_oracle,0.39,0.6993986199128228
lag_oracle,0.4,0.6994266687604787
lag_oracle,0.41000000000000003,0.6994444568640932
lag_oracle,0.42,0.6994634355346067
lag_oracle,0.43,0.6994784530040258
lag_oracle,0.44,0.6994976491772092
lag_oracle,0.45,0.6995199297131088
lag_oracle,0.46,0.6995637244483734
lag_oracle,0.47000000000000003,0.6995865154822991
lag_oracle,0.48,0.6996196800559671
lag_oracle,0.49,0.6996502812962944
lag_oracle,0.5,0.699685590419753
lag_oracle,0.51,0.6997310191236638
lag_oracle,0.52,0.6997536921585928
lag_oracle,0.53,0.6997819991239786
lag_oracle,0.54,0.6997973315431246
lag_oracle,0.55,0.6998396665948352
lag_oracle,0.56,0.6998594766958474
lag_oracle,0.5700000000000001,0.6998861350726138
lag_oracle,0.58,0.6999037031140347
lag_oracle,0.59,0.6999385801983622
lag_oracle,0.6,0.6999680634074059
lag_oracle,0.61,0.7000074187437854
lag_oracle,0.62,0.7000501247090871
lag_oracle,0.63,0.7000955452926082
lag_oracle,0.64,0.7001236219181977
lag_oracle,0.65,0.7001481723339507
lag_oracle,0.66,0.7001791751106813
lag_oracle,0.67,0.7002175412669907
lag_oracle,0.68,0.7002581809161615
lag_oracle,0.6900000000000001,0.7002937468433421
lag_oracle,0.7000000000000001,0.700311563030903
lag_oracle,0.71,0.7003497024439191
lag_oracle,0.72,0.7003892941446822
lag_oracle,0.73,0.7004234920894237
lag_oracle,0.74,0.7004731596274852
lag_oracle,0.75,0.7005026945357566
lag_oracle,0.76,0.7005469304496706
lag_oracle,0.77,0.700603976204375
lag_oracle,0.78,0.7006663954494008
lag_oracle,0.79,0.7007130175053768
lag_oracle,0.8,0.700761633274734
lag_oracle,0.81,0.7008154376106422
lag_oracle,0.8200000000000001,0.7008600728385528
lag_oracle,0.8300000000000001,0.7009195586335486
lag_oracle,0.84,0.7009814828029262
lag_oracle,0.85,0.7010633321339064
lag_oracle,0.86,0.7011364666387075
lag_oracle,0.87,0.7012324724808014
lag_oracle,0.88,0.7013343639541053
lag_oracle,0.89,0.7014249694121703
lag_oracle,0.9,0.7015247812222829
lag_oracle,0.91,0.701642632275131
lag_oracle,0.92,0.7018154367466652
lag_oracle,0.93,0.7020537887604099
lag_oracle,0.9400000000000001,0.7022834132001753
lag_oracle,0.9500000000000001,0.7025116896251837
lag_oracle,0.96,0.7028952077823767
lag_oracle,0.97,0.7032868211305376
lag_oracle,0.98,0.7041052435609764
lag_oracle,0.99,0.7056018530301893
lag_oracle,1.0,1.6426890666666625
oracle,0.0,0.14123649382716047
oracle,0.01,0.6943282550762822
oracle,0.02,0.6956631005026882
oracle,0.03,0.6963583242506753
oracle,0.04,0.6967196240493837
oracle,0.05,0.6970346327513562
oracle,0.06,0.6973050439147612
oracle,0.07,0.6975373573301309
oracle,0.08,0.6976905903239046
oracle,0.09,0.6977922087302899
oracle,0.1,0.6978926247096218
oracle,0.11,0.6980679976918459
oracle,0.12,0.6981902899603185
oracle,0.13,0.6982712172483356
oracle,0.14,0.6983599885731121
oracle,0.15,0.6984184569329069
oracle,0.16,0.6984775460788324
oracle,0.17,0.6985469528976326
oracle,0.18,0.6986055862335269
oracle,0.19,0.6986734341821172
oracle,0.2,0.6987097183045763
oracle,0.21,0.6987532768008105
oracle,0.22,0.6988074572704964
oracle,0.23,0.698849553751646
oracle,0.24,0.698907368610856
oracle,0.25,0.6989437195510003
oracle,0.26,0.698973971609759
oracle,0.27,0.6990114121170473
oracle,0.28,0.699052862837426
oracle,0.29,0.6990714479436537
oracle,0.3,0.699104428203788
oracle,0.31,0.6991259361741587
oracle,0.32,0.6991531343747197
oracle,0.33,0.6991738238542415
oracle,0.34,0.6992092186961707
oracle,0.35000000000000003,0.6992388316554347
oracle,0.36,0.6992785431440554
oracle,0.37,0.6993131575640001
oracle,0.38,0.6993631106106002
oracle,0.39,0.6993986199128228
oracle,0.4,0.6994266687604787
oracle,0.41000000000000003,0.6994444568640932
oracle,0.42,0.6994634355346067
oracle,0.43,0.6994784530040258
oracle,0.44,0.6994976491772092
oracle,0.45,0.6995199297131088
oracle,0.46,0.6995637244483734
oracle,0.47000000000000003,0.6995865154822991
oracle,0.48,0.6996196800559671
oracle,0.49,0.6996502812962944
oracle,0.5,0.699685590419753
oracle,0.51,0.6997310191236638
oracle,0.52,0.6997536921585928
oracle,0.53,0.6997819991239786
oracle,0.54,0.6997973315431246
oracle,0.55,0.6998396665948352
oracle,0.56,0.6998594766958474
oracle,0.5700000000000001,0.6998861350726138
oracle,0.58,0.6999037031140347
oracle,0.59,0.6999385801983622
oracle,0.6,0.6999680634074059
oracle,0.61,0.7000074187437854
oracle,0.62,0.7000501247090871
oracle,0.63,0.7000955452926082
oracle,0.64,0.7001236219181977
oracle,0.65,0.7001481723339507
oracle,0.66,0.7001791751106813
oracle,0.67,0.7002175412669907
oracle,0.68,0.7002581809161615
oracle,0.6900000000000001,0.7002937468433421
oracle,0.7000000000000001,0.700311563030903
oracle,0.71,0.7003497024439191
oracle,0.72,0.7003892941446822
oracle,0.73,0.7004234920894237
oracle,0.74,0.7004731596274852
oracle,0.75,0.7005026945357566
oracle,0.76,0.7005469304496706
oracle,0.77,0.700603976204375
oracle,0.78,0.7006663954494008
oracle,0.79,0.7007130175053768
oracle,0.8,0.700761633274734
oracle,0.81,0.7008154376106422
oracle,0.8200000000000001,0.7008600728385528
oracle,0.8300000000000001,0.7009195586335486
oracle,0.84,0.7009814828029262
oracle,0.85,0.7010633321339064
oracle,0.86,0.7011364666387075
oracle,0.87,0.7012324724808014
oracle,0.88,0.7013343639541053
oracle,0.89,0.7014249694121703
oracle,0.9,0.7015247812222829
oracle,0.91,0.701642632275131
oracle,0.92,0.7018154367466652
oracle,0.93,0.7020537887604099
oracle,0.9400000000000001,0.7022834132001753
oracle,0.9500000000000001,0.7025116896251837
oracle,0.96,0.7028952077823767
oracle,0.97,0.7032868211305376
oracle,0.98,0.7041052435609764
oracle,0.99,0.7056018530301893
oracle,1.0,1.6426890666666625
claps_cr,0.0,0.0
claps_cr,0.01,0.4488740956672687
claps_cr,0.02,0.49699599243610926
claps_cr,0.03,0.5207653180126688
claps_cr,0.04,0.5388534098562764
claps_cr,0.05,0.5498516472233911
claps_cr,0.06,0.5633540507663015
claps_cr,0.07,0.5727878311959045
claps_cr,0.08,0.5786130623184847
claps_cr,0.09,0.5847190844444492
claps_cr,0.1,0.5888920803470575
claps_cr,0.11,0.5946544633320127
claps_cr,0.12,0.6003005034194666
claps_cr,0.13,0.6051070277059595
claps_cr,0.14,0.6085973117438415
claps_cr,0.15,0.6126643026914848
claps_cr,0.16,0.6167046471889367
claps_cr,0.17,0.6185007638339616
claps_cr,0.18,0.6230910870411692
claps_cr,0.19,0.6261587922315852
claps_cr,0.2,0.6291998010703624
claps_cr,0.21,0.6332398102308383
claps_cr,0.22,0.6373825286825345
claps_cr,0.23,0.6410522377713103
claps_cr,0.24,0.6430744428677184
claps_cr,0.25,0.6452387495753484
claps_cr,0.26,0.6477646017420391
claps_cr,0.27,0.6505866492929282
claps_cr,0.28,0.6524912189256781
claps_cr,0.29,0.6548826288593876
claps_cr,0.3,0.6573719001346894
claps_cr,0.31,0.6597218657009256
claps_cr,0.32,0.6620358702121542
claps_cr,0.33,0.6645999891744611
claps_cr,0.34,0.6661809406204298
claps_cr,0.35000000000000003,0.6680715738363259
claps_cr,0.36,0.6699538643852024
claps_cr,0.37,0.6719172659950262
claps_cr,0.38,0.6750295712486171
claps_cr,0.39,0.6761459723541942
claps_cr,0.4,0.678156278542636
claps_cr,0.41000000000000003,0.6805361327927261
claps_cr,0.42,0.6829291502205599
claps_cr,0.43,0.6856840737525626
claps_cr,0.44,0.68749739354045
claps_cr,0.45,0.6895871811111257
claps_cr,0.46,0.6907521210916091
claps_cr,0.47000000000000003,0.6929830297559564
claps_cr,0.48,0.6944343406596661
claps_cr,0.49,0.6960053681697375
claps_cr,0.5,0.698327025885895
claps_cr,0.51,0.7008803329305157
claps_cr,0.52,0.7035688558554176
claps_cr,0.53,0.7058727127749196
claps_cr,0.54,0.7068450220042347
claps_cr,0.55,0.7088424597922018
claps_cr,0.56,0.7105218297792922
claps_cr,0.5700000000000001,0.7128399394433426
claps_cr,0.58,0.7152735580150307
claps_cr,0.59,0.7179627510523939
claps_cr,0.6,0.7202089784792599
claps_cr,0.61,0.7224378963574603
claps_cr,0.62,0.7251576476081698
claps_cr,0.63,0.7273775209901201
claps_cr,0.64,0.7302654035701738
claps_cr,0.65,0.7327666512445797
claps_cr,0.66,0.7348534094597794
claps_cr,0.67,0.736649471818995
claps_cr,0.68,0.7380233523677517
claps_cr,0.6900000000000001,0.7403819975353625
claps_cr,0.7000000000000001,0.7427243475096512
claps_cr,0.71,0.7449027197375783
claps_cr,0.72,0.7471835192869393
claps_cr,0.73,0.750044421062231
claps_cr,0.74,0.7522381008550376
claps_cr,0.75,0.7546014138742888
claps_cr,0.76,0.7571223272773896
claps_cr,0.77,0.7594703534239198
claps_cr,0.78,0.7620974157493947
claps_cr,0.79,0.7649091474014238
claps_cr,0.8,0.7673611704366415
claps_cr,0.81,0.7716797164805251
claps_cr,0.8200000000000001,0.7762671194151385
claps_cr,0.8300000000000001,0.7801755652706462
claps_cr,0.84,0.7838654770502871
claps_cr,0.85,0.7870840973741391
claps_cr,0.86,0.7896090672910449
claps_cr,0.87,0.7938963524741114
claps_cr,0.88,0.7983519962915191
claps_cr,0.89,0.8028520716898293
claps_cr,0.9,0.8067875839358803
claps_cr,0.91,0.8150728045331529
claps_cr,0.92,0.820406787876086
claps_cr,0.93,0.8284000786189168
claps_cr,0.9400000000000001,0.8374583995849866
claps_cr,0.9500000000000001,0.8442331649080601
claps_cr,0.96,0.8582273092557452
claps_cr,0.97,0.8819250470616912
claps_cr,0.98,0.9115147229398074
claps_cr,0.99,0.9497721467592096
claps_cr,1.0,1.6948379259259256
