scheme,hour,ratio_mean,ratio_ci95
regretor,0.041666666666666664,1.1179432464381516,0.0038506892838810376
regretor,0.125,1.0926382804926136,0.002635355630963351
regretor,0.20833333333333331,1.0920126802536934,0.002942736805714822
regretor,0.29166666666666663,1.0919329178401989,0.002881314883011948
regretor,0.375,1.091855902710655,0.0027057167179546523
regretor,0.4583333333333333,1.0916843809543622,0.003092077905466136
regretor,0.5416666666666666,1.091632221227686,0.002794674533135958
regretor,0.625,1.091587331095876,0.002989986122173373
regretor,0.7083333333333333,1.0915187517166496,0.0030413649116590577
regretor,0.7916666666666666,1.091589175587653,0.0025537867655435393
regretor,0.875,1.0915684385198186,0.002723993635495448
regretor,0.9583333333333333,1.091195164009768,0.002637560959545813
regretor,1.0416666666666665,1.068729078579914,0.0023573344816574977
regretor,1.125,1.058036627214341,0.0019123936497464366
regretor,1.2083333333333333,1.0579643900034192,0.001983850975728176
regretor,1.2916666666666665,1.0576934752530298,0.002004153483427627
regretor,1.375,1.0575146035773897,0.0019667295190139876
regretor,1.4583333333333333,1.057602629503449,0.0019090062129514254
regretor,1.5416666666666665,1.0576378223779015,0.0020572765586152697
regretor,1.625,1.0575198118912519,0.0019757911567295787
regretor,1.7083333333333333,1.0575619650224868,0.0019165955199700936
regretor,1.7916666666666665,1.0575126281360823,0.0019435063034242252
regretor,1.875,1.0575238383173584,0.0019918727930368415
regretor,1.9583333333333333,1.057445776380613,0.001886805857947482
regretor,2.0416666666666665,1.0488157606401525,0.0012209170189897826
regretor,2.125,1.0428642407341358,0.0007160194502039244
regretor,2.208333333333333,1.0425044292407486,0.0007709264695078463
regretor,2.2916666666666665,1.0422848501241118,0.000787493131386517
regretor,2.375,1.0422586253009816,0.0007555506961057832
regretor,2.458333333333333,1.0421450849228227,0.0008184159971974347
regretor,2.5416666666666665,1.042271460532159,0.0006996072006164519
regretor,2.625,1.042151225609307,0.0008049064955418685
regretor,2.708333333333333,1.04217475308378,0.000909502739729303
regretor,2.7916666666666665,1.0421925598259136,0.0007879219079604927
regretor,2.875,1.0422134337583888,0.0010076324792406164
regretor,2.958333333333333,1.0422034138706229,0.0008737721134738581
regretor,3.0416666666666665,1.038839489641736,0.00023803220526750056
regretor,3.125,1.03579708181785,0.00014919952883513736
regretor,3.208333333333333,1.035781338404497,0.00020232060864480283
regretor,3.2916666666666665,1.035641305255194,0.000154662438943801
regretor,3.375,1.035669989111176,0.000111688645030488
regretor,3.458333333333333,1.0355360654890586,9.971919589526697e-05
regretor,3.5416666666666665,1.0355060637951627,0.00014363962153797447
regretor,3.625,1.0355860728658541,0.00010625976513284719
regretor,3.708333333333333,1.035477136707719,0.00016385553327781502
regretor,3.7916666666666665,1.0354682265046198,0.00011766882297484273
regretor,3.875,1.0355345968176966,0.00014868775165015083
regretor,3.958333333333333,1.0355782734499726,8.776475175709125e-05
regretor,4.041666666666666,1.0343751315972949,0.00019417257918997742
regretor,4.125,1.0323719624386318,0.00025104843934265907
regretor,4.208333333333333,1.0322642893336387,0.00014523216246830928
regretor,4.291666666666666,1.0323021742777767,0.00019430217428590075
regretor,4.375,1.032198385484961,0.00029138502903913494
regretor,4.458333333333333,1.03231961565395,0.00018553838057617952
regretor,4.541666666666666,1.0321852059199255,0.00033447897423254406
regretor,4.625,1.0320124665806438,0.00016816992889213687
regretor,4.708333333333333,1.0322234276353217,0.0001400751941995012
regretor,4.791666666666666,1.0321846936254828,0.0003141145938407336
regretor,4.875,1.0321059912808164,0.00011954365418924001
regretor,4.958333333333333,1.0321737463702576,0.00032358493490171965
regretor,5.041666666666666,1.0316404295972077,0.00020085463152595505
regretor,5.125,1.0305391642254242,0.00011596435510172347
regretor,5.208333333333333,1.0303283479395886,0.00021952622585506802
regretor,5.291666666666666,1.0303698602356945,0.00020182035536215004
regretor,5.375,1.0302558987926829,0.00025531067022249823
regretor,5.458333333333333,1.030196289682716,0.00023928939489042958
regretor,5.541666666666666,1.030361249092726,0.00022860193537439924
regretor,5.625,1.030274828290118,0.00016633416493176678
regretor,5.708333333333333,1.03030127701508,0.00020610040324938313
regretor,5.791666666666666,1.0302990849435825,0.00011950281380564148
regretor,5.875,1.0304377529827367,0.00025087487452131425
regretor,5.958333333333333,1.03027412467883,0.00022406544380147484
regretor,tail_mean_last_half,1.0329003065982119,0.00011410454481295243
vanilla,0.041666666666666664,1.1929252277808522,0.006036517475353446
vanilla,0.125,1.1930157173025404,0.006238473352781108
vanilla,0.20833333333333331,1.1929120694840016,0.006003142937759512
vanilla,0.29166666666666663,1.192831995108722,0.0058363469512937045
vanilla,0.375,1.1927111270338475,0.0063321085482280865
vanilla,0.4583333333333333,1.1931460866331736,0.006584989769679094
vanilla,0.5416666666666666,1.1929435282460383,0.006730166762862061
vanilla,0.625,1.193058062550206,0.006312444244788025
vanilla,0.7083333333333333,1.192769253511375,0.006658459624030054
vanilla,0.7916666666666666,1.1925812229476347,0.006686122073260019
vanilla,0.875,1.1928109058644079,0.0064408713245393675
vanilla,0.9583333333333333,1.1928381795275986,0.006134531461459385
vanilla,1.0416666666666665,1.1870145348897267,0.007345869838733207
vanilla,1.125,1.187429504854782,0.007189577662695869
vanilla,1.2083333333333333,1.1868033202444699,0.006181431877614363
vanilla,1.2916666666666665,1.1869749571510075,0.0066080433158722685
vanilla,1.375,1.1871038308239377,0.006379753848033165
vanilla,1.4583333333333333,1.1872176939370471,0.006897249822386009
vanilla,1.5416666666666665,1.1871199037754778,0.0071775687809771446
vanilla,1.625,1.1870825328561843,0.006329396158280952
vanilla,1.7083333333333333,1.1872904002338633,0.006412028957033732
vanilla,1.7916666666666665,1.1871709796220198,0.007157564449206407
vanilla,1.875,1.1866441429582213,0.006622523283555255
vanilla,1.9583333333333333,1.1869842971597282,0.007291925999410649
vanilla,2.0416666666666665,1.187301918769484,0.003173298695260186
vanilla,2.125,1.1875249168061952,0.00234043261146474
vanilla,2.208333333333333,1.1873433601499255,0.002169596734684853
vanilla,2.2916666666666665,1.1872342788301844,0.0030326555575982592
vanilla,2.375,1.1874674991699785,0.003238618169864229
vanilla,2.458333333333333,1.1873582436673729,0.0031085687281574093
vanilla,2.5416666666666665,1.187567081003502,0.0026878933031690647
vanilla,2.625,1.1870179630643722,0.0017360536318790872
vanilla,2.708333333333333,1.1876877448345766,0.0026050703684748037
vanilla,2.7916666666666665,1.1875329059377724,0.00301978361000889
vanilla,2.875,1.1875470476370935,0.002989767307609982
vanilla,2.958333333333333,1.1872344663058434,0.0027321166133414546
vanilla,3.0416666666666665,1.1922834442770864,0.005608232690283513
vanilla,3.125,1.1918097802137229,0.005348152797779548
vanilla,3.208333333333333,1.1920721159914276,0.005510441853245022
vanilla,3.2916666666666665,1.191755494547395,0.0057901963254258625
vanilla,3.375,1.1921623290582872,0.005401493258682312
vanilla,3.458333333333333,1.1917837513770657,0.005950183687634136
vanilla,3.5416666666666665,1.1916593068544006,0.005321676103166083
vanilla,3.625,1.191517844070828,0.0056968983594324315
vanilla,3.708333333333333,1.1917281790123875,0.005751206513633726
vanilla,3.7916666666666665,1.1917278988722246,0.005254019135624169
vanilla,3.875,1.1919563301046652,0.0056405410795830595
vanilla,3.958333333333333,1.1919182789583482,0.005109436252205881
vanilla,4.041666666666666,1.186419125686904,0.009855021659616846
vanilla,4.125,1.1857710955963852,0.009880768787182834
vanilla,4.208333333333333,1.1866599143230558,0.009983570662941024
vanilla,4.291666666666666,1.1858900379290815,0.009968233289920294
vanilla,4.375,1.186075778580226,0.009729760421338055
vanilla,4.458333333333333,1.186123406582311,0.00986134849599108
vanilla,4.541666666666666,1.186504978063089,0.009498722629594458
vanilla,4.625,1.186133334779523,0.010118153806957226
vanilla,4.708333333333333,1.186092983547833,0.01022567373484085
vanilla,4.791666666666666,1.186382679733468,0.009949637470964001
vanilla,4.875,1.1860521040079735,0.009845850729365887
vanilla,4.958333333333333,1.1860665315112031,0.010088744316079552
vanilla,5.041666666666666,1.1868397986596966,0.005448944319487093
vanilla,5.125,1.1869588822830421,0.005496652166669796
vanilla,5.208333333333333,1.1866004759633633,0.005667643573290852
vanilla,5.291666666666666,1.1870278042926725,0.005220513121933305
vanilla,5.375,1.186734170176657,0.004939198737782225
vanilla,5.458333333333333,1.1873314307122596,0.005263157882749167
vanilla,5.541666666666666,1.1871375981679122,0.0048055571246160295
vanilla,5.625,1.1871605706044326,0.005468213781710954
vanilla,5.708333333333333,1.186993294183286,0.005364700378391078
vanilla,5.791666666666666,1.1864465861884197,0.004552759444217115
vanilla,5.875,1.1870188438016382,0.005411422172380303
vanilla,5.958333333333333,1.1867978482387178,0.00460941550299291
vanilla,tail_mean_last_half,1.1883220563041943,0.004772589910142744
lag_oracle,0.041666666666666664,1.0083616591360105,5.163251231734127e-05
lag_oracle,0.125,1.008432091382091,8.860950732660638e-05
lag_oracle,0.20833333333333331,1.008338405090939,8.6373488696998e-05
lag_oracle,0.29166666666666663,1.0083776027570586,0.000195856409724884
lag_oracle,0.375,1.0083792342519602,0.00012827912710774997
lag_oracle,0.4583333333333333,1.0083927206154344,6.015940996467384e-05
lag_oracle,0.5416666666666666,1.0084188626123622,3.7806645686566236e-05
lag_oracle,0.625,1.0084394574712974,5.843901749246778e-05
lag_oracle,0.7083333333333333,1.0084427113298804,9.8814378342251e-05
lag_oracle,0.7916666666666666,1.0084225698332097,9.226598917046311e-05
lag_oracle,0.875,1.008433142211341,0.00011365073228435086
lag_oracle,0.9583333333333333,1.0084220337334682,0.00018366476413589014
lag_oracle,1.0416666666666665,1.0083561978057989,5.127325410818251e-05
lag_oracle,1.125,1.0083817020062695,7.000766029291176e-05
lag_oracle,1.2083333333333333,1.00843560089697,8.917989454533429e-05
lag_oracle,1.2916666666666665,1.0083542586141285,0.00016777194871504827
lag_oracle,1.375,1.0084057249272138,5.044724554464344e-05
lag_oracle,1.4583333333333333,1.0083922659657578,0.00015159520721352637
lag_oracle,1.5416666666666665,1.0084392519798209,0.000215293135795722
lag_oracle,1.625,1.0083822380653935,0.00012317196552367814
lag_oracle,1.7083333333333333,1.008375414020256,0.00010865538556205622
lag_oracle,1.7916666666666665,1.0083770066882947,0.00013349531190902852
lag_oracle,1.875,1.008424582808211,9.188114573643912e-05
lag_oracle,1.9583333333333333,1.0083815693169227,8.607116800224518e-05
lag_oracle,2.0416666666666665,1.0084427513096248,0.00012281769472152494
lag_oracle,2.125,1.0084648176197792,0.00012002338556839138
lag_oracle,2.208333333333333,1.0083645796148397,0.00013903778131115616
lag_oracle,2.2916666666666665,1.0084422785174447,7.395812528847373e-05
lag_oracle,2.375,1.0084742055207854,0.00017056494373817883
lag_oracle,2.458333333333333,1.0083655593071787,9.667606718516463e-05
lag_oracle,2.5416666666666665,1.0084331777404896,0.00010014934975068492
lag_oracle,2.625,1.0083527120278968,7.002537006088104e-05
lag_oracle,2.708333333333333,1.0084176931186808,0.0001666964418608088
lag_oracle,2.7916666666666665,1.0084330145257037,0.0002454636963992033
lag_oracle,2.875,1.0084113453044021,0.00016096588822126504
lag_oracle,2.958333333333333,1.0084432881535206,0.00012270111123342822
lag_oracle,3.0416666666666665,1.008406709479717,0.00014264728232419487
lag_oracle,3.125,1.008388805305884,5.990441786920589e-05
lag_oracle,3.208333333333333,1.0084597246694174,0.00012146977427553312
lag_oracle,3.2916666666666665,1.0084888971993382,8.572733676123721e-05
lag_oracle,3.375,1.0083868625854393,8.38831618202001e-05
lag_oracle,3.458333333333333,1.0083824590304156,5.985624550168124e-05
lag_oracle,3.5416666666666665,1.0084511721833584,0.00014372444178258528
lag_oracle,3.625,1.008397111936869,9.43222455951051e-05
lag_oracle,3.708333333333333,1.008428534433812,0.0001369066683269625
lag_oracle,3.7916666666666665,1.0083994974837431,4.2118830011956225e-05
lag_oracle,3.875,1.00835178995708,4.7231638107028055e-05
lag_oracle,3.958333333333333,1.0083962772217858,0.0001357635710346036
lag_oracle,4.041666666666666,1.0083595831201768,0.0001238243084344597
lag_oracle,4.125,1.0084554866706554,9.789402103220156e-05
lag_oracle,4.208333333333333,1.008436536349842,0.00010059236407381935
lag_oracle,4.291666666666666,1.0083429604027192,9.064554178956854e-05
lag_oracle,4.375,1.0083552121944812,0.00012960940247836003
lag_oracle,4.458333333333333,1.008419714857349,6.798605209048089e-05
lag_oracle,4.541666666666666,1.0083592051957966,6.095162332570721e-05
lag_oracle,4.625,1.0083707440370422,7.546410803109849e-05
lag_oracle,4.708333333333333,1.0083515851765916,4.287492926273262e-05
lag_oracle,4.791666666666666,1.0083622175355744,0.00014720925529434716
lag_oracle,4.875,1.008376722646282,0.00017665623180953462
lag_oracle,4.958333333333333,1.0083877880454135,0.00011866201908680784
lag_oracle,5.041666666666666,1.0084364570883901,0.00013802700037982476
lag_oracle,5.125,1.0084218300769783,9.253144985161864e-05
lag_oracle,5.208333333333333,1.0084136545271176,0.00010210206705554796
lag_oracle,5.291666666666666,1.0083811890146672,0.00017897043860896043
lag_oracle,5.375,1.0083966649447174,0.00013424121482721134
lag_oracle,5.458333333333333,1.0083375868920064,6.981109034985774e-05
lag_oracle,5.541666666666666,1.0084659294873517,9.74312254867781e-05
lag_oracle,5.625,1.0084286351195708,0.0001164266504235294
lag_oracle,5.708333333333333,1.0083783116296277,9.159522453788376e-05
lag_oracle,5.791666666666666,1.0083829397955248,8.797738365459617e-05
lag_oracle,5.875,1.0083394275050528,0.0001714416638818796
lag_oracle,5.958333333333333,1.0083894976020946,0.00010692573601430427
lag_oracle,tail_mean_last_half,1.0083968811500523,3.040290927152232e-05
oracle,0.041666666666666664,1.0083616591360105,5.163251231734127e-05
oracle,0.125,1.008432091382091,8.860950732660638e-05
oracle,0.20833333333333331,1.008338405090939,8.6373488696998e-05
oracle,0.29166666666666663,1.0083776027570586,0.000195856409724884
oracle,0.375,1.0083792342519602,0.00012827912710774997
oracle,0.4583333333333333,1.0083927206154344,6.015940996467384e-05
oracle,0.5416666666666666,1.0084188626123622,3.7806645686566236e-05
oracle,0.625,1.0084394574712974,5.843901749246778e-05
oracle,0.7083333333333333,1.0084427113298804,9.8814378342251e-05
oracle,0.7916666666666666,1.0084225698332097,9.226598917046311e-05
oracle,0.875,1.008433142211341,0.00011365073228435086
oracle,0.9583333333333333,1.0084220337334682,0.00018366476413589014
oracle,1.0416666666666665,1.0083561978057989,5.127325410818251e-05
oracle,1.125,1.0083817020062695,7.000766029291176e-05
oracle,1.2083333333333333,1.00843560089697,8.917989454533429e-05
oracle,1.2916666666666665,1.0083542586141285,0.00016777194871504827
oracle,1.375,1.0084057249272138,5.044724554464344e-05
oracle,1.4583333333333333,1.0083922659657578,0.00015159520721352637
oracle,1.5416666666666665,1.0084392519798209,0.000215293135795722
oracle,1.625,1.0083822380653935,0.00012317196552367814
oracle,1.7083333333333333,1.008375414020256,0.00010865538556205622
oracle,1.7916666666666665,1.0083770066882947,0.00013349531190902852
oracle,1.875,1.008424582808211,9.188114573643912e-05
oracle,1.9583333333333333,1.0083815693169227,8.607116800224518e-05
oracle,2.0416666666666665,1.0084427513096248,0.00012281769472152494
oracle,2.125,1.0084648176197792,0.00012002338556839138
oracle,2.208333333333333,1.0083645796148397,0.00013903778131115616
oracle,2.2916666666666665,1.0084422785174447,7.395812528847373e-05
oracle,2.375,1.0084742055207854,0.00017056494373817883
oracle,2.458333333333333,1.0083655593071787,9.667606718516463e-05
oracle,2.5416666666666665,1.0084331777404896,0.00010014934975068492
oracle,2.625,1.0083527120278968,7.002537006088104e-05
oracle,2.708333333333333,1.0084176931186808,0.0001666964418608088
oracle,2.7916666666666665,1.0084330145257037,0.0002454636963992033
oracle,2.875,1.0084113453044021,0.00016096588822126504
oracle,2.958333333333333,1.0084432881535206,0.00012270111123342822
oracle,3.0416666666666665,1.008406709479717,0.00014264728232419487
oracle,3.125,1.008388805305884,5.990441786920589e-05
oracle,3.208333333333333,1.0084597246694174,0.00012146977427553312
oracle,3.2916666666666665,1.0084888971993382,8.572733676123721e-05
oracle,3.375,1.0083868625854393,8.38831618202001e-05
oracle,3.458333333333333,1.0083824590304156,5.985624550168124e-05
oracle,3.5416666666666665,1.0084511721833584,0.00014372444178258528
oracle,3.625,1.008397111936869,9.43222455951051e-05
oracle,3.708333333333333,1.008428534433812,0.0001369066683269625
oracle,3.7916666666666665,1.0083994974837431,4.2118830011956225e-05
oracle,3.875,1.00835178995708,4.7231638107028055e-05
oracle,3.958333333333333,1.0083962772217858,0.0001357635710346036
oracle,4.041666666666666,1.0083595831201768,0.0001238243084344597
oracle,4.125,1.0084554866706554,9.789402103220156e-05
oracle,4.208333333333333,1.008436536349842,0.00010059236407381935
oracle,4.291666666666666,1.0083429604027192,9.064554178956854e-05
oracle,4.375,1.0083552121944812,0.00012960940247836003
oracle,4.458333333333333,1.008419714857349,6.798605209048089e-05
oracle,4.541666666666666,1.0083592051957966,6.095162332570721e-05
oracle,4.625,1.0083707440370422,7.546410803109849e-05
oracle,4.708333333333333,1.0083515851765916,4.287492926273262e-05
oracle,4.791666666666666,1.0083622175355744,0.00014720925529434716
oracle,4.875,1.008376722646282,0.00017665623180953462
oracle,4.958333333333333,1.0083877880454135,0.00011866201908680784
oracle,5.041666666666666,1.0084364570883901,0.00013802700037982476
oracle,5.125,1.0084218300769783,9.253144985161864e-05
oracle,5.208333333333333,1.0084136545271176,0.00010210206705554796
oracle,5.291666666666666,1.0083811890146672,0.00017897043860896043
oracle,5.375,1.0083966649447174,0.00013424121482721134
oracle,5.458333333333333,1.0083375868920064,6.981109034985774e-05
oracle,5.541666666666666,1.0084659294873517,9.74312254867781e-05
oracle,5.625,1.0084286351195708,0.0001164266504235294
oracle,5.708333333333333,1.0083783116296277,9.159522453788376e-05
oracle,5.791666666666666,1.0083829397955248,8.797738365459617e-05
oracle,5.875,1.0083394275050528,0.0001714416638818796
oracle,5.958333333333333,1.0083894976020946,0.00010692573601430427
oracle,tail_mean_last_half,1.0083968811500523,3.040290927152232e-05
claps_cr,0.041666666666666664,1.179671214097718,0.015203240664328271
claps_cr,0.125,1.179527854084504,0.014873471677937549
claps_cr,0.20833333333333331,1.1796121214661395,0.015116453396359055
claps_cr,0.29166666666666663,1.1791832564136844,0.01470876453131857
claps_cr,0.375,1.179611462215728,0.015005598869636002
claps_cr,0.4583333333333333,1.1796428430211605,0.015743317627417323
claps_cr,0.5416666666666666,1.179746799691115,0.015716280981779768
claps_cr,0.625,1.179689445455843,0.0154827532198277
claps_cr,0.7083333333333333,1.179708066922044,0.015193076867660946
claps_cr,0.7916666666666666,1.1796375460586368,0.01524416369770344
claps_cr,0.875,1.179906804129835,0.015542400818384773
claps_cr,0.9583333333333333,1.1794577311317391,0.015270345970293078
claps_cr,1.0416666666666665,1.1796606402473278,0.013157428637817428
claps_cr,1.125,1.1801004407419327,0.012521413239678245
claps_cr,1.2083333333333333,1.1796452718983252,0.012666652107580615
claps_cr,1.2916666666666665,1.180102898624932,0.013030319384991463
claps_cr,1.375,1.1799584458332792,0.01292031213253869
claps_cr,1.4583333333333333,1.1799953448077496,0.012781264146557232
claps_cr,1.5416666666666665,1.1798215064126931,0.012759465711273833
claps_cr,1.625,1.1798300098899428,0.012446516074011192
claps_cr,1.7083333333333333,1.1800917994891706,0.012444850322994958
claps_cr,1.7916666666666665,1.1804000030974424,0.012697753936584212
claps_cr,1.875,1.1797789062824593,0.013032927190267269
claps_cr,1.9583333333333333,1.1796360882470946,0.012779026293723532
claps_cr,2.0416666666666665,1.1799191117491725,0.006563855613139128
claps_cr,2.125,1.1798041254235758,0.006598134173969742
claps_cr,2.208333333333333,1.179703041311829,0.006365143221595281
claps_cr,2.2916666666666665,1.1800815348028795,0.0062199444882286
claps_cr,2.375,1.1798162539803825,0.006124217372491041
claps_cr,2.458333333333333,1.1796048952028728,0.005994409186283755
claps_cr,2.5416666666666665,1.1800372923803244,0.0060933714791088
claps_cr,2.625,1.1795812344872472,0.00664565134227385
claps_cr,2.708333333333333,1.1797354691180917,0.00611235285675822
claps_cr,2.7916666666666665,1.1800758541930325,0.005874820500035348
claps_cr,2.875,1.1800167436457298,0.005756250309973396
claps_cr,2.958333333333333,1.1796776124518777,0.005360973167802884
claps_cr,3.0416666666666665,1.1847540886553816,0.014846063502967109
claps_cr,3.125,1.1842786455871663,0.01469119956351251
claps_cr,3.208333333333333,1.1846406506729366,0.015053152763327278
claps_cr,3.2916666666666665,1.184569822248482,0.01559282337642165
claps_cr,3.375,1.184697674279245,0.014885976937647868
claps_cr,3.458333333333333,1.1843677778728994,0.015345121053555368
claps_cr,3.5416666666666665,1.184515264593514,0.014816728080832536
claps_cr,3.625,1.184342936345418,0.015253080419216122
claps_cr,3.708333333333333,1.1845662938951045,0.014976886421293458
claps_cr,3.7916666666666665,1.1848188268442064,0.014801617261120606
claps_cr,3.875,1.1845611989551013,0.01485154404769821
claps_cr,3.958333333333333,1.1847080159872454,0.014513014047506722
claps_cr,4.041666666666666,1.1820332704153032,0.01853039771213186
claps_cr,4.125,1.18207790201465,0.018095201964846402
claps_cr,4.208333333333333,1.1823687934620746,0.018366598249540726
claps_cr,4.291666666666666,1.1819476311050003,0.018638608228370327
claps_cr,4.375,1.1818506110340337,0.018610752118832893
claps_cr,4.458333333333333,1.182244827006809,0.018218209480797914
claps_cr,4.541666666666666,1.1823879754519595,0.018039742291055358
claps_cr,4.625,1.1823330770010076,0.018474488529940717
claps_cr,4.708333333333333,1.182306466348249,0.018228515955297727
claps_cr,4.791666666666666,1.181904114012994,0.018626360040429262
claps_cr,4.875,1.1820017474717248,0.018391428033205218
claps_cr,4.958333333333333,1.1821478040386797,0.018111904892176643
claps_cr,5.041666666666666,1.179323009574636,0.011949749158019371
claps_cr,5.125,1.1795836885904365,0.011657805734719853
claps_cr,5.208333333333333,1.1793002349625168,0.011661142210877027
claps_cr,5.291666666666666,1.1798750703814043,0.0116785883669105
claps_cr,5.375,1.1796205957738262,0.01106085983353176
claps_cr,5.458333333333333,1.1798007094522571,0.011603211158700371
claps_cr,5.541666666666666,1.179432138738652,0.01101948456171182
claps_cr,5.625,1.1792594300863828,0.011921743470994887
claps_cr,5.708333333333333,1.1792812034832327,0.011687394861532337
claps_cr,5.791666666666666,1.1793276593011737,0.011261614239827472
claps_cr,5.875,1.1795153110792362,0.011597359314019996
claps_cr,5.958333333333333,1.1793761171341117,0.011463080095893325
claps_cr,tail_mean_last_half,1.1820589051071404,0.012270486010798049
claps_ge,0.041666666666666664,1.180143440279987,0.01780285361157466
claps_ge,0.125,1.1801512093174176,0.017724458294260278
claps_ge,0.20833333333333331,1.1805575628487972,0.017554854281492477
claps_ge,0.29166666666666663,1.1800781690176514,0.017497798024614746
claps_ge,0.375,1.1802768625026478,0.01756648366958551
claps_ge,0.4583333333333333,1.1800084712543768,0.018013098273959593
claps_ge,0.5416666666666666,1.1803656844138088,0.01793066533016207
claps_ge,0.625,1.1801527956395828,0.01771218247957975
claps_ge,0.7083333333333333,1.180336958691104,0.017489738798039327
claps_ge,0.7916666666666666,1.180401439595539,0.01705837288591144
claps_ge,0.875,1.1807104513227773,0.01772125784468694
claps_ge,0.9583333333333333,1.1803342333737128,0.017806618881959675
claps_ge,1.0416666666666665,1.1790809691683601,0.01463167528386792
claps_ge,1.125,1.179097025191083,0.01393917729391616
claps_ge,1.2083333333333333,1.179420896259229,0.014247686467594922
claps_ge,1.2916666666666665,1.1795017700359138,0.014093769787868419
claps_ge,1.375,1.1795313536409673,0.01432153460836316
claps_ge,1.4583333333333333,1.179108641056142,0.01398158291777734
claps_ge,1.5416666666666665,1.1792907366937737,0.013876202865533566
claps_ge,1.625,1.1794143781031021,0.01351279324541564
claps_ge,1.7083333333333333,1.1795475619089784,0.013829855115343983
claps_ge,1.7916666666666665,1.1802599714004873,0.013818136941778462
claps_ge,1.875,1.1794090980527094,0.013977729733673887
claps_ge,1.9583333333333333,1.1793468656387347,0.014102548448406745
claps_ge,2.0416666666666665,1.1803231186214866,0.009107284646772169
claps_ge,2.125,1.1802833247537534,0.009326909402185595
claps_ge,2.208333333333333,1.1800525799264543,0.008915868733394557
claps_ge,2.2916666666666665,1.180774492209101,0.008995914124372468
claps_ge,2.375,1.1801992797936365,0.009030929742661693
claps_ge,2.458333333333333,1.180191933338265,0.009017068103848575
claps_ge,2.5416666666666665,1.1803492171342362,0.009186335191323657
claps_ge,2.625,1.1800876858812568,0.008780971757198662
claps_ge,2.708333333333333,1.1803299184369274,0.009278865173768141
claps_ge,2.7916666666666665,1.1807957387577646,0.00885833979893093
claps_ge,2.875,1.1804136177177336,0.00897971088621427
claps_ge,2.958333333333333,1.180295372614841,0.008631030424727211
claps_ge,3.0416666666666665,1.187216064116551,0.014354643630803908
claps_ge,3.125,1.1866621712443448,0.014458166912675032
claps_ge,3.208333333333333,1.1866909614567698,0.014405588091420476
claps_ge,3.2916666666666665,1.1866638416967803,0.014587677236817309
claps_ge,3.375,1.1870948998103947,0.014453509957237126
claps_ge,3.458333333333333,1.1867655785273086,0.014849524594317046
claps_ge,3.5416666666666665,1.187025360806981,0.014159753991917493
claps_ge,3.625,1.1870206721032095,0.014309693084268346
claps_ge,3.708333333333333,1.187023750487648,0.014391439117334455
claps_ge,3.7916666666666665,1.187153320048557,0.014452215896216243
claps_ge,3.875,1.1871378810941022,0.013780241822522183
claps_ge,3.958333333333333,1.1867838683395617,0.014382616671874663
claps_ge,4.041666666666666,1.1824650236203769,0.02145412678085417
claps_ge,4.125,1.1828823857864397,0.02132296389362213
claps_ge,4.208333333333333,1.1824926689754238,0.021210013803682173
claps_ge,4.291666666666666,1.18254086882743,0.02136013212721732
claps_ge,4.375,1.182643306168587,0.02167002392105332
claps_ge,4.458333333333333,1.1828038951936697,0.021753410249874008
claps_ge,4.541666666666666,1.1829085566582869,0.020720377459998034
claps_ge,4.625,1.1829947193117745,0.021158095205488944
claps_ge,4.708333333333333,1.1831637336331224,0.021059101395669435
claps_ge,4.791666666666666,1.1826614152203743,0.021181369820137033
claps_ge,4.875,1.18249608618104,0.0210041137902458
claps_ge,4.958333333333333,1.1826967160193582,0.020810023430749947
claps_ge,5.041666666666666,1.1806016767398089,0.0121529974533648
claps_ge,5.125,1.1811427319649495,0.011428101245979006
claps_ge,5.208333333333333,1.1806955051997983,0.012114429022912715
claps_ge,5.291666666666666,1.1808703075060274,0.011928998223090063
claps_ge,5.375,1.180821471142141,0.011185712042980158
claps_ge,5.458333333333333,1.1807997768899412,0.011949572706202592
claps_ge,5.541666666666666,1.1805330999567922,0.01152066750929497
claps_ge,5.625,1.1802808783374015,0.012068892000760854
claps_ge,5.708333333333333,1.1803584628098718,0.011414432820578423
claps_ge,5.791666666666666,1.1805656820271464,0.011680283655977829
claps_ge,5.875,1.1805199170347926,0.01174697696500034
claps_ge,5.958333333333333,1.180543123889797,0.011480296676830959
claps_ge,tail_mean_last_half,1.1834366771896268,0.0126502318200417
thesis,0.041666666666666664,1.89322836673361,0.01493877188916943
thesis,0.125,1.6640597570895372,0.013279319388397012
thesis,0.20833333333333331,1.5448412650562136,0.01642807762900564
thesis,0.29166666666666663,1.4691483017283258,0.008737715021443151
thesis,0.375,1.4196387631177037,0.009696133383292197
thesis,0.4583333333333333,1.387954887092799,0.00796367369521584
thesis,0.5416666666666666,1.3645806817301653,0.006011534848997921
thesis,0.625,1.3507400323972443,0.00500239419084737
thesis,0.7083333333333333,1.3366983520757594,0.007339296977105162
thesis,0.7916666666666666,1.327736580640321,0.005401948852658613
thesis,0.875,1.317455103999805,0.008241098531701402
thesis,0.9583333333333333,1.3125746831284828,0.0069685806675012325
thesis,1.0416666666666665,1.30610047222461,0.006518634090893811
thesis,1.125,1.3007890334049397,0.004537275322358285
thesis,1.2083333333333333,1.2978132418295423,0.005013006964922481
thesis,1.2916666666666665,1.295032371772001,0.008489049089494426
thesis,1.375,1.2911344265932994,0.006989503358643302
thesis,1.4583333333333333,1.2893281566362973,0.006650191233196019
thesis,1.5416666666666665,1.283903709625042,0.004667292991702613
thesis,1.625,1.2816940957184593,0.005606394183031264
thesis,1.7083333333333333,1.2804637135098902,0.005424520632963313
thesis,1.7916666666666665,1.2765552999250314,0.0068273994017615134
thesis,1.875,1.2715189048609143,0.008450578013671769
thesis,1.9583333333333333,1.2728822042216994,0.0069366375000014715
thesis,2.0416666666666665,1.2690065222559084,0.008058933992490226
thesis,2.125,1.2661470467695553,0.008735151923396517
thesis,2.208333333333333,1.264669313625991,0.00834834782034567
thesis,2.2916666666666665,1.2605570726967203,0.005807523633762627
thesis,2.375,1.2592653619113778,0.006261448239977123
thesis,2.458333333333333,1.257385003079289,0.0069938106500834
thesis,2.5416666666666665,1.256003371384146,0.008142322686664198
thesis,2.625,1.2532007211083322,0.0056214677899915
thesis,2.708333333333333,1.2482796935336093,0.006783366574303508
thesis,2.7916666666666665,1.2479027245637109,0.006231024403125119
thesis,2.875,1.2431045320504555,0.0035687170399414593
thesis,2.958333333333333,1.2380238317111476,0.0033458052688886204
thesis,3.0416666666666665,1.2372356756788154,0.004622555047792348
thesis,3.125,1.2353215174497123,0.004259345323988981
thesis,3.208333333333333,1.2342217446453496,0.008172478357427855
thesis,3.2916666666666665,1.2308720222369702,0.007571717269451981
thesis,3.375,1.2289845952348692,0.0072089925547558845
thesis,3.458333333333333,1.2281851588999597,0.007069994448403188
thesis,3.5416666666666665,1.2250587486274176,0.006924794838698373
thesis,3.625,1.2217800064274074,0.0044483625985652754
thesis,3.708333333333333,1.22027831648054,0.005389525853545969
thesis,3.7916666666666665,1.216921410727295,0.006016313906331186
thesis,3.875,1.2197786191086057,0.00501639791405119
thesis,3.958333333333333,1.2144635678761573,0.005924433227549615
thesis,4.041666666666666,1.2129416027576307,0.006631339151347579
thesis,4.125,1.2110090009983974,0.006455243696997657
thesis,4.208333333333333,1.2113924765126678,0.003909718933719808
thesis,4.291666666666666,1.2078768642604554,0.005328990206906081
thesis,4.375,1.2046795769894079,0.003452370598926392
thesis,4.458333333333333,1.203335048044106,0.004028811706919186
thesis,4.541666666666666,1.2003482886265378,0.004979192253429046
thesis,4.625,1.202376221155244,0.0031818340536390903
thesis,4.708333333333333,1.1997302607819198,0.004594452766152401
thesis,4.791666666666666,1.1965679918234255,0.003988361480295844
thesis,4.875,1.1959914856086211,0.002787876145715413
thesis,4.958333333333333,1.1949386223080953,0.006671095272922274
thesis,5.041666666666666,1.191737724287481,0.0038016180688779534
thesis,5.125,1.191097629753492,0.005107288584977085
thesis,5.208333333333333,1.1918272456359813,0.004620535209653291
thesis,5.291666666666666,1.1898862256561131,0.0032363037333757653
thesis,5.375,1.1867734063248674,0.007397549700051332
thesis,5.458333333333333,1.186188848030045,0.004412834229525724
thesis,5.541666666666666,1.1855502778460554,0.0056836362941893506
thesis,5.625,1.1827918535155733,0.003175639944236802
thesis,5.708333333333333,1.1826087213229648,0.002836711104571368
thesis,5.791666666666666,1.1827739841483949,0.0041429374483587566
thesis,5.875,1.1807743730085618,0.004792297490577475
thesis,5.958333333333333,1.1812255757927432,0.005303380554893153
thesis,tail_mean_last_half,1.2052090191272746,0.004269231879406017
uniform,0.041666666666666664,1.9443848512547823,0.01297437439304714
uniform,0.125,1.938159127005689,0.012329236231793649
uniform,0.20833333333333331,1.9459122982889572,0.00445866681900416
uniform,0.29166666666666663,1.9450103755946813,0.008664808710054874
uniform,0.375,1.9404944632692351,0.00909867454116971
uniform,0.4583333333333333,1.9475252337903803,0.012326184126125784
uniform,0.5416666666666666,1.947106992350783,0.007903659909030539
uniform,0.625,1.9477080843754493,0.00943518386039853
uniform,0.7083333333333333,1.9441042588153183,0.0065534970752946
uniform,0.7916666666666666,1.9429544932085492,0.010924491490295415
uniform,0.875,1.9422894562546607,0.008070291549859084
uniform,0.9583333333333333,1.9466271285756527,0.004515389082131237
uniform,1.0416666666666665,1.9473010822201187,0.01610275437955389
uniform,1.125,1.9357652936156664,0.013386351164955571
uniform,1.2083333333333333,1.947677007770972,0.011393890473470704
uniform,1.2916666666666665,1.9428973076782252,0.005458100151504643
uniform,1.375,1.9421199892545622,0.017359209766283093
uniform,1.4583333333333333,1.9448601734641788,0.003730600991197362
uniform,1.5416666666666665,1.94656066011607,0.00793326041694513
uniform,1.625,1.950072261301942,0.013338495546971934
uniform,1.7083333333333333,1.9462144833404742,0.011026126575156621
uniform,1.7916666666666665,1.9422126410553517,0.01352742442567997
uniform,1.875,1.9466440289451328,0.007996296278051334
uniform,1.9583333333333333,1.9492395789700432,0.013768469158051888
uniform,2.0416666666666665,1.9452834340987082,0.012121711590835214
uniform,2.125,1.9482410814200493,0.014769927437818497
uniform,2.208333333333333,1.9427202443502118,0.013823519699069
uniform,2.2916666666666665,1.9442529592237363,0.005526040248955846
uniform,2.375,1.9444998986229574,0.010016366120755588
uniform,2.458333333333333,1.9473966905120013,0.00738909915480331
uniform,2.5416666666666665,1.945483204363823,0.0019974719254888147
uniform,2.625,1.9429353608592739,0.01054249284917356
uniform,2.708333333333333,1.9501509370194057,0.00689007775289506
uniform,2.7916666666666665,1.9509648206089119,0.01022659893954365
uniform,2.875,1.9429403133852596,0.003927726564038752
uniform,2.958333333333333,1.944768071051103,0.009749600797241657
uniform,3.0416666666666665,1.9422245900754764,0.011797929039110328
uniform,3.125,1.9480741480599935,0.005352086444387061
uniform,3.208333333333333,1.9474857006764505,0.008692166459874471
uniform,3.2916666666666665,1.9434021188099646,0.003020014747040533
uniform,3.375,1.9387103771057859,0.011500865467474081
uniform,3.458333333333333,1.9387264746237136,0.0039378914001168
uniform,3.5416666666666665,1.948879775331622,0.009588175108485647
uniform,3.625,1.9482042842500136,0.01121416123791847
uniform,3.708333333333333,1.9488236510039605,0.011149578004082557
uniform,3.7916666666666665,1.951153152803857,0.007967092411553396
uniform,3.875,1.9429400969198476,0.0056673643650232905
uniform,3.958333333333333,1.944111949103543,0.012800615704922039
uniform,4.041666666666666,1.9488947660315694,0.01301467555782943
uniform,4.125,1.9440319838456843,0.011450756418822799
uniform,4.208333333333333,1.9451280955013903,0.006699167608130312
uniform,4.291666666666666,1.947680626567358,0.005926986530143669
uniform,4.375,1.9448445003162782,0.013184137119645247
uniform,4.458333333333333,1.9451151986808946,0.011705726907018366
uniform,4.541666666666666,1.9457121308753138,0.003487565495705548
uniform,4.625,1.9482082965946297,0.010286567072131268
uniform,4.708333333333333,1.9499608510855986,0.007913254398230157
uniform,4.791666666666666,1.9429393858319635,0.010082115624923992
uniform,4.875,1.9431582085531223,0.007922348108748008
uniform,4.958333333333333,1.948332857626358,0.01230207332294164
uniform,5.041666666666666,1.944712759441364,0.015305514109090746
uniform,5.125,1.9389717388701668,0.009935023602735377
uniform,5.208333333333333,1.9423982108170725,0.011804921150133619
uniform,5.291666666666666,1.9456874033433973,0.008779514695738818
uniform,5.375,1.9502085384048453,0.00799987697991033
uniform,5.458333333333333,1.9494178443951498,0.009176841135431687
uniform,5.541666666666666,1.9479668606689073,0.010880764913837484
uniform,5.625,1.9522367072959632,0.009116563637859601
uniform,5.708333333333333,1.953805430461646,0.0121461930821177
uniform,5.791666666666666,1.9435532324143125,0.007680922822836906
uniform,5.875,1.9476796927723226,0.005675546840167231
uniform,5.958333333333333,1.9436155019055676,0.01336942602994819
uniform,tail_mean_last_half,1.9460276983629197,0.0036929467013922584
