variant,H_change_rounds,H_change_min,excess_mean,excess_ci95
strongly_adaptive,6,1.0,0.37555420061770173,0.007425487553132664
strongly_adaptive,60,10.0,0.250950280201223,0.007888607300222924
strongly_adaptive,360,60.0,0.15925129068236352,0.01245613592594767
strongly_adaptive,2160,360.0,0.041185297180686684,0.00250153065904062
hedge,6,1.0,0.39794248411983496,0.004673329262657064
hedge,60,10.0,0.2526364626898168,0.00865377243725434
hedge,360,60.0,0.15853623462073022,0.01098324387633509
hedge,2160,360.0,0.041320264581419075,0.0023979496761580357
fixed_share,6,1.0,0.38130616399345296,0.006984532981608547
fixed_share,60,10.0,0.2414022154197603,0.00798527960652549
fixed_share,360,60.0,0.1549158710720921,0.01091526204758812
fixed_share,2160,360.0,0.04306774947829973,0.002375279867483273
vanilla,6,1.0,1.0878683948608583,0.03805139106892594
vanilla,60,10.0,0.7523152838040235,0.0439205250438555
vanilla,360,60.0,0.40405388124548675,0.031016589072599243
vanilla,2160,360.0,0.20637931420425634,0.007899410676577878
lag_oracle,6,1.0,0.9208652948300908,0.004159416520552156
lag_oracle,60,10.0,0.5456737610034823,0.01265016341510991
lag_oracle,360,60.0,0.20632121847801885,0.019219472864335285
lag_oracle,2160,360.0,0.02035222001382946,0.000945965755318171
oracle,6,1.0,0.006848600182485606,4.644104641591475e-05
oracle,60,10.0,0.006820783538104827,0.00014070344071583934
oracle,360,60.0,0.0070972241647605915,7.608545386337364e-05
oracle,2160,360.0,0.008070579566100088,0.00011816656193041536
