mode,interval_windows,max_regret_mean,max_regret_ci95
real_plus_padding,2,0.15388075306618684,0.01627696931268049
real_plus_padding,4,0.20017759348701097,0.03155252589273255
real_plus_padding,8,0.229671860427626,0.0334900557018001
real_plus_padding,16,0.26123466324605815,0.030025921295688606
real_plus_padding,32,0.29685742663828274,0.018374564452806188
real_plus_padding,64,0.3706207330147301,0.04869108868794147
real_plus_padding,128,0.11967067456639027,0.18598153286216684
real_plus_padding,256,-0.270283662965763,0.7504277530562229
real_plus_padding,512,-0.6806731662440068,2.303214771364142
probe_uniform,2,0.2201431021681813,0.01587363442000001
probe_uniform,4,0.42333713138192647,0.038138001024485
probe_uniform,8,0.7977964627447263,0.09438635645778523
probe_uniform,16,1.4242305696873054,0.21142528920810416
probe_uniform,32,2.256265737728261,0.3067773669199472
probe_uniform,64,3.4247226675203897,0.30951187724458396
probe_uniform,128,4.053376209010997,0.21574568589401216
probe_uniform,256,3.0895989757364655,0.5208098717542857
probe_uniform,512,0.5433197778247981,0.45962542421348146
probe_sqrt,2,0.23231004852117074,0.008407893518641421
probe_sqrt,4,0.45194932079145633,0.026331543109977675
probe_sqrt,8,0.8819746569271889,0.0643117986896667
probe_sqrt,16,1.7050977846408943,0.13169021311141788
probe_sqrt,32,3.21430925907453,0.18586621872338557
probe_sqrt,64,5.80356843613801,0.1894676348811812
probe_sqrt,128,9.261295645448934,0.25364791062136577
probe_sqrt,256,11.33434341027307,1.1842084070396768
probe_sqrt,512,14.5148267082475,1.635083403586875
real_only_iw,2,0.25643104262915156,0.016561957583663824
real_only_iw,4,0.5033483649302443,0.03374059403060314
real_only_iw,8,0.9940948826930625,0.06597079914968569
real_only_iw,16,1.9383509456373456,0.14452182776707745
real_only_iw,32,3.6860118396685713,0.30351467354715345
real_only_iw,64,6.770443305079633,0.7176206563852955
real_only_iw,128,11.2249711601009,0.9322170909807169
real_only_iw,256,15.329963869239709,2.52580985087173
real_only_iw,512,22.247160691355727,4.813674321870892
pooled,2,0.14700245640295168,0.015343153542251376
pooled,4,0.18662067779673286,0.02991468254949957
pooled,8,0.2144451894928844,0.033488019347803835
pooled,16,0.2488286427304402,0.030289711872813454
pooled,32,0.2974151185424875,0.013251654841965542
pooled,64,0.38188003044963303,0.05008352980899909
pooled,128,0.038679553679742296,0.13201350480169763
pooled,256,-0.34250913375610254,0.9509578079026669
pooled,512,-0.7654673408959822,2.7038932116546963
