learner,H_change_rounds,excess_mean,excess_ci95
hedge,6,0.39794248411983496,0.004673329262657064
fixed_share,6,0.38130616399345296,0.006984532981608547
strongly_adaptive,6,0.37555420061770173,0.007425487553132664
oracle,6,0.006848600182485606,4.644104641591475e-05
hedge,60,0.2526364626898168,0.00865377243725434
fixed_share,60,0.2414022154197603,0.00798527960652549
strongly_adaptive,60,0.250950280201223,0.007888607300222924
oracle,60,0.006820783538104827,0.00014070344071583934
hedge,360,0.15853623462073022,0.01098324387633509
fixed_share,360,0.1549158710720921,0.01091526204758812
strongly_adaptive,360,0.15925129068236352,0.01245613592594767
oracle,360,0.0070972241647605915,7.608545386337364e-05
hedge,2160,0.041320264581419075,0.0023979496761580357
fixed_share,2160,0.04306774947829973,0.002375279867483273
strongly_adaptive,2160,0.041185297180686684,0.00250153065904062
oracle,2160,0.008070579566100088,0.00011816656193041536
