mode,knob,value,dummies_per_chooser_round,excess_mean,excess_ci95
probe_uniform,s,1.0,0.999889692453795,0.4945392652192986,0.01573916164938551
probe_uniform,s,3.0,3.0002688289867776,0.4243230642139652,0.014298058581406268
probe_uniform,s,10.0,10.000337497260574,0.30293638915405985,0.014724953347167056
probe_uniform,s,30.0,30.0007681349989,0.2054664928646615,0.01579816256966491
probe_uniform,s,100.0,100.0057712396815,0.17605834563665868,0.016365769043802547
probe_sqrt,s,1.0,7.405259788881582,0.31430092996319925,0.010935301028170223
probe_sqrt,s,3.0,7.450627785082913,0.31386016932026506,0.011140421365037389
probe_sqrt,s,10.0,11.571851577909271,0.30684896322206867,0.012198733011036076
probe_sqrt,s,30.0,30.180571170282708,0.3040903102230444,0.014220997730795723
probe_sqrt,s,100.0,99.95819480970121,0.33469319370145634,0.017595914812170158
real_plus_padding,w,2.0,162.6858368945869,0.1764288215759508,0.019105695178217964
real_plus_padding,w,6.0,47.52017395353934,0.13655550774137085,0.021401800549509426
real_plus_padding,w,18.0,12.717886441668494,0.12394729928515566,0.019118085458909074
real_plus_padding,w,60.0,2.6037437906348164,0.131731672114954,0.016064614538478017
pooled,w,6.0,47.24959986120242,0.12619244835818633,0.012628876072545106
pooled,w,18.0,12.634684966031118,0.11693100578742774,0.013150605772097888
real_only_iw,w,2.0,0.0,0.22718900865937391,0.015212228670314727
real_only_iw,w,6.0,0.0,0.288524246167037,0.013302714059060724
real_only_iw,w,18.0,0.0,0.3714530104095534,0.013447098105833895
real_only_iw,w,60.0,0.0,0.4289165716832981,0.012937020179685683
vanilla,,,0.0,0.20971891970489373,0.008292672983026507
