scheme,load_factor,cdf
claps_cr,0.01,0.00845351181059622
claps_cr,0.03,0.009624714079252491
claps_cr,0.05,0.011728259019200228
claps_cr,0.07,0.014648638438198587
claps_cr,0.09,0.018969469497028754
claps_cr,0.11,0.02435914702621235
claps_cr,0.13,0.030308496619938518
claps_cr,0.15,0.03696603959221704
claps_cr,0.17,0.04431140248835343
claps_cr,0.19,0.052605612537546795
claps_cr,0.21,0.0629998334983256
claps_cr,0.23,0.07327213296661136
claps_cr,0.25,0.08495163414019828
claps_cr,0.27,0.09790137062982258
claps_cr,0.29,0.11305590611320866
claps_cr,0.31,0.12809242805298715
claps_cr,0.33,0.1444862972007255
claps_cr,0.35000000000000003,0.16162560411641838
claps_cr,0.37,0.17716151342771497
claps_cr,0.39,0.19482432780543754
claps_cr,0.41000000000000003,0.21148355579775754
claps_cr,0.43,0.22652590212212076
claps_cr,0.45,0.24358009660568186
claps_cr,0.47000000000000003,0.2605933038939836
claps_cr,0.49,0.2769168982896726
claps_cr,0.51,0.2937943282965502
claps_cr,0.53,0.3120091026119018
claps_cr,0.55,0.33106715969050543
claps_cr,0.5700000000000001,0.34751478795531204
claps_cr,0.59,0.36624017050597174
claps_cr,0.61,0.3863287352853791
claps_cr,0.63,0.40592227049563734
claps_cr,0.65,0.4239229600723253
claps_cr,0.67,0.4416430874405253
claps_cr,0.6900000000000001,0.4630445636849502
claps_cr,0.71,0.4838979869326406
claps_cr,0.73,0.5094590088298089
claps_cr,0.75,0.5303279265371729
claps_cr,0.77,0.5542949754050037
claps_cr,0.79,0.5791420930385823
claps_cr,0.81,0.6040792694928521
claps_cr,0.8300000000000001,0.6270886824675909
claps_cr,0.85,0.6476000784968087
claps_cr,0.87,0.6676181990175732
claps_cr,0.89,0.6872771035209975
claps_cr,0.91,0.7059102486996662
claps_cr,0.93,0.7269078946778252
claps_cr,0.9500000000000001,0.746026042500856
claps_cr,0.97,0.7676741647812731
claps_cr,0.99,0.7861889602484355
claps_cr,1.01,0.8047557163308469
claps_cr,1.03,0.8197516846387665
claps_cr,1.05,0.8333118793616677
claps_cr,1.07,0.8450146305323611
claps_cr,1.09,0.8578775711520144
claps_cr,1.11,0.8690389797703234
claps_cr,1.1300000000000001,0.8803733977731159
claps_cr,1.1500000000000001,0.8896509447527242
claps_cr,1.17,0.8999867746202321
claps_cr,1.19,0.9080345447991834
claps_cr,1.21,0.9151887675517929
claps_cr,1.23,0.9222924296506865
claps_cr,1.25,0.9283264502883956
claps_cr,1.27,0.9338199890197256
claps_cr,1.29,0.9385130523317905
claps_cr,1.31,0.9445991612626721
claps_cr,1.33,0.9483402040204829
claps_cr,1.35,0.9517309981807628
claps_cr,1.37,0.9547532491012125
claps_cr,1.3900000000000001,0.9586281261957527
claps_cr,1.41,0.9609581203064619
claps_cr,1.43,0.9630511416596094
claps_cr,1.45,0.9664384799859531
claps_cr,1.47,0.9681499038885326
claps_cr,1.49,0.9697643039905708
claps_cr,1.51,0.9712046568736703
claps_cr,1.53,0.9727462985447772
claps_cr,1.55,0.9742563014400254
claps_cr,1.57,0.9757942883088521
claps_cr,1.59,0.9773347743068698
claps_cr,1.61,0.9787474189569902
claps_cr,1.6300000000000001,0.9801021234317684
claps_cr,1.6500000000000001,0.9813885514856797
claps_cr,1.67,0.9824865765426453
claps_cr,1.69,0.9834008750104742
claps_cr,1.71,0.9842339323438508
claps_cr,1.73,0.984892320137621
claps_cr,1.75,0.9854889095774539
claps_cr,1.77,0.9859413303412788
claps_cr,1.79,0.9863570969671049
claps_cr,1.81,0.9867481654702753
claps_cr,1.83,0.9871263606540583
claps_cr,1.85,0.9874022230670635
claps_cr,1.87,0.9876910712548995
claps_cr,1.8900000000000001,0.9879157050184791
claps_cr,1.9100000000000001,0.98815345824046
claps_cr,1.93,0.9883516518377563
claps_cr,1.95,0.9885628768324902
claps_cr,1.97,0.9887240390268313
claps_cr,1.99,0.9888900085873877
claps_cr,2.0100000000000002,0.9890476297992477
claps_cr,2.0300000000000002,0.9891951965641311
claps_cr,2.05,0.9893358505169779
claps_cr,2.07,0.989490712353834
claps_cr,2.09,0.9895887215041177
claps_cr,2.11,0.9897085653433879
claps_cr,2.13,0.9898335273301554
claps_cr,2.15,0.9899431584600824
claps_cr,2.17,0.9900996936079574
claps_cr,2.19,0.9901932493152152
claps_cr,2.21,0.9903102980399799
claps_cr,2.23,0.9903906390443554
claps_cr,2.25,0.9904761936002594
claps_cr,2.27,0.99054845946843
claps_cr,2.29,0.990654289220999
claps_cr,2.31,0.9907324977721834
claps_cr,2.33,0.9907981109467577
claps_cr,2.35,0.990876743207077
claps_cr,2.37,0.9909336305829728
claps_cr,2.39,0.9909879143270932
claps_cr,2.41,0.9910344817924681
claps_cr,2.43,0.9910853919735988
claps_cr,2.45,0.9911471143489098
claps_cr,2.47,0.9912086041082987
claps_cr,2.49,0.9912533682436292
claps_cr,2.5100000000000002,0.9912912482606537
claps_cr,2.5300000000000002,0.9913353149310917
claps_cr,2.5500000000000003,0.9913761312364907
claps_cr,2.57,0.991435520659527
claps_cr,2.59,0.9914843151451082
claps_cr,2.61,0.991516104573638
claps_cr,2.63,0.9915574322789038
claps_cr,2.65,0.9915982193856224
claps_cr,2.67,0.9916335715011839
claps_cr,2.69,0.9916723695911873
claps_cr,2.71,0.9917032263366246
claps_cr,2.73,0.9917374184046212
claps_cr,2.75,0.9918093277466327
claps_cr,2.77,0.9918529390114451
claps_cr,2.79,0.9918862481167822
claps_cr,2.81,0.9919142905098014
claps_cr,2.83,0.9919482264195385
claps_cr,2.85,0.9919787996887305
claps_cr,2.87,0.9920329746321828
claps_cr,2.89,0.992112978550218
claps_cr,2.91,0.9921621163585816
claps_cr,2.93,0.9922187529160941
claps_cr,2.95,0.9922924880442754
claps_cr,2.97,0.9923505597159502
claps_cr,2.99,0.9924267877055348
claps_cr,3.0100000000000002,0.9924691427338975
claps_cr,3.0300000000000002,0.9925345829795195
claps_cr,3.0500000000000003,0.9925983366133037
claps_cr,3.0700000000000003,0.9926403105612651
claps_cr,3.09,0.9926983129543857
claps_cr,3.11,0.9928006141834911
claps_cr,3.13,0.9928493609732916
claps_cr,3.15,0.9928884915096732
claps_cr,3.17,0.9929444998038538
claps_cr,3.19,0.9929803300004141
claps_cr,3.21,0.9930171898813162
claps_cr,3.23,0.9930756197777066
claps_cr,3.25,0.9931288147226351
claps_cr,3.27,0.9931695151452945
claps_cr,3.29,0.9932242628129436
claps_cr,3.31,0.9932775308351166
claps_cr,3.33,0.9933224267646663
claps_cr,3.35,0.9933679119892501
claps_cr,3.37,0.9934254299581864
claps_cr,3.39,0.9935256074066999
claps_cr,3.41,0.993578908249946
claps_cr,3.43,0.9936568445628466
claps_cr,3.45,0.9937284172945962
claps_cr,3.47,0.9938069883164868
claps_cr,3.49,0.9938774273352816
claps_cr,3.5100000000000002,0.9939350587840324
claps_cr,3.5300000000000002,0.9940243065064513
claps_cr,3.5500000000000003,0.994175181120226
claps_cr,3.5700000000000003,0.994236155865464
claps_cr,3.59,0.9943227140230434
claps_cr,3.61,0.9943852137424313
claps_cr,3.63,0.9944562739355153
claps_cr,3.65,0.9945293801057553
claps_cr,3.67,0.9945756431592297
claps_cr,3.69,0.9947241630627142
claps_cr,3.71,0.9948095295384208
claps_cr,3.73,0.9948576652658526
claps_cr,3.75,0.9949028352291738
claps_cr,3.77,0.9949599930515672
claps_cr,3.79,0.9950208013072745
claps_cr,3.81,0.9950603346467741
claps_cr,3.83,0.9951396178398136
claps_cr,3.85,0.9951847227317397
claps_cr,3.87,0.9952387477839655
claps_cr,3.89,0.9952976798110075
claps_cr,3.91,0.9953596310197398
claps_cr,3.93,0.9954078658843142
claps_cr,3.95,0.9954456251341292
claps_cr,3.97,0.995481512796044
claps_cr,3.99,0.9955698387515387
claps_cr,P(rho>1),0.20385384396445794
regretor,0.01,0.0003662710900156981
regretor,0.03,0.0006274378786641268
regretor,0.05,0.0011247208470568494
regretor,0.07,0.0016768214452834787
regretor,0.09,0.002188969975708239
regretor,0.11,0.0027693115204163593
regretor,0.13,0.0033595179500277143
regretor,0.15,0.0038597349375261328
regretor,0.17,0.004370593862782976
regretor,0.19,0.004981922084557934
regretor,0.21,0.005653596522500807
regretor,0.23,0.00649281553883432
regretor,0.25,0.007306549594177977
regretor,0.27,0.008178499941643462
regretor,0.29,0.009179039255772344
regretor,0.31,0.010315139489913588
regretor,0.33,0.011646845354613817
regretor,0.35000000000000003,0.013024938784679245
regretor,0.37,0.014607081979241406
regretor,0.39,0.016294772432231843
regretor,0.41000000000000003,0.01826140173356075
regretor,0.43,0.02052340589329824
regretor,0.45,0.02297441777562447
regretor,0.47000000000000003,0.02586442689489353
regretor,0.49,0.02922257612777512
regretor,0.51,0.03362037623545008
regretor,0.53,0.03868941859325386
regretor,0.55,0.04536128135516549
regretor,0.5700000000000001,0.0538549122409422
regretor,0.59,0.06582870944070002
regretor,0.61,0.08190558007793684
regretor,0.63,0.10525055405008488
regretor,0.65,0.14010978357047102
regretor,0.67,0.19429186465629023
regretor,0.6900000000000001,0.2813236471952768
regretor,0.71,0.4074435562909788
regretor,0.73,0.5406551980867478
regretor,0.75,0.6424842992270234
regretor,0.77,0.7158399928783089
regretor,0.79,0.7735708295126421
regretor,0.81,0.8221898637340905
regretor,0.8300000000000001,0.8631930916514223
regretor,0.85,0.8959850542340407
regretor,0.87,0.9206808492595444
regretor,0.89,0.9383045470602551
regretor,0.91,0.9505524269420781
regretor,0.93,0.9589152208738692
regretor,0.9500000000000001,0.9649322996790106
regretor,0.97,0.969020755326745
regretor,0.99,0.9718022040761048
regretor,1.01,0.9735676333692544
regretor,1.03,0.975096991077273
regretor,1.05,0.9768857366574744
regretor,1.07,0.9784805829632495
regretor,1.09,0.9795000692146254
regretor,1.11,0.9801724293555949
regretor,1.1300000000000001,0.9806896936144031
regretor,1.1500000000000001,0.9812474123378712
regretor,1.17,0.981615430131094
regretor,1.19,0.9819166795853622
regretor,1.21,0.9820900655996639
regretor,1.23,0.9822075306803235
regretor,1.25,0.9822989463677683
regretor,1.27,0.982380800482848
regretor,1.29,0.9824836579276978
regretor,1.31,0.9829138504439463
regretor,1.33,0.9833442043932684
regretor,1.35,0.9836300733030555
regretor,1.37,0.9839741421113823
regretor,1.3900000000000001,0.9841703344562304
regretor,1.41,0.9842889034848348
regretor,1.43,0.9843943216288984
regretor,1.45,0.984512451594295
regretor,1.47,0.984619703692891
regretor,1.49,0.9847271455494818
regretor,1.51,0.9848442017828517
regretor,1.53,0.9849524915685274
regretor,1.55,0.9850776641025749
regretor,1.57,0.9851967719116254
regretor,1.59,0.9853030664154413
regretor,1.61,0.9854228788435982
regretor,1.6300000000000001,0.9855413136617139
regretor,1.6500000000000001,0.9856566817876005
regretor,1.67,0.9857642361948593
regretor,1.69,0.9858747947978639
regretor,1.71,0.9859968985583234
regretor,1.73,0.9861098607733784
regretor,1.75,0.9862223240964548
regretor,1.77,0.9863406478029684
regretor,1.79,0.9864440124292122
regretor,1.81,0.9865619834655032
regretor,1.83,0.9866728242686613
regretor,1.85,0.9867847667316957
regretor,1.87,0.9868925299953979
regretor,1.8900000000000001,0.9870062664501646
regretor,1.9100000000000001,0.9871019829246858
regretor,1.93,0.9872106565706237
regretor,1.95,0.9873273216306087
regretor,1.97,0.9874369099561927
regretor,1.99,0.9875367307325689
regretor,2.0100000000000002,0.9876482667454195
regretor,2.0300000000000002,0.9877550340312498
regretor,2.05,0.9878661367106566
regretor,2.07,0.9879780273502977
regretor,2.09,0.9880902942895813
regretor,2.11,0.9881997886735228
regretor,2.13,0.9883221493806174
regretor,2.15,0.9884412716900711
regretor,2.17,0.9885660788210451
regretor,2.19,0.9886868717320856
regretor,2.21,0.9888157532793521
regretor,2.23,0.9889316968274278
regretor,2.25,0.9890594205482331
regretor,2.27,0.9891821906433305
regretor,2.29,0.9893058712091867
regretor,2.31,0.9894370946686886
regretor,2.33,0.9895671205194794
regretor,2.35,0.9897038997313238
regretor,2.37,0.9898349003318709
regretor,2.39,0.9899648324823116
regretor,2.41,0.9901051711303546
regretor,2.43,0.9902415597771583
regretor,2.45,0.9903766196163736
regretor,2.47,0.9905063754242349
regretor,2.49,0.9906560351396109
regretor,2.5100000000000002,0.9907845915555161
regretor,2.5300000000000002,0.9909106546943692
regretor,2.5500000000000003,0.9910442384447462
regretor,2.57,0.9911764217551066
regretor,2.59,0.9913016201806338
regretor,2.61,0.9914158488198568
regretor,2.63,0.9915356511458046
regretor,2.65,0.9916620149105717
regretor,2.67,0.9917870972219839
regretor,2.69,0.9918984196030517
regretor,2.71,0.9920267323408198
regretor,2.73,0.992158435848871
regretor,2.75,0.9922814192705077
regretor,2.77,0.9924104657133815
regretor,2.79,0.992535684774326
regretor,2.81,0.9926615508348557
regretor,2.83,0.9928111089633318
regretor,2.85,0.9929505787742026
regretor,2.87,0.9930970721762716
regretor,2.89,0.9932500635161926
regretor,2.91,0.9933983350922551
regretor,2.93,0.9935519448772756
regretor,2.95,0.993699562380986
regretor,2.97,0.9938509430737893
regretor,2.99,0.9939899635935596
regretor,3.0100000000000002,0.99413609772736
regretor,3.0300000000000002,0.9942870735713855
regretor,3.0500000000000003,0.9944426971602802
regretor,3.0700000000000003,0.9945963995938955
regretor,3.09,0.9947479618607903
regretor,3.11,0.9949008585963229
regretor,3.13,0.9950546722208921
regretor,3.15,0.9951910171504998
regretor,3.17,0.9953471076898525
regretor,3.19,0.9954849036718999
regretor,3.21,0.9956329662221894
regretor,3.23,0.9957791434126833
regretor,3.25,0.9959292493529852
regretor,3.27,0.9960542578420271
regretor,3.29,0.9962093075418885
regretor,3.31,0.9963562014703639
regretor,3.33,0.9964883108599539
regretor,3.35,0.9966537542198074
regretor,3.37,0.9967968169073453
regretor,3.39,0.996965115080114
regretor,3.41,0.9971145489574363
regretor,3.43,0.997276625909562
regretor,3.45,0.9974256727161583
regretor,3.47,0.9975712016729968
regretor,3.49,0.9977189495167372
regretor,3.5100000000000002,0.9978328561484662
regretor,3.5300000000000002,0.9979532621033956
regretor,3.5500000000000003,0.9980500208262085
regretor,3.5700000000000003,0.9981490857772692
regretor,3.59,0.9982334798315132
regretor,3.61,0.9983098460796711
regretor,3.63,0.9983796587320036
regretor,3.65,0.9984313319233359
regretor,3.67,0.9984822708922259
regretor,3.69,0.9985301312715572
regretor,3.71,0.9985753680462328
regretor,3.73,0.9986236035620591
regretor,3.75,0.9986579727624942
regretor,3.77,0.9987001714776478
regretor,3.79,0.9987548587298013
regretor,3.81,0.9987931040182526
regretor,3.83,0.9988413277169329
regretor,3.85,0.9988840206312606
regretor,3.87,0.9989338230775454
regretor,3.89,0.9989815719697247
regretor,3.91,0.9990320609656084
regretor,3.93,0.9990751137532252
regretor,3.95,0.9991219930075096
regretor,3.97,0.999152915250235
regretor,3.99,0.9991748992396866
regretor,P(rho>1),0.027272478210857876
vanilla,0.01,0.008625340354524759
vanilla,0.03,0.009848106521653133
vanilla,0.05,0.011917197317930122
vanilla,0.07,0.014347123771497935
vanilla,0.09,0.01761761394471387
vanilla,0.11,0.02279465153399039
vanilla,0.13,0.02887422737599679
vanilla,0.15,0.035166610337085055
vanilla,0.17,0.04244571307610799
vanilla,0.19,0.049711803887478284
vanilla,0.21,0.05843447314143171
vanilla,0.23,0.06814494469028107
vanilla,0.25,0.07949458691844347
vanilla,0.27,0.09165559952129577
vanilla,0.29,0.10566912822511403
vanilla,0.31,0.12034530819396543
vanilla,0.33,0.13476698983622618
vanilla,0.35000000000000003,0.14942182067893012
vanilla,0.37,0.16562387990092786
vanilla,0.39,0.1818400293098068
vanilla,0.41000000000000003,0.19775904703201377
vanilla,0.43,0.21427974943923822
vanilla,0.45,0.23090691207295974
vanilla,0.47000000000000003,0.24756951205583588
vanilla,0.49,0.26395960952289294
vanilla,0.51,0.2806082184590481
vanilla,0.53,0.2965501995105137
vanilla,0.55,0.31365889236695027
vanilla,0.5700000000000001,0.3319913038445313
vanilla,0.59,0.35162443877730515
vanilla,0.61,0.37185677710354054
vanilla,0.63,0.39290849752135987
vanilla,0.65,0.41455492361242335
vanilla,0.67,0.43675322686367135
vanilla,0.6900000000000001,0.45927962832860936
vanilla,0.71,0.4831499877824608
vanilla,0.73,0.5077668614712915
vanilla,0.75,0.532427151867993
vanilla,0.77,0.5576751541309537
vanilla,0.79,0.582634066192434
vanilla,0.81,0.6071530297774436
vanilla,0.8300000000000001,0.6320248948519079
vanilla,0.85,0.6558938349811128
vanilla,0.87,0.6788016705159792
vanilla,0.89,0.7003392856773264
vanilla,0.91,0.7210650012435318
vanilla,0.93,0.7406770899391978
vanilla,0.9500000000000001,0.759125195217336
vanilla,0.97,0.7763559539847918
vanilla,0.99,0.7928348642297032
vanilla,1.01,0.8091645937902725
vanilla,1.03,0.8244638600936177
vanilla,1.05,0.8387456756301811
vanilla,1.07,0.8518480925362039
vanilla,1.09,0.8644219184933276
vanilla,1.11,0.8763366968304608
vanilla,1.1300000000000001,0.8877811955314734
vanilla,1.1500000000000001,0.8983617313070303
vanilla,1.17,0.9077190864060072
vanilla,1.19,0.9162079876351304
vanilla,1.21,0.9236348232859943
vanilla,1.23,0.9303377425181015
vanilla,1.25,0.9361506509141526
vanilla,1.27,0.9411492649447492
vanilla,1.29,0.9457185967773101
vanilla,1.31,0.9495928670947428
vanilla,1.33,0.9531173019439186
vanilla,1.35,0.9562155391584359
vanilla,1.37,0.9591802630527012
vanilla,1.3900000000000001,0.9619840501910035
vanilla,1.41,0.964806777401951
vanilla,1.43,0.967702405787392
vanilla,1.45,0.9703028467812684
vanilla,1.47,0.9724116783397265
vanilla,1.49,0.9742344585328125
vanilla,1.51,0.9758071958020668
vanilla,1.53,0.9773775990579322
vanilla,1.55,0.978759136087951
vanilla,1.57,0.9800819343040063
vanilla,1.59,0.981130350203333
vanilla,1.61,0.9820953945899943
vanilla,1.6300000000000001,0.9829842650002659
vanilla,1.6500000000000001,0.9838709884815042
vanilla,1.67,0.9846806571003386
vanilla,1.69,0.9854138921881342
vanilla,1.71,0.9860270400362194
vanilla,1.73,0.9865916830196036
vanilla,1.75,0.987117805606965
vanilla,1.77,0.9875613834717509
vanilla,1.79,0.987926507021269
vanilla,1.81,0.9881844567008073
vanilla,1.83,0.9883979969576785
vanilla,1.85,0.9885189419974763
vanilla,1.87,0.9886512818259806
vanilla,1.8900000000000001,0.9887572362863909
vanilla,1.9100000000000001,0.9888503777290114
vanilla,1.93,0.9889313725374114
vanilla,1.95,0.9890160054154904
vanilla,1.97,0.9890850157907133
vanilla,1.99,0.9891492336156733
vanilla,2.0100000000000002,0.9892145015817942
vanilla,2.0300000000000002,0.9892730660100918
vanilla,2.05,0.9893332898117874
vanilla,2.07,0.9893935644673639
vanilla,2.09,0.9894435953997183
vanilla,2.11,0.9894935989176599
vanilla,2.13,0.9895529955659405
vanilla,2.15,0.9896078678170184
vanilla,2.17,0.989665698452861
vanilla,2.19,0.9897222456422321
vanilla,2.21,0.9897850420631131
vanilla,2.23,0.9898372697550188
vanilla,2.25,0.9899001880635689
vanilla,2.27,0.9899632839473459
vanilla,2.29,0.9900276358409394
vanilla,2.31,0.9900916111297225
vanilla,2.33,0.9901574240404701
vanilla,2.35,0.9902159958780077
vanilla,2.37,0.9902619650291467
vanilla,2.39,0.9903191564757668
vanilla,2.41,0.9903697867025711
vanilla,2.43,0.9904243398063542
vanilla,2.45,0.9904726500728225
vanilla,2.47,0.9905153515501648
vanilla,2.49,0.9905686774211964
vanilla,2.5100000000000002,0.9906179868802388
vanilla,2.5300000000000002,0.9906754224306804
vanilla,2.5500000000000003,0.9907240603356791
vanilla,2.57,0.990777192986524
vanilla,2.59,0.9908301821274358
vanilla,2.61,0.9908876294160065
vanilla,2.63,0.9909439989904372
vanilla,2.65,0.9910207103760001
vanilla,2.67,0.9910873005076973
vanilla,2.69,0.9911525711802112
vanilla,2.71,0.991223689997289
vanilla,2.73,0.9913091432675575
vanilla,2.75,0.9913726039497583
vanilla,2.77,0.9914370673895722
vanilla,2.79,0.9915105790337826
vanilla,2.81,0.9915758998442832
vanilla,2.83,0.9916386993520688
vanilla,2.85,0.9917037290136826
vanilla,2.87,0.9917609969819722
vanilla,2.89,0.9918258961435887
vanilla,2.91,0.9918899539625573
vanilla,2.93,0.9919566628893766
vanilla,2.95,0.9920152990695817
vanilla,2.97,0.9920707698266475
vanilla,2.99,0.992129432279568
vanilla,3.0100000000000002,0.9921885490220292
vanilla,3.0300000000000002,0.9922518071175654
vanilla,3.0500000000000003,0.9923094050630025
vanilla,3.0700000000000003,0.9923692912367479
vanilla,3.09,0.9924386934442775
vanilla,3.11,0.9925025805261981
vanilla,3.13,0.9925714622237161
vanilla,3.15,0.9926343551412208
vanilla,3.17,0.9927070890343692
vanilla,3.19,0.9927696424765909
vanilla,3.21,0.9928335672377869
vanilla,3.23,0.9928985842281817
vanilla,3.25,0.9929609601295503
vanilla,3.27,0.9930223746906692
vanilla,3.29,0.9930947790740053
vanilla,3.31,0.9931579784860833
vanilla,3.33,0.9932215754753629
vanilla,3.35,0.993288150721651
vanilla,3.37,0.9933504633784863
vanilla,3.39,0.9934278153636495
vanilla,3.41,0.9934950839505626
vanilla,3.43,0.9935670651619918
vanilla,3.45,0.993648072551867
vanilla,3.47,0.9937139797129428
vanilla,3.49,0.9937871798803505
vanilla,3.5100000000000002,0.9938517867623007
vanilla,3.5300000000000002,0.9939326119042192
vanilla,3.5500000000000003,0.9940056822501541
vanilla,3.5700000000000003,0.994088055943891
vanilla,3.59,0.9941684188105265
vanilla,3.61,0.9942407361616273
vanilla,3.63,0.9943153577047682
vanilla,3.65,0.9943780284230248
vanilla,3.67,0.9944441084176668
vanilla,3.69,0.9945046223835665
vanilla,3.71,0.9945601285298981
vanilla,3.73,0.994614149441458
vanilla,3.75,0.9946682741321681
vanilla,3.77,0.9947203704977299
vanilla,3.79,0.9947698576565595
vanilla,3.81,0.9948239144459404
vanilla,3.83,0.9948800221578774
vanilla,3.85,0.9949348124551097
vanilla,3.87,0.9949974709860286
vanilla,3.89,0.9950599223214969
vanilla,3.91,0.9951122258918893
vanilla,3.93,0.9951773618766121
vanilla,3.95,0.9952367877953738
vanilla,3.97,0.9952900390313107
vanilla,3.99,0.9953473414795418
vanilla,P(rho>1),0.19867962377930903
oracle,0.01,0.0001163311510997447
oracle,0.03,0.0001163311510997447
oracle,0.05,0.0001163311510997447
oracle,0.07,0.00011660225869031589
oracle,0.09,0.00011786577227969035
oracle,0.11,0.0001258900179541629
oracle,0.13,0.0001352102302780471
oracle,0.15,0.00014269478132475344
oracle,0.17,0.00015687796766298304
oracle,0.19,0.00017219682314936505
oracle,0.21,0.00020306411498098375
oracle,0.23,0.00024209605073813043
oracle,0.25,0.0002820856656103593
oracle,0.27,0.00032543997706517726
oracle,0.29,0.00038544968684444173
oracle,0.31,0.0004685022031804457
oracle,0.33,0.0005709499444677344
oracle,0.35000000000000003,0.0006975941996473502
oracle,0.37,0.0008599736448603434
oracle,0.39,0.0010593521102172999
oracle,0.41000000000000003,0.0013785334611146486
oracle,0.43,0.0017767854283011026
oracle,0.45,0.002261456270889685
oracle,0.47000000000000003,0.003016787086803977
oracle,0.49,0.003974974411439476
oracle,0.51,0.005548689543158163
oracle,0.53,0.007680772037739509
oracle,0.55,0.010981363943358562
oracle,0.5700000000000001,0.01571999967491065
oracle,0.59,0.02338078470344949
oracle,0.61,0.03538959451339721
oracle,0.63,0.05513945004173671
oracle,0.65,0.08883230304328722
oracle,0.67,0.14584162465210787
oracle,0.6900000000000001,0.24421198447928452
oracle,0.71,0.3954753585658546
oracle,0.73,0.5389953347511557
oracle,0.75,0.6437782153405841
oracle,0.77,0.7239131525305139
oracle,0.79,0.7896747560128864
oracle,0.81,0.8410202559006594
oracle,0.8300000000000001,0.8825080294454842
oracle,0.85,0.9134748707200329
oracle,0.87,0.9344698961495276
oracle,0.89,0.9507914108090291
oracle,0.91,0.9629527764225708
oracle,0.93,0.9708753376418398
oracle,0.9500000000000001,0.9751879637397263
oracle,0.97,0.9784210730822722
oracle,0.99,0.9802393977230351
oracle,1.01,0.9847067548019093
oracle,1.03,0.9866968082300844
oracle,1.05,0.9874639541986252
oracle,1.07,0.9880078078887352
oracle,1.09,0.9887196455096954
oracle,1.11,0.9900008570729594
oracle,1.1300000000000001,0.9902904206050854
oracle,1.1500000000000001,0.9904890464174865
oracle,1.17,0.9906394310281842
oracle,1.19,0.9907341728512811
oracle,1.21,0.990888892572245
oracle,1.23,0.9910856470428995
oracle,1.25,0.9911794244530653
oracle,1.27,0.9924888054040633
oracle,1.29,0.9925832551466994
oracle,1.31,0.9926289474435345
oracle,1.33,0.9927447663847004
oracle,1.35,0.9927946707648405
oracle,1.37,0.9928201276310064
oracle,1.3900000000000001,0.9928766728805138
oracle,1.41,0.9929350397840196
oracle,1.43,0.9929448102626491
oracle,1.45,0.9929861083869657
oracle,1.47,0.9931321344324343
oracle,1.49,0.9931590606797539
oracle,1.51,0.9932459764374578
oracle,1.53,0.9932715516167403
oracle,1.55,0.9933692732995696
oracle,1.57,0.9934060281033441
oracle,1.59,0.9934723085067749
oracle,1.61,0.9937113032891385
oracle,1.6300000000000001,0.9937454125832049
oracle,1.6500000000000001,0.9937704876169371
oracle,1.67,0.9938095873355378
oracle,1.69,0.9938816135299452
oracle,1.71,0.9939444554383186
oracle,1.73,0.9939519783614604
oracle,1.75,0.9939775033435619
oracle,1.77,0.9940269714688953
oracle,1.79,0.994092574127081
oracle,1.81,0.9940942010367245
oracle,1.83,0.9941455120587734
oracle,1.85,0.9942175285132454
oracle,1.87,0.9942569409012801
oracle,1.8900000000000001,0.9942817726533927
oracle,1.9100000000000001,0.9943013606452351
oracle,1.93,0.994371257668003
oracle,1.95,0.994444709423352
oracle,1.97,0.9944751495989609
oracle,1.99,0.9944959807846901
oracle,2.0100000000000002,0.994531602006289
oracle,2.0300000000000002,0.9946779755569937
oracle,2.05,0.994708006172343
oracle,2.07,0.9947595065890081
oracle,2.09,0.9948235985322523
oracle,2.11,0.9948812205876453
oracle,2.13,0.9949174014791898
oracle,2.15,0.994927959413986
oracle,2.17,0.9950450601348871
oracle,2.19,0.9951002075942306
oracle,2.21,0.9951774055173518
oracle,2.23,0.9952106304573393
oracle,2.25,0.9952246907584671
oracle,2.27,0.9952597093701011
oracle,2.29,0.9953613251675935
oracle,2.31,0.995421423502527
oracle,2.33,0.9955581950739284
oracle,2.35,0.9955979821290488
oracle,2.37,0.9956213520818756
oracle,2.39,0.9956368554891518
oracle,2.41,0.995694536088827
oracle,2.43,0.9957139805001489
oracle,2.45,0.9958904790975132
oracle,2.47,0.9960208777982823
oracle,2.49,0.9960554746496473
oracle,2.5100000000000002,0.9961065618914553
oracle,2.5300000000000002,0.9962655926974715
oracle,2.5500000000000003,0.9964281063771836
oracle,2.57,0.9965124962836753
oracle,2.59,0.9965652879671781
oracle,2.61,0.9966139419834348
oracle,2.63,0.9967727177940547
oracle,2.65,0.9968149075357372
oracle,2.67,0.9968301471380672
oracle,2.69,0.9968536865517494
oracle,2.71,0.9968630270376059
oracle,2.73,0.9969258934833946
oracle,2.75,0.9970224980136279
oracle,2.77,0.9970994742921137
oracle,2.79,0.9971984103727344
oracle,2.81,0.997198671588506
oracle,2.83,0.9972392126158299
oracle,2.85,0.9972949552830599
oracle,2.87,0.997444401357309
oracle,2.89,0.9975133985307938
oracle,2.91,0.9975229031768322
oracle,2.93,0.9975229031768322
oracle,2.95,0.9975404549486336
oracle,2.97,0.9975405348816218
oracle,2.99,0.9975489716114111
oracle,3.0100000000000002,0.9975758535341663
oracle,3.0300000000000002,0.9976866643278284
oracle,3.0500000000000003,0.9977808856418245
oracle,3.0700000000000003,0.9978670473856381
oracle,3.09,0.9979407747002371
oracle,3.11,0.9980051387739882
oracle,3.13,0.9980894419975046
oracle,3.15,0.9981493888857921
oracle,3.17,0.9981580692835642
oracle,3.19,0.9982142807515951
oracle,3.21,0.9982275142208128
oracle,3.23,0.9982275142208128
oracle,3.25,0.9983007827205056
oracle,3.27,0.9984223090466868
oracle,3.29,0.998483192349119
oracle,3.31,0.9985330811352836
oracle,3.33,0.9985389959175875
oracle,3.35,0.9985932206114644
oracle,3.37,0.9986164663572549
oracle,3.39,0.9988265100693622
oracle,3.41,0.998831709156978
oracle,3.43,0.9988317199862402
oracle,3.45,0.99887964280985
oracle,3.47,0.998902799155603
oracle,3.49,0.9989028038167346
oracle,3.5100000000000002,0.9989028038167346
oracle,3.5300000000000002,0.9989028038167346
oracle,3.5500000000000003,0.9989261147603529
oracle,3.5700000000000003,0.9989435794690164
oracle,3.59,0.998952622575856
oracle,3.61,0.9989526264384072
oracle,3.63,0.9989526609843666
oracle,3.65,0.9990664489395962
oracle,3.67,0.9991369792409702
oracle,3.69,0.9991369792409702
oracle,3.71,0.9991369792409702
oracle,3.73,0.9991720769991721
oracle,3.75,0.9991720955968008
oracle,3.77,0.9991721091553931
oracle,3.79,0.9991797656224863
oracle,3.81,0.9991797656224863
oracle,3.83,0.9992628299987606
oracle,3.85,0.9993303776737528
oracle,3.87,0.9993303776737528
oracle,3.89,0.9993688050522926
oracle,3.91,0.9993705745620409
oracle,3.93,0.9993942258416225
oracle,3.95,0.9994152333357809
oracle,3.97,0.9994152333357809
oracle,3.99,0.9994692269351416
oracle,P(rho>1),0.016859708145355312
