scheme,hour,exit_entropy_bits,ci95
regretor,0.5,7.450914678311565,0.00403142873440495
regretor,1.5,7.482194611910645,0.003201593708247148
regretor,2.5,7.4786476516834215,0.003530759212622737
regretor,3.5,7.483815145110957,0.0018251359262292514
regretor,4.5,7.480684494778454,0.0031192978948023464
regretor,5.5,7.483472095780911,0.0016454564414719
regretor,6.5,7.480577392516703,0.0030861658524494605
regretor,7.5,7.482519244581374,0.00176887929225887
regretor,8.5,7.480769154860662,0.0033604432206943654
regretor,9.5,7.481751049164257,0.0021257100539591313
regretor,10.5,7.480797949116069,0.002557413408503523
regretor,11.5,7.480895847908999,0.002101165593592659
regretor,12.5,7.479886621014531,0.003099252200578943
regretor,13.5,7.48102825033242,0.0014904815592228092
regretor,14.5,7.479416276228557,0.003290633693235582
regretor,15.5,7.480744950207419,0.0015143142314723748
regretor,16.5,7.479636439311562,0.0029582079407688196
regretor,17.5,7.48107209932593,0.0018857415808027455
regretor,18.5,7.478930377189127,0.00218044125999921
regretor,19.5,7.481124193246366,0.0026815532131724664
regretor,20.5,7.479383413033487,0.002412832722676843
regretor,21.5,7.480989189853858,0.0013175077829858108
regretor,22.5,7.479125071735368,0.002739735651077928
regretor,23.5,7.480426217537131,0.00195748634911056
vanilla,0.5,7.221827023456912,0.00722862088957189
vanilla,1.5,7.217884335877649,0.014250231156074326
vanilla,2.5,7.215209077024076,0.012026391515303853
vanilla,3.5,7.2035989709918296,0.008013287144253594
vanilla,4.5,7.2208935723756635,0.016436463063549005
vanilla,5.5,7.228968383297223,0.016731892316557834
vanilla,6.5,7.224068834643683,0.009227829622983996
vanilla,7.5,7.224107134767257,0.01721432713987673
vanilla,8.5,7.219850533497689,0.007363380406870576
vanilla,9.5,7.2294094573818715,0.008707998533026225
vanilla,10.5,7.2203025420530125,0.030816290574801376
vanilla,11.5,7.216993153235189,0.022316331736456023
vanilla,12.5,7.220047094030674,0.009292930084396894
vanilla,13.5,7.220155940514064,0.028396657794380213
vanilla,14.5,7.216204022725558,0.02057250737602124
vanilla,15.5,7.209477988993885,0.03751918546276979
vanilla,16.5,7.225005316470636,0.012818517733175678
vanilla,17.5,7.224597605653093,0.01710158628269558
vanilla,18.5,7.227756454680382,0.04323935198747379
vanilla,19.5,7.2206313861510125,0.010278545938825483
vanilla,20.5,7.212510370921517,0.0102613829837686
vanilla,21.5,7.215529203751478,0.023911140265367455
vanilla,22.5,7.225864505801295,0.010679107471568602
vanilla,23.5,7.22334025712527,0.01739401388203559
claps_cr,0.5,7.221827023456912,0.00722862088957189
claps_cr,1.5,7.217884335877649,0.014250231156074326
claps_cr,2.5,7.215209077024076,0.012026391515303853
claps_cr,3.5,7.2035989709918296,0.008013287144253594
claps_cr,4.5,7.2208935723756635,0.016436463063549005
claps_cr,5.5,7.228968383297223,0.016731892316557834
claps_cr,6.5,7.224068834643683,0.009227829622983996
claps_cr,7.5,7.224107134767257,0.01721432713987673
claps_cr,8.5,7.219850533497689,0.007363380406870576
claps_cr,9.5,7.2294094573818715,0.008707998533026225
claps_cr,10.5,7.2203025420530125,0.030816290574801376
claps_cr,11.5,7.216993153235189,0.022316331736456023
claps_cr,12.5,7.220047094030674,0.009292930084396894
claps_cr,13.5,7.220155940514064,0.028396657794380213
claps_cr,14.5,7.216204022725558,0.02057250737602124
claps_cr,15.5,7.209477988993885,0.03751918546276979
claps_cr,16.5,7.225005316470636,0.012818517733175678
claps_cr,17.5,7.224597605653093,0.01710158628269558
claps_cr,18.5,7.227756454680382,0.04323935198747379
claps_cr,19.5,7.2206313861510125,0.010278545938825483
claps_cr,20.5,7.212510370921517,0.0102613829837686
claps_cr,21.5,7.215529203751478,0.023911140265367455
claps_cr,22.5,7.225864505801295,0.010679107471568602
claps_cr,23.5,7.22334025712527,0.01739401388203559
claps_ge,0.5,7.228126264195057,0.013950003718101388
claps_ge,1.5,7.2279950987766055,0.01970143954449262
claps_ge,2.5,7.22196745995065,0.012602523411232525
claps_ge,3.5,7.207936372292563,0.008030465949226379
claps_ge,4.5,7.2276910112141035,0.0238420717577739
claps_ge,5.5,7.234149876721534,0.023484824278208135
claps_ge,6.5,7.232274143452386,0.006891295422434733
claps_ge,7.5,7.229133668506911,0.016716609156515298
claps_ge,8.5,7.2275670415613416,0.006063712491968409
claps_ge,9.5,7.236529747866902,0.012184014818060933
claps_ge,10.5,7.229767131350951,0.032266347777992505
claps_ge,11.5,7.221003496378091,0.02551996246412514
claps_ge,12.5,7.226987804556243,0.014151404220726528
claps_ge,13.5,7.225178251696022,0.030064158481704784
claps_ge,14.5,7.226411048088704,0.014684205317534376
claps_ge,15.5,7.218791105919285,0.038987221427236186
claps_ge,16.5,7.23055123751047,0.020617397446811868
claps_ge,17.5,7.232664858890445,0.018135108194781795
claps_ge,18.5,7.23250004131061,0.04415106283749557
claps_ge,19.5,7.228483155561888,0.014205615337561794
claps_ge,20.5,7.217996908980015,0.011856640040098204
claps_ge,21.5,7.214600629068471,0.031046192526028416
claps_ge,22.5,7.234552555395956,0.017979945127102843
claps_ge,23.5,7.230997205139626,0.016256104840134577
thesis,0.5,7.653880033141502,0.0017357536417842967
thesis,1.5,7.567357281358268,0.0012305454055164483
thesis,2.5,7.544429034891307,0.0009241497930494198
thesis,3.5,7.517355165274087,0.0010403325056080048
thesis,4.5,7.493667941683475,0.001594758732006856
thesis,5.5,7.47533045811611,0.0015043238256397284
thesis,6.5,7.459994531863758,0.0016019561551181317
thesis,7.5,7.448026180699012,0.0015453930987923956
thesis,8.5,7.438234425174512,0.001981819708150171
thesis,9.5,7.430088196617712,0.0022314443676291207
thesis,10.5,7.423103751487841,0.002196426612365001
thesis,11.5,7.416781771899034,0.0024058952581435303
thesis,12.5,7.411672626871061,0.002391456860534749
thesis,13.5,7.4070969485789675,0.0027984895263931065
thesis,14.5,7.403014175467962,0.002392349919673657
thesis,15.5,7.39895213395514,0.003170105309521869
thesis,16.5,7.3963326935290965,0.00260956431485513
thesis,17.5,7.39308260123111,0.0033224597128961686
thesis,18.5,7.390511120894682,0.0036156323511046667
thesis,19.5,7.388301121252946,0.0038414557942855116
thesis,20.5,7.386383115363164,0.003886551989931353
thesis,21.5,7.384209454024775,0.0037886381464420035
thesis,22.5,7.382460674429863,0.00416333712056663
thesis,23.5,7.381070076142026,0.004584262289888474
thesis_gamma_exit,0.08333333333333333,0.5,0.0
thesis_gamma_exit,0.4166666666666667,0.5,0.0
thesis_gamma_exit,0.75,0.5,0.0
thesis_gamma_exit,1.0833333333333333,0.5,0.0
thesis_gamma_exit,1.4166666666666667,0.5,0.0
thesis_gamma_exit,1.75,0.49991911194419947,2.0738783098983046e-05
thesis_gamma_exit,2.0833333333333335,0.4987267719656689,0.00011453394273132222
thesis_gamma_exit,2.4166666666666665,0.4944144212828895,0.00022321723822451845
thesis_gamma_exit,2.75,0.4892069843118193,0.00023083610241902866
thesis_gamma_exit,3.0833333333333335,0.48377054197916564,0.0002462659931197034
thesis_gamma_exit,3.4166666666666665,0.47781966079707805,0.00023856705319069463
thesis_gamma_exit,3.75,0.47149573226600217,0.00017587473922055398
thesis_gamma_exit,4.083333333333333,0.465192533285341,0.00013884274397775041
thesis_gamma_exit,4.416666666666667,0.4589829987053139,0.00013680759403949491
thesis_gamma_exit,4.75,0.4529390087013784,0.0001792671593380475
thesis_gamma_exit,5.083333333333333,0.4471674742011043,0.0002428759533558149
thesis_gamma_exit,5.416666666666667,0.4416193560745113,0.0003060598651789162
thesis_gamma_exit,5.75,0.4362581662433726,0.0003291525173758669
thesis_gamma_exit,6.083333333333333,0.430952379673103,0.0003878517063086224
thesis_gamma_exit,6.416666666666667,0.4256270980603068,0.0004969178428225707
thesis_gamma_exit,6.75,0.4202420300073391,0.000617135427916237
thesis_gamma_exit,7.083333333333333,0.41463043616203993,0.0006540026368922616
thesis_gamma_exit,7.416666666666667,0.4090886850958563,0.0006574315754329527
thesis_gamma_exit,7.75,0.4038740860103595,0.000659911523802587
thesis_gamma_exit,8.083333333333334,0.39895458037534215,0.0006608377795947487
thesis_gamma_exit,8.416666666666666,0.3942998598606801,0.000665118001054291
thesis_gamma_exit,8.75,0.3898873719138424,0.0006695399635940194
thesis_gamma_exit,9.083333333333334,0.38569807742759715,0.0006712127029141502
thesis_gamma_exit,9.416666666666666,0.3817127318185308,0.0006740676093304831
thesis_gamma_exit,9.75,0.37791114694377004,0.0006768948323546832
thesis_gamma_exit,10.083333333333334,0.3742805268466832,0.0006781691030806299
thesis_gamma_exit,10.416666666666666,0.37080763111210113,0.0006794710448913915
thesis_gamma_exit,10.75,0.36747986838762847,0.0006806440740764786
thesis_gamma_exit,11.083333333333334,0.36428860766822535,0.0006833776736636429
thesis_gamma_exit,11.416666666666666,0.36122398247325915,0.0006857873015495338
thesis_gamma_exit,11.75,0.3582745506026107,0.0006899115227440309
thesis_gamma_exit,12.083333333333334,0.35543719892075787,0.0006897191043740577
thesis_gamma_exit,12.416666666666666,0.3527011640164204,0.0006911014035013415
thesis_gamma_exit,12.75,0.350061581257026,0.0006915822868522249
thesis_gamma_exit,13.083333333333334,0.3475128385176372,0.0006925135160718877
thesis_gamma_exit,13.416666666666666,0.34505001223045045,0.0006949348749451431
thesis_gamma_exit,13.75,0.3426665773399923,0.0006977327574956376
thesis_gamma_exit,14.083333333333334,0.34035829253000854,0.000700100505450629
thesis_gamma_exit,14.416666666666666,0.33812040473441735,0.0007006234136080717
thesis_gamma_exit,14.75,0.3359523281611483,0.000701974137855952
thesis_gamma_exit,15.083333333333334,0.33384637688391383,0.0007044450779833902
thesis_gamma_exit,15.416666666666666,0.3318018691208358,0.0007047089515336328
thesis_gamma_exit,15.75,0.3298144384614078,0.0007078568937887404
thesis_gamma_exit,16.083333333333332,0.3278813795114073,0.0007108528345219533
thesis_gamma_exit,16.416666666666668,0.3260007371825622,0.0007125715617006526
thesis_gamma_exit,16.75,0.3241705743291367,0.0007139731247877493
thesis_gamma_exit,17.083333333333332,0.322386829034918,0.0007160115092791064
thesis_gamma_exit,17.416666666666668,0.32064979018978496,0.0007168313242265906
thesis_gamma_exit,17.75,0.31895430357034005,0.0007187339035889963
thesis_gamma_exit,18.083333333333332,0.3173011453172759,0.0007209501865458464
thesis_gamma_exit,18.416666666666668,0.31568757855479324,0.000723628191926649
thesis_gamma_exit,18.75,0.3141119813740297,0.0007259552653061327
thesis_gamma_exit,19.083333333333332,0.3125726752018484,0.00072822515725944
thesis_gamma_exit,19.416666666666668,0.3110678006618617,0.0007301803773627463
thesis_gamma_exit,19.75,0.3095964809508585,0.0007330882873306157
thesis_gamma_exit,20.083333333333332,0.30815771619546545,0.0007352073843691753
thesis_gamma_exit,20.416666666666668,0.30674852663167435,0.0007374466554915137
thesis_gamma_exit,20.75,0.30536962635119597,0.0007397256229599361
thesis_gamma_exit,21.083333333333332,0.30402015857766196,0.0007419753880601997
thesis_gamma_exit,21.416666666666668,0.3026981894912952,0.0007439003806709405
thesis_gamma_exit,21.75,0.30140191450998804,0.0007468601821793732
thesis_gamma_exit,22.083333333333332,0.3001325261102204,0.0007490064884438754
thesis_gamma_exit,22.416666666666668,0.29888669155347203,0.0007513397758514213
thesis_gamma_exit,22.75,0.29766450101356384,0.0007538395759263692
thesis_gamma_exit,23.083333333333332,0.29646590763832853,0.0007557139838532951
thesis_gamma_exit,23.416666666666668,0.2952899294521348,0.0007585212391121349
thesis_gamma_exit,23.75,0.29413483422948317,0.0007606167986498076
