variant,median_latency_s,latency_ci95,leakage_bits,leakage_ci95,leak_exit_bits,leak_guard_bits,excess,excess_ci95,leakage_bound_bits
ours θ_loc=0,0.2734044352558412,0.0,0.0,0.0,1.4129660770597261e-06,3.817682495501629e-05,0.032900306598211755,0.0001141045448130072,0.0
ours θ_loc=0.25,0.8717566522357556,0.20455965924892897,0.0007547545187740909,0.0005446741569516262,0.0007345331086877849,3.817682495501629e-05,0.07911886887239594,0.0007424793093489787,1.4426950408889634
ours θ_loc=0.5,1.1495029251808944,0.0670075129310311,0.0024742022935440615,0.0006685894854383467,0.0023105452743741022,3.817682495501629e-05,0.08208977895151112,0.0017505838553688324,2.8853900817779268
ours θ_loc=1.0,1.5281205156088284,0.4276584654085476,0.009005963014782261,0.0005585130241942596,0.008685124413003464,3.817682495501629e-05,0.08675785076052825,0.0013407933551387262,5.7707801635558535
ours best-of-2,1.109205565656455,0.04071648185272957,0.00015204917177082182,0.0003172386055968124,0.0001796299900817644,3.817682495501629e-05,0.12666759113405454,0.002338026594696467,1.0
ours best-of-4,1.2853688704033568,0.0,0.0004878134879908444,0.0003049819889143664,0.0003877067054040376,3.817682495501629e-05,0.5261683502922303,0.01516278462552743,2.0
ours best-of-8,1.2945732587345002,0.025555478928343048,0.003051981702240051,0.005039463438087851,0.0033096391591994254,3.817682495501629e-05,1.0089384564853614,0.08702361662061478,3.0
CLAPS-CR,31.572251636764076,0.0,1.4562496617191523,0.020463899353679153,1.4373483001151044e-06,2.0767551967668476,0.18205890510714026,0.01227048601079804,
CLAPS-DeNASA-GE,31.572251636764076,0.0,2.1597896591645505,0.023281598374020718,2.065026579878503,2.0767551967668476,0.1834366771896267,0.01265023182004169,
vanilla,31.572251636764076,0.0,0.00017818714660648992,0.0003032399828551387,1.4373483001151044e-06,3.817682495501629e-05,0.18832205630419413,0.004772589910142735,
