rho_bar,scheme,p50_s,p50_ci95,p90_s,p90_ci95,p99_s,p99_ci95,mean_s
0.5,regretor,0.20633995587493265,0.0,0.31696807381389486,0.0062570973690796484,6.651351972747442,17.297894120717658,0.372339507374653
0.5,vanilla,0.2293066589818736,0.0,13.5593782032322,15.44261817432527,31.572251636764076,0.0,3.32593101537815
0.5,lag_oracle,0.20633995587493265,0.0,0.31471443755169554,0.0,0.4170027210717949,0.0,0.21156055344492816
0.5,oracle,0.20633995587493265,0.0,0.31471443755169554,0.0,0.4170027210717949,0.0,0.21156055344492816
0.5,claps_cr,0.2152583292512033,0.00424929965161417,20.087529198529474,18.4096965393561,31.572251636764076,0.0,3.8937054228997794
0.5,claps_ge,0.21077269061552406,0.005024411598136125,20.55311755637394,18.17094088262725,32.03251750786771,1.2779029249152933,4.051360617678646
0.5,thesis,0.2213802578190097,3.8530916029980064e-17,0.4083540471922923,0.009803089941463958,31.572251636764076,0.0,2.4259997278806464
0.7,regretor,0.2734044352558412,0.0,0.6808079865870441,0.13879816924057584,31.572251636764076,0.0,2.7252667556113717
0.7,vanilla,31.572251636764076,0.0,61.60037178573227,9.863914503674896e-15,93.95430117893731,0.0,24.421142822594902
0.7,lag_oracle,0.25482967479793467,0.0,0.3942385478478925,0.009464228332051062,25.514875083491933,16.817973481672325,0.9727149198466746
0.7,oracle,0.25482967479793467,0.0,0.3942385478478925,0.009464228332051062,25.514875083491933,16.817973481672325,0.9727149198466746
0.7,claps_cr,31.572251636764076,0.0,61.60037178573227,9.863914503674896e-15,93.95430117893731,0.0,24.76332978529806
0.7,claps_ge,31.572251636764076,0.0,61.60037178573227,9.863914503674896e-15,93.95430117893731,0.0,24.438989139547697
0.7,thesis,0.34732587456315034,0.006713182732311498,31.572251636764076,0.0,61.60037178573227,9.863914503674896e-15,6.748019629320121
0.85,regretor,0.898566365371608,0.16219505639681425,31.572251636764076,0.0,57.95344072612916,5.3699364972374335,8.148971853237972
0.85,vanilla,38.750060108861085,6.994550905694565,91.35614032158637,1.803412748727133,93.95430117893731,0.0,45.94889303814965
0.85,lag_oracle,0.4506021903440859,0.008895097054345503,8.454669890359499,16.068733198315247,32.70267913989075,0.0,3.3227150766421785
0.85,oracle,0.4506021903440859,0.008895097054345503,8.454669890359499,16.068733198315247,32.70267913989075,0.0,3.3227150766421785
0.85,claps_cr,50.29951372307009,9.031495314570826,93.30476096459958,1.803412748727133,93.95430117893731,0.0,47.12108202668487
0.85,claps_ge,49.40043997158533,10.32320228211521,93.95430117893731,0.0,93.95430117893731,0.0,47.18851444918574
0.85,thesis,16.220865767134494,10.845761167618646,61.60037178573227,9.863914503674896e-15,93.95430117893731,0.0,22.51444003609766
