scheme,condition,adv_frac,compromise_mean,compromise_ci95
ours,none,0.05,0.0025796296296296296,0.000493332593323287
ours,none,0.1,0.009129787037037037,0.0016784963333729033
ours,none,0.2,0.03748286111111111,0.00222254438067874
ours,none,0.3,0.08638615740740742,0.004090488928242971
ours,bound,0.05,0.006838622447236653,0.0
ours,bound,0.1,0.024316916046183284,0.0
ours,bound,0.2,0.10173471472985311,0.0
ours,bound,0.3,0.23370600777095835,0.0
ours,attack1 byz choosers,0.05,0.0026354166666666665,0.0004939018047806109
ours,attack1 byz choosers,0.1,0.009492703703703703,0.0017315747282881488
ours,attack1 byz choosers,0.2,0.040456935185185186,0.002214299630318836
ours,attack1 byz choosers,0.3,0.09465734259259259,0.003935047843833162
ours,attack6 inflation,0.05,0.006948796296296296,0.0003582328944891638
ours,attack6 inflation,0.1,0.023456277777777777,0.0007786368873388482
ours,attack6 inflation,0.2,0.08336918518518519,0.001998131717584967
ours,attack6 inflation,0.3,0.16654846296296294,0.003938337676686059
ours,attack2 equivocation (targeted),0.05,0.002666857302599204,0.0005062777159869439
ours,attack2 equivocation (targeted),0.1,0.009710626109003832,0.0018160338264644228
ours,attack2 equivocation (targeted),0.2,0.04246677981681994,0.0028559854384083657
ours,attack2 equivocation (targeted),0.3,0.10113558175960875,0.005162310383202147
vanilla,none,0.05,0.0026048611111111107,0.0002456245396228698
vanilla,none,0.1,0.009243342592592591,0.001994556749597158
vanilla,none,0.2,0.037885527777777775,0.0030827081703026075
vanilla,none,0.3,0.08656249074074074,0.00529091199772385
vanilla,attack6 inflation,0.05,0.01851523148148148,0.0011750240022650321
vanilla,attack6 inflation,0.1,0.05724123148148149,0.0028805544211488875
vanilla,attack6 inflation,0.2,0.17401203703703705,0.0039332385767089275
vanilla,attack6 inflation,0.3,0.3041801203703704,0.00573580311835461
claps_cr,none,0.05,0.0026575277777777778,0.0007551196429323737
claps_cr,none,0.1,0.009526231481481483,0.0022929124905626463
claps_cr,none,0.2,0.037616833333333335,0.003028641428736081
claps_cr,none,0.3,0.08620236111111111,0.006072756202137868
claps_cr,attack6 inflation,0.05,0.01840727777777778,0.004158058048671004
claps_cr,attack6 inflation,0.1,0.059341064814814805,0.004712376593455592
claps_cr,attack6 inflation,0.2,0.1741186111111111,0.010418756658791379
claps_cr,attack6 inflation,0.3,0.30448801851851853,0.01114734770111411
