variant,country,median_latency_s,ci95
vanilla,US,31.572251636764076,0.0
vanilla,DE,31.572251636764076,0.0
vanilla,FI,31.572251636764076,0.0
vanilla,BR,31.572251636764076,0.0
vanilla,GB,31.572251636764076,0.0
vanilla,IN,31.572251636764076,0.0
vanilla,FR,31.572251636764076,0.0
vanilla,NL,31.572251636764076,0.0
vanilla,ES,31.572251636764076,0.0
vanilla,IR,31.572251636764076,0.0
vanilla,CA,31.572251636764076,0.0
vanilla,IT,31.572251636764076,0.0
vanilla,ID,31.572251636764076,0.0
vanilla,UA,31.572251636764076,0.0
vanilla,TR,31.572251636764076,0.0
vanilla,other,31.572251636764076,0.0
CLAPS-CR,US,23.442613385066142,8.793712621372789
CLAPS-CR,DE,31.572251636764076,0.0
CLAPS-CR,FI,31.353981192112343,0.6060159076626432
CLAPS-CR,BR,31.135710747460614,0.742214874891541
CLAPS-CR,GB,31.572251636764076,0.0
CLAPS-CR,IN,31.572251636764076,0.0
CLAPS-CR,FR,31.572251636764076,0.0
CLAPS-CR,NL,31.572251636764076,0.0
CLAPS-CR,ES,31.572251636764076,0.0
CLAPS-CR,IR,31.572251636764076,0.0
CLAPS-CR,CA,20.88699917145349,9.869054083073362
CLAPS-CR,IT,31.572251636764076,0.0
CLAPS-CR,ID,31.572251636764076,0.0
CLAPS-CR,UA,31.572251636764076,0.0
CLAPS-CR,TR,29.11655148569606,6.8181166642662765
CLAPS-CR,other,31.572251636764076,0.0
CLAPS-DeNASA-GE,US,0.9466809414308608,0.3271634398871599
CLAPS-DeNASA-GE,DE,31.572251636764076,0.0
CLAPS-DeNASA-GE,FI,26.176628703697162,9.324390958218116
CLAPS-DeNASA-GE,BR,31.353981192112343,0.6060159076626432
CLAPS-DeNASA-GE,GB,31.353981192112343,0.6060159076626432
CLAPS-DeNASA-GE,IN,31.135710747460614,0.742214874891541
CLAPS-DeNASA-GE,FR,31.572251636764076,0.0
CLAPS-DeNASA-GE,NL,31.135710747460614,0.742214874891541
CLAPS-DeNASA-GE,ES,31.572251636764076,0.0
CLAPS-DeNASA-GE,IR,31.572251636764076,0.0
CLAPS-DeNASA-GE,CA,1.2147499321546553,0.2767445214496252
CLAPS-DeNASA-GE,IT,31.572251636764076,0.0
CLAPS-DeNASA-GE,ID,17.486804278063623,16.48702845726715
CLAPS-DeNASA-GE,UA,31.572251636764076,0.0
CLAPS-DeNASA-GE,TR,31.572251636764076,0.0
CLAPS-DeNASA-GE,other,31.572251636764076,0.0
ours θ_loc=0,US,0.283193534134368,0.0
ours θ_loc=0,DE,0.23751686067877614,3.8530916029980064e-17
ours θ_loc=0,FI,0.2460210242353261,0.0
ours θ_loc=0,BR,0.31471443755169554,0.0
ours θ_loc=0,GB,0.23751686067877614,3.8530916029980064e-17
ours θ_loc=0,IN,0.3081872318573061,0.007398450372858209
ours θ_loc=0,FR,0.23751686067877614,3.8530916029980064e-17
ours θ_loc=0,NL,0.23751686067877614,3.8530916029980064e-17
ours θ_loc=0,ES,0.2460210242353261,0.0
ours θ_loc=0,IR,0.283193534134368,0.0
ours θ_loc=0,CA,0.2734044352558412,0.0
ours θ_loc=0,IT,0.2460210242353261,0.0
ours θ_loc=0,ID,0.3522482579876041,0.006953544632420043
ours θ_loc=0,UA,0.2495444844603695,0.005990652088258334
ours θ_loc=0,TR,0.2621289064477666,0.005066478996470136
ours θ_loc=0,other,0.283193534134368,0.0
ours θ_loc=1.0,US,1.4760015131359825,0.32301164448188846
ours θ_loc=1.0,DE,1.5187941164710643,0.5241682401373814
ours θ_loc=1.0,FI,1.514435635898431,0.48468024688250727
ours θ_loc=1.0,BR,1.4871751647314404,0.34047010435026165
ours θ_loc=1.0,GB,1.4468849883640615,0.5116855283035399
ours θ_loc=1.0,IN,1.6181498854826202,0.6330115569800906
ours θ_loc=1.0,FR,1.459811251859772,0.45680738172168317
ours θ_loc=1.0,NL,1.537742374663758,0.3129976081757989
ours θ_loc=1.0,ES,1.543426046474197,0.4670047005836968
ours θ_loc=1.0,IR,1.6276332835593572,0.5828626519180939
ours θ_loc=1.0,CA,1.557235831957024,0.3890596438039995
ours θ_loc=1.0,IT,1.6205513615671663,0.7081451256571579
ours θ_loc=1.0,ID,1.4345287772736544,0.18579618194196637
ours θ_loc=1.0,UA,1.3429143151648428,0.10475658166114113
ours θ_loc=1.0,TR,1.4769127797113393,0.4374925638775627
ours θ_loc=1.0,other,1.5637543567965595,0.4605155075791274
ours best-of-4,US,1.2853688704033568,0.0
ours best-of-4,DE,1.240937760751719,0.0
ours best-of-4,FI,1.240937760751719,0.0
ours best-of-4,BR,1.2945732587345002,0.025555478928343048
ours best-of-4,GB,1.2323587072226703,0.023819271177957322
ours best-of-4,IN,1.2945732587345002,0.025555478928343048
ours best-of-4,FR,1.240937760751719,0.0
ours best-of-4,NL,1.23235870722267,0.023819271177957325
ours best-of-4,ES,1.240937760751719,0.0
ours best-of-4,IR,1.2853688704033568,0.0
ours best-of-4,CA,1.2853688704033568,0.0
ours best-of-4,IT,1.240937760751719,0.0
ours best-of-4,ID,1.3313908120590743,0.0
ours best-of-4,UA,1.240937760751719,0.0
ours best-of-4,TR,1.240937760751719,0.0
ours best-of-4,other,1.2853688704033568,0.0
