rho_bar_target,scheme,seed,rho_bar,eps,rho_max_pool,rho_max_all,slowdown_measured,bound,slowdown_all_hops
0.5,regretor,0,0.5039255422067901,0.03295041906044073,0.9091779496358352,0.9513981952609788,2.1141510421648633,24.18009517951262,2.3574112663148115
0.5,regretor,1,0.5039328295524692,0.03286842550953023,0.9053510506721071,0.9053510506721071,2.0848901586032045,21.550439749843463,2.119343277288627
0.5,regretor,2,0.5039365394290123,0.03281207843613592,0.9304528775469842,0.9304528775469842,2.0815329215781935,51.17136836224721,2.1026694575943323
0.5,regretor,3,0.5039361571759259,0.03269546022461845,0.9152725967745599,0.9152725967745599,2.082117152599666,29.104764352082636,2.096883286192131
0.5,regretor,4,0.5039325317901234,0.032998158878415146,0.9142380432266418,0.9142380432266418,2.093057679612568,28.377836897756897,2.1125311032308454
0.5,vanilla,0,0.5,0.19298895434728963,1.1094974637443704,1.220679283686262,8.633684218987733,inf,8.490162352111371
0.5,vanilla,1,0.5,0.18731543811001938,1.1055718332948656,1.1451423991801228,7.20919292892592,inf,7.507132328803465
0.5,vanilla,2,0.5,0.18662631948522235,1.1414364303602045,1.1414364303602045,7.927637253976018,inf,7.891917795766574
0.5,vanilla,3,0.5,0.18337129566839339,1.0515058046972472,1.0707578752467093,6.733527450924306,inf,6.389088110905776
0.5,vanilla,4,0.5,0.1913082739100449,1.0703078591535178,1.0703078591535178,8.475059418871146,inf,8.00870838121875
0.5,lag_oracle,0,0.5,0.008418195167654692,0.5303271989122827,0.9032370922261652,2.0826039021286045,2.0406258782112845,2.1479792705742735
0.5,lag_oracle,1,0.5,0.008412817180867926,0.5200677160525066,0.7814069947687591,2.076302184382632,2.03805148068132,2.0847120187643418
0.5,lag_oracle,2,0.5,0.00841236471297093,0.5226058927345052,0.7116251272688792,2.075472484766948,2.0386595625439026,2.0752524669829713
0.5,lag_oracle,3,0.5,0.008375981508116857,0.5186651290421919,0.7170297139497355,2.0766860437607537,2.037554651537076,2.071173185615116
0.5,lag_oracle,4,0.5,0.008365047180650325,0.5362469978232828,0.7887708775630174,2.085629109509165,2.041935149617081,2.0811093826560745
0.5,oracle,0,0.5,0.008418195167654692,0.5303271989122827,0.9032370922261652,2.0826039021286045,2.0406258782112845,2.1479792705742735
0.5,oracle,1,0.5,0.008412817180867926,0.5200677160525066,0.7814069947687591,2.076302184382632,2.03805148068132,2.0847120187643418
0.5,oracle,2,0.5,0.00841236471297093,0.5226058927345052,0.7116251272688792,2.075472484766948,2.0386595625439026,2.0752524669829713
0.5,oracle,3,0.5,0.008375981508116857,0.5186651290421919,0.7170297139497355,2.0766860437607537,2.037554651537076,2.071173185615116
0.5,oracle,4,0.5,0.008365047180650325,0.5362469978232828,0.7887708775630174,2.085629109509165,2.041935149617081,2.0811093826560745
0.5,claps_cr,0,0.5,0.1902132580323216,1.204114406246913,1.204114406246913,10.187038482525924,inf,8.807552353262189
0.5,claps_cr,1,0.5,0.17056265675394536,1.1678744825295118,1.1678744825295118,7.892717711685088,inf,7.787028844514802
0.5,claps_cr,2,0.5,0.18060536286115259,1.2370490565778018,1.2370490565778018,9.548526767721874,inf,9.4369504443506
0.5,claps_cr,3,0.5,0.1750128250591039,1.1550218226976416,1.1550218226976416,8.157241041745857,inf,7.088851051003656
0.5,claps_cr,4,0.5,0.1939004228291781,1.1207143346416386,1.2853129996295638,9.546261653183077,inf,8.821695950729834
0.5,claps_ge,0,0.5,0.19361316224015684,1.204114406246913,1.204114406246913,10.99931916384794,inf,9.349072807476869
0.5,claps_ge,1,0.5,0.16975622448306119,1.1678744825295118,1.1678744825295118,7.925567427970612,inf,7.80892865537182
0.5,claps_ge,2,0.5,0.1832887395060431,1.2370490565778018,1.2370490565778018,9.871785501560451,inf,9.65245626690965
0.5,claps_ge,3,0.5,0.17758844953548195,1.1550218226976416,1.1550218226976416,8.44631631881568,inf,7.2815679023835385
0.5,claps_ge,4,0.5,0.1929368101833906,1.1207143346416386,1.2853129996295638,9.056418752692542,inf,8.495134017069478
0.5,thesis,0,0.5,0.25695202245479254,18.286659210678128,18.286659210678128,5.5449197069651,inf,4.599518935030741
0.5,thesis,1,0.5,0.25723121319760817,17.99443642610962,17.99443642610962,5.527276918616745,inf,4.49832023917005
0.5,thesis,2,0.5,0.25576661567913284,17.754656112215798,17.754656112215798,5.506712239624018,inf,4.46201900515242
0.5,thesis,3,0.5,0.25849591109013975,17.960182095553392,17.960182095553392,5.548901398099815,inf,4.489375692516566
0.5,thesis,4,0.5,0.2630612431671412,17.894098519789967,17.894098519789967,5.606273370093011,inf,4.559234494607841
0.7,regretor,0,0.7055090627623458,0.03300446191468097,1.6882231657871425,1.6882231657871425,4.35102203848192,inf,5.537615646361328
0.7,regretor,1,0.7055199861111111,0.032894647486026475,1.6154699990423238,1.6154699990423238,4.299110143187983,inf,5.7218759225536155
0.7,regretor,2,0.7055269831944445,0.032852090802246436,1.6041769828428278,1.6041769828428278,4.261027137081918,inf,5.367029797838622
0.7,regretor,3,0.7055244267901234,0.03277690482882082,1.6693208380334572,1.6693208380334572,4.240192423545585,inf,5.053498480939189
0.7,regretor,4,0.7055177435185185,0.032973427959284075,1.6722533724918762,1.6722533724918762,4.387380048272068,inf,5.649000749958239
0.7,vanilla,0,0.7000000000000001,0.1929889543472902,1.5532964492421195,1.708950997160771,33.84401047516185,inf,33.07889865719965
0.7,vanilla,1,0.7000000000000001,0.1873154381100199,1.5478005666128105,1.6031993588521642,33.47408512723573,inf,33.87202842979621
0.7,vanilla,2,0.7000000000000001,0.18662631948522243,1.5980110025042868,1.5980110025042868,33.08656399575342,inf,32.799560183078846
0.7,vanilla,3,0.7000000000000001,0.1833712956683934,1.4721081265761449,1.4990610253454002,32.96415034252559,inf,33.238286666225946
0.7,vanilla,4,0.7000000000000001,0.1913082739100448,1.4984310028149275,1.4984310028149275,34.22315839441087,inf,34.02625257323297
0.7,lag_oracle,0,0.7000000000000001,0.008418195167655152,0.7424580784771969,1.2645319291166328,4.1861271712554755,3.6782969046262255,5.044028626487659
0.7,lag_oracle,1,0.7000000000000001,0.008412817180868356,0.7280948024735108,1.0939697926762633,4.148619072647647,3.6262789226197567,5.198938699052612
0.7,lag_oracle,2,0.7000000000000001,0.008412364712970997,0.7316482498283183,0.9962751781764285,4.12135427959219,3.638054650422859,4.953793595583918
0.7,lag_oracle,3,0.7000000000000001,0.008375981508116899,0.7261311806590796,1.0038415995296528,4.132569317960879,3.6187675157864105,4.530846493711883
0.7,lag_oracle,4,0.7000000000000001,0.008365047180650233,0.7507457969526072,1.104279228588211,4.211034426439088,3.7114614432191217,5.387303267386229
0.7,oracle,0,0.7000000000000001,0.008418195167655152,0.7424580784771969,1.2645319291166328,4.1861271712554755,3.6782969046262255,5.044028626487659
0.7,oracle,1,0.7000000000000001,0.008412817180868356,0.7280948024735108,1.0939697926762633,4.148619072647647,3.6262789226197567,5.198938699052612
0.7,oracle,2,0.7000000000000001,0.008412364712970997,0.7316482498283183,0.9962751781764285,4.12135427959219,3.638054650422859,4.953793595583918
0.7,oracle,3,0.7000000000000001,0.008375981508116899,0.7261311806590796,1.0038415995296528,4.132569317960879,3.6187675157864105,4.530846493711883
0.7,oracle,4,0.7000000000000001,0.008365047180650233,0.7507457969526072,1.104279228588211,4.211034426439088,3.7114614432191217,5.387303267386229
0.7,claps_cr,0,0.7000000000000001,0.19021325803232136,1.6857601687456814,1.6857601687456814,37.48325380351354,inf,33.94491089284867
0.7,claps_cr,1,0.7000000000000001,0.17056265675394547,1.6350242755413142,1.6350242755413142,35.16295301080345,inf,34.898728091862665
0.7,claps_cr,2,0.7000000000000001,0.18060536286115259,1.7318686792089275,1.7318686792089275,35.40245405855953,inf,32.88836900672512
0.7,claps_cr,3,0.7000000000000001,0.175012825059104,1.6170305517766987,1.6170305517766987,36.1908614435722,inf,35.22328865966357
0.7,claps_cr,4,0.7000000000000001,0.193900422829178,1.5690000684982952,1.799438199481396,37.45170009778584,inf,34.95924165804438
0.7,claps_ge,0,0.7000000000000001,0.19361316224015662,1.6857601687456814,1.6857601687456814,37.35103226033623,inf,33.856763197397136
0.7,claps_ge,1,0.7000000000000001,0.1697562244830613,1.6350242755413142,1.6350242755413142,34.20126600830842,inf,34.25760342353265
0.7,claps_ge,2,0.7000000000000001,0.18328873950604305,1.7318686792089275,1.7318686792089275,35.98980289091579,inf,33.27993489496263
0.7,claps_ge,3,0.7000000000000001,0.17758844953548203,1.6170305517766987,1.6170305517766987,35.86347862728757,inf,35.00503344880713
0.7,claps_ge,4,0.7000000000000001,0.1929368101833905,1.5690000684982952,1.799438199481396,36.9925094694326,inf,34.653114572475545
0.7,thesis,0,0.7000000000000001,0.20496647763771902,26.01510308264227,26.01510308264227,13.294015000967242,inf,11.923935896252186
0.7,thesis,1,0.7000000000000001,0.20401592698803953,25.69553746076245,25.69553746076245,13.029065736583208,inf,11.855732197282686
0.7,thesis,2,0.7000000000000001,0.2045299042952216,25.36281575086376,25.36281575086376,12.894968436304131,inf,11.663480280285636
0.7,thesis,3,0.7000000000000001,0.20162373970460643,25.13746469479715,25.13746469479715,12.900660445665128,inf,11.470568073333032
0.7,thesis,4,0.7000000000000001,0.21090904701078592,25.603444844629802,25.603444844629802,13.837797894237339,inf,12.623352722725027
0.85,regretor,0,0.8566794189737653,0.0328819339604685,3.8862577771424784,3.8862577771424784,20.41168306621082,inf,19.937969518267963
0.85,regretor,1,0.8566938878626542,0.03274241367278756,3.6454489239249357,3.6454489239249357,19.52182257277516,inf,19.794330638960606
0.85,regretor,2,0.8567015059876543,0.032689871225614404,3.6139003823469413,3.6139003823469413,19.116524769370017,inf,19.946836330733863
0.85,regretor,3,0.8566980602083332,0.03256465894405933,3.668999534021538,3.668999534021538,19.394696944476568,inf,20.603199413516155
0.85,regretor,4,0.8566911173611109,0.032901340470298766,4.0659381102361865,4.0659381102361865,20.886906591447485,inf,20.84244494376596
0.85,vanilla,0,0.8499999999999998,0.19298895434728985,1.8861456883654262,2.0751547822666345,55.293476799748085,inf,55.60013271248347
0.85,vanilla,1,0.8499999999999998,0.18731543811001986,1.8794721166012753,1.9467420786061962,53.935153351968374,inf,54.91423902594823
0.85,vanilla,2,0.8499999999999998,0.18662631948522254,1.940441931612355,1.940441931612355,55.6568310424584,inf,56.633711114819114
0.85,vanilla,3,0.8499999999999998,0.18337129566839364,1.7875598679853186,1.8202883879194094,54.7695568748477,inf,55.417652771532026
0.85,vanilla,4,0.8499999999999998,0.19130827391004485,1.8195233605609802,1.8195233605609802,55.23072824454703,inf,56.235428461786476
0.85,lag_oracle,0,0.8499999999999998,0.00841819516765488,0.9015562381508667,1.535503056784525,16.669424816052118,14.166874751578646,16.676939653959447
0.85,lag_oracle,1,0.8499999999999998,0.008412817180868316,0.8841151172892555,1.3283918911069232,15.807111072239268,11.26160852480232,15.869011368967943
0.85,lag_oracle,2,0.8499999999999998,0.008412364712971104,0.8884300176486556,1.209762716357085,15.515737415201604,11.815335109108826,16.282180590215358
0.85,lag_oracle,3,0.8499999999999998,0.008375981508117093,0.8817307193717218,1.218950513714596,15.712623942524543,10.970334755312244,16.050880817532985
0.85,lag_oracle,4,0.8499999999999998,0.008365047180650283,0.9116198962995777,1.3409104918571253,16.99596550256912,16.966348285729833,16.9372253263982
0.85,oracle,0,0.8499999999999998,0.00841819516765488,0.9015562381508667,1.535503056784525,16.669424816052118,14.166874751578646,16.676939653959447
0.85,oracle,1,0.8499999999999998,0.008412817180868316,0.8841151172892555,1.3283918911069232,15.807111072239268,11.26160852480232,15.869011368967943
0.85,oracle,2,0.8499999999999998,0.008412364712971104,0.8884300176486556,1.209762716357085,15.515737415201604,11.815335109108826,16.282180590215358
0.85,oracle,3,0.8499999999999998,0.008375981508117093,0.8817307193717218,1.218950513714596,15.712623942524543,10.970334755312244,16.050880817532985
0.85,oracle,4,0.8499999999999998,0.008365047180650283,0.9116198962995777,1.3409104918571253,16.99596550256912,16.966348285729833,16.9372253263982
0.85,claps_cr,0,0.8499999999999998,0.19021325803232153,2.0469944906197544,2.0469944906197544,58.01767606813385,inf,56.13112809422927
0.85,claps_cr,1,0.8499999999999998,0.1705626567539458,1.9853866203001733,1.9853866203001733,56.64468546660559,inf,55.764151930357855
0.85,claps_cr,2,0.8499999999999998,0.18060536286115259,2.102983396182268,2.102983396182268,59.38843854088789,inf,57.180214785846786
0.85,claps_cr,3,0.8499999999999998,0.1750128250591042,1.9635370985859881,1.9635370985859881,59.704197627463735,inf,56.666202416147044
0.85,claps_cr,4,0.8499999999999998,0.19390042282917833,1.9052143688907879,2.185032099370261,58.30489467513217,inf,57.03889064410957
0.85,claps_ge,0,0.8499999999999998,0.19361316224015673,2.0469944906197544,2.0469944906197544,58.089208571601425,inf,56.17881642987432
0.85,claps_ge,1,0.8499999999999998,0.16975622448306163,1.9853866203001733,1.9853866203001733,56.757696592527715,inf,55.8394926809726
0.85,claps_ge,2,0.8499999999999998,0.18328873950604307,2.102983396182268,2.102983396182268,59.31585590645646,inf,57.1318263628925
0.85,claps_ge,3,0.8499999999999998,0.17758844953548222,1.9635370985859881,1.9635370985859881,59.527088803405555,inf,56.54812986677493
0.85,claps_ge,4,0.8499999999999998,0.1929368101833908,1.9052143688907879,2.185032099370261,58.90747320851113,inf,57.44060966636221
0.85,thesis,0,0.8499999999999998,0.29380909659853427,39.220268766349456,39.220268766349456,48.27662295313731,inf,40.670388357171305
0.85,thesis,1,0.8499999999999998,0.2944572890295242,40.75183141858372,40.75183141858372,46.89283269399621,inf,40.09183968006742
0.85,thesis,2,0.8499999999999998,0.29403016873426924,39.7727032088781,39.7727032088781,46.39271938174227,inf,40.334322160795445
0.85,thesis,3,0.8499999999999998,0.3005191854864183,39.28262377338864,39.28262377338864,47.777884629142946,inf,41.60347851783912
0.85,thesis,4,0.8499999999999998,0.3156350680193499,42.22103906377883,42.22103906377883,50.07606301167248,inf,43.06996121448198
