variant,hour,attacker_share,attacker_share_ci95,excess,excess_ci95
"ours, no audits",0.041666666666666664,0.07396133333333334,0.006556980977285495,0.1365828434343893,0.006387606112088714
"ours, no audits",0.125,0.08090616666666665,0.007228093765904052,0.11710978436236168,0.008140925402906583
"ours, no audits",0.20833333333333334,0.08091050000000001,0.007094604908437156,0.1166369063614465,0.008105731473522736
"ours, no audits",0.2916666666666667,0.08070416666666667,0.007110398542070056,0.11623377899264756,0.00796067833900407
"ours, no audits",0.375,0.08086016666666665,0.006872447215326214,0.11642914026766263,0.007749444517640386
"ours, no audits",0.4583333333333333,0.08079516666666665,0.0070878417855925555,0.11614973555665101,0.008207844981666147
"ours, no audits",0.5416666666666666,0.08068766666666664,0.006927369845174604,0.11617769709761103,0.007788532543720429
"ours, no audits",0.625,0.08083016666666668,0.0070695401178612945,0.11611639384611258,0.008079505612493565
"ours, no audits",0.7083333333333334,0.0809125,0.006987434960705931,0.11611259913319774,0.007909452162695835
"ours, no audits",0.7916666666666666,0.08078116666666667,0.006863319651843664,0.11603789469538357,0.007734678125047343
"ours, no audits",0.875,0.08058233333333334,0.007029931432836799,0.11587937588701533,0.008074311414081601
"ours, no audits",0.9583333333333334,0.08094083333333332,0.007012003130807518,0.1159116534673477,0.007964687614290245
"ours, no audits",1.0416666666666667,0.1235825,0.010792132734182091,0.17238596960165195,0.028881410317147867
"ours, no audits",1.125,0.137081,0.012168036058100606,0.18999370847676428,0.03627008516909288
"ours, no audits",1.2083333333333333,0.13697033333333333,0.011768661968440553,0.18866531501243816,0.03499437783409743
"ours, no audits",1.2916666666666667,0.13692933333333335,0.012002830710298092,0.18912055160592223,0.03619978666063215
"ours, no audits",1.375,0.13695116666666668,0.012394643813500044,0.18863461769139422,0.037493918831938616
"ours, no audits",1.4583333333333333,0.13682583333333337,0.012405857613820669,0.18883516325618255,0.037359121865196965
"ours, no audits",1.5416666666666667,0.13696133333333332,0.011863401786310084,0.18929255914443416,0.03586244370775032
"ours, no audits",1.625,0.136807,0.012013238450135051,0.18838205360451923,0.035894615330615054
"ours, no audits",1.7083333333333333,0.1368955,0.012001071796419715,0.18861353901299874,0.03708298328705631
"ours, no audits",1.7916666666666667,0.13696233333333335,0.011861800588174046,0.1890186532479804,0.03523698055019002
"ours, no audits",1.875,0.13689,0.011783976856537252,0.18855922906529282,0.03606795582037387
"ours, no audits",1.9583333333333333,0.13680766666666666,0.01226807590936953,0.1881720907363466,0.03718105291028724
"ours, no audits",2.0416666666666665,0.21103066666666667,0.017947429856553756,0.4738051891575317,0.10437825335417233
"ours, no audits",2.125,0.2379425,0.020488890888619125,0.5842182509375865,0.13346305381014398
"ours, no audits",2.2083333333333335,0.23800383333333336,0.020200590602966063,0.5847628883279743,0.1289764515239399
"ours, no audits",2.2916666666666665,0.23771616666666665,0.020578486963205102,0.5834434736364629,0.13396869853091978
"ours, no audits",2.375,0.23800600000000002,0.02040090890779341,0.5848646402154415,0.13381020360724882
"ours, no audits",2.4583333333333335,0.23787633333333336,0.02028964491598726,0.5841050882506432,0.13278362401094768
"ours, no audits",2.5416666666666665,0.23782383333333335,0.02081442981229941,0.5836675080729581,0.1343270815685574
"ours, no audits",2.625,0.23763666666666666,0.02030641215895823,0.5831240092583249,0.131837206200703
"ours, no audits",2.7083333333333335,0.23767733333333335,0.020493303229658737,0.5828708109401665,0.13583696669718875
"ours, no audits",2.7916666666666665,0.23807933333333337,0.020291951696856603,0.5851419493384136,0.13219921739124924
"ours, no audits",2.875,0.2378015,0.02005303232086334,0.5849424886018357,0.13260351161657077
"ours, no audits",2.9583333333333335,0.23782383333333335,0.020073108069988407,0.5830706625718676,0.13026552806958325
"ours, no audits",3.0416666666666665,0.35325966666666664,0.027134176637031784,1.444317773420701,0.296229500642291
"ours, no audits",3.125,0.41354266666666667,0.033285853139251434,1.9650304165803736,0.4197393131941755
"ours, no audits",3.2083333333333335,0.4144010000000001,0.033978754626304404,1.9758475789475045,0.4322719138257374
"ours, no audits",3.2916666666666665,0.4145873333333333,0.03338014675545466,1.9784396254359404,0.4324863150012719
"ours, no audits",3.375,0.4143701666666667,0.03379660219607276,1.974441079157365,0.42970864063637376
"ours, no audits",3.4583333333333335,0.41440316666666666,0.0339494692323614,1.9751528505117855,0.43204179756756417
"ours, no audits",3.5416666666666665,0.4143325,0.03389693407613434,1.9740888452723762,0.4292965689790812
"ours, no audits",3.625,0.41408216666666664,0.033834010327323895,1.9740342257256347,0.427792892542981
"ours, no audits",3.7083333333333335,0.41444650000000005,0.03397755222735403,1.9777945325932187,0.43604676913837187
"ours, no audits",3.7916666666666665,0.4147283333333334,0.033545905007251436,1.9779451359423,0.42725450907261736
"ours, no audits",3.875,0.4142711666666667,0.03408929044226019,1.9764934166022836,0.4331238280363408
"ours, no audits",3.9583333333333335,0.4143248333333333,0.03395212608154266,1.9744029672482308,0.43005853196449073
"ours, no audits",4.041666666666667,0.5403691666666666,0.0322323710232329,3.4670656890058624,0.5540501589737961
"ours, no audits",4.125,0.6340833333333333,0.04080447103665904,4.697480932160953,0.6973223325184967
"ours, no audits",4.208333333333333,0.6400458333333333,0.04221549759094839,4.804350615357596,0.7036604527009539
"ours, no audits",4.291666666666667,0.6405,0.04160891037322938,4.806814928137609,0.696624114260465
"ours, no audits",4.375,0.6417996666666668,0.0418793039177959,4.83394926701065,0.712082784596437
"ours, no audits",4.458333333333333,0.6421478333333333,0.0419694968805272,4.85137521018401,0.7168164954434836
"ours, no audits",4.541666666666667,0.642877,0.04245900486229861,4.846836236271083,0.7121789830163869
"ours, no audits",4.625,0.6432848333333333,0.04301834004984973,4.863669389550038,0.7331535979304669
"ours, no audits",4.708333333333333,0.6430636666666666,0.04297971501958132,4.87077698549013,0.7413752327435345
"ours, no audits",4.791666666666667,0.6430723333333334,0.04296142801020019,4.874285367942877,0.7413448431785495
"ours, no audits",4.875,0.6433185,0.04314287220436248,4.874453062448626,0.7338427639369212
"ours, no audits",4.958333333333333,0.6434088333333333,0.04243052557296018,4.881248051435032,0.7393607766057444
"ours, no audits",5.041666666666667,0.7154939999999999,0.031533787029006284,6.046631622597373,0.7192473240712106
"ours, no audits",5.125,0.7711416666666666,0.021489179296855992,6.981558855046266,0.7529620489142886
"ours, no audits",5.208333333333333,0.7764973333333335,0.023078609376975583,7.0541326493024,0.7263122157077243
"ours, no audits",5.291666666666667,0.7794843333333333,0.023664513969075825,7.124280261807698,0.737765242437393
"ours, no audits",5.375,0.780651,0.02417316238111629,7.154895999646951,0.7363218372167676
"ours, no audits",5.458333333333333,0.7814381666666667,0.02361316881642973,7.166893347306134,0.7278187784854258
"ours, no audits",5.541666666666667,0.7821743333333334,0.02377793037509727,7.1711023603421,0.7261535454093191
"ours, no audits",5.625,0.7824646666666667,0.02386757042695337,7.17299307055705,0.7401574042763566
"ours, no audits",5.708333333333333,0.7824048333333333,0.023886802232177536,7.168738212281639,0.7466286403803107
"ours, no audits",5.791666666666667,0.7826624999999999,0.023977612728890072,7.161931894291835,0.745392856039947
"ours, no audits",5.875,0.7828973333333333,0.024431414078318357,7.174204665951075,0.7435843374680869
"ours, no audits",5.958333333333333,0.7833408333333335,0.02402482789031858,7.168848451957031,0.7315356890520964
"ours, audits a=0.05",0.041666666666666664,0.07112933333333334,0.0059210873194034536,0.13995694935910702,0.004974999606249045
"ours, audits a=0.05",0.125,0.07016266666666668,0.005583673094908111,0.11262648265851158,0.00440404337007076
"ours, audits a=0.05",0.20833333333333334,0.065566,0.005322157896516059,0.10838002053807602,0.0033660052805548077
"ours, audits a=0.05",0.2916666666666667,0.06579766666666666,0.00535860785432235,0.10865992595080812,0.00352109214823186
"ours, audits a=0.05",0.375,0.06584116666666667,0.005025762033045395,0.10845999383187269,0.0033155851158949237
"ours, audits a=0.05",0.4583333333333333,0.065692,0.004794929683986854,0.10832698529400267,0.00320349815134746
"ours, audits a=0.05",0.5416666666666666,0.06598166666666667,0.004844648481742888,0.10851767186634478,0.003929018263275351
"ours, audits a=0.05",0.625,0.06608333333333334,0.005196168041721607,0.1087455906134481,0.0038329411516605932
"ours, audits a=0.05",0.7083333333333334,0.06615000000000001,0.005319099351348456,0.10827010278655821,0.003925872142744773
"ours, audits a=0.05",0.7916666666666666,0.06605083333333334,0.004748943560001093,0.10830537431511092,0.0034482659276534005
"ours, audits a=0.05",0.875,0.06592899999999999,0.0048307253389262075,0.1085702798198283,0.0031969268683051093
"ours, audits a=0.05",0.9583333333333334,0.06570083333333333,0.005118411828972851,0.1081242540026249,0.0035503721664025116
"ours, audits a=0.05",1.0416666666666667,0.09659700000000002,0.0072590223646687045,0.12036359208211414,0.012102813828689614
"ours, audits a=0.05",1.125,0.10386383333333334,0.007517807499502432,0.12114118740569206,0.014694676452929198
"ours, audits a=0.05",1.2083333333333333,0.10323466666666666,0.006900162668653726,0.1204704412386258,0.01255240513374794
"ours, audits a=0.05",1.2916666666666667,0.10332066666666666,0.006602450667249285,0.12061945022247007,0.012492744013593843
"ours, audits a=0.05",1.375,0.10354166666666667,0.006784107483228687,0.12183757210814217,0.012628279051561725
"ours, audits a=0.05",1.4583333333333333,0.10314233333333334,0.0075380322121128005,0.12044901181629068,0.014704068407478418
"ours, audits a=0.05",1.5416666666666667,0.10350183333333333,0.0072307588850398985,0.12108182182109765,0.013768834337369635
"ours, audits a=0.05",1.625,0.10331183333333334,0.007351972130588377,0.12056129412790415,0.012819684896812806
"ours, audits a=0.05",1.7083333333333333,0.10360333333333334,0.007467727421240672,0.12082771099423109,0.01435752105125173
"ours, audits a=0.05",1.7916666666666667,0.10359466666666668,0.00736006927174075,0.12113602581758993,0.014640353580689967
"ours, audits a=0.05",1.875,0.103828,0.007635742978511731,0.12140517448523358,0.014366960635650647
"ours, audits a=0.05",1.9583333333333333,0.10419700000000001,0.007386665927492029,0.1221507064572036,0.014534598989109132
"ours, audits a=0.05",2.0416666666666665,0.15604466666666666,0.009091592412045796,0.2476107435026032,0.042271072314972256
"ours, audits a=0.05",2.125,0.1678595,0.009092401578655448,0.27631353807322157,0.046730815808414386
"ours, audits a=0.05",2.2083333333333335,0.1673085,0.009251790208767588,0.273148170038943,0.04532647990605884
"ours, audits a=0.05",2.2916666666666665,0.1665066666666667,0.01001488937736312,0.272272483833658,0.05030774851743397
"ours, audits a=0.05",2.375,0.16695016666666665,0.009934060685116652,0.27415698959358575,0.046472584658006307
"ours, audits a=0.05",2.4583333333333335,0.16718633333333335,0.009945324520058963,0.27235577066427025,0.04137535233419098
"ours, audits a=0.05",2.5416666666666665,0.16753,0.01019922318951977,0.27415375772857836,0.0460587950770413
"ours, audits a=0.05",2.625,0.1675851666666667,0.010810794044486864,0.2746093188838933,0.048671654815982755
"ours, audits a=0.05",2.7083333333333335,0.16688516666666667,0.009159281502332415,0.2725629917848623,0.04469624629745976
"ours, audits a=0.05",2.7916666666666665,0.16741583333333335,0.009390753081509969,0.27522702203756216,0.0511647489626323
"ours, audits a=0.05",2.875,0.16781050000000003,0.009492578071932467,0.27642101676512854,0.05528668618996832
"ours, audits a=0.05",2.9583333333333335,0.16700466666666663,0.009108070891985707,0.27324018506550357,0.04794616379050937
"ours, audits a=0.05",3.0416666666666665,0.24181633333333336,0.01249337972732717,0.6193543046397857,0.08600154061724115
"ours, audits a=0.05",3.125,0.26597633333333326,0.012825187435237653,0.7497285187107035,0.1170684552821181
"ours, audits a=0.05",3.2083333333333335,0.266889,0.012336509453524203,0.7571361801823515,0.13648152735377655
"ours, audits a=0.05",3.2916666666666665,0.26659449999999996,0.011842782356092315,0.7562278862087844,0.1384879518037596
"ours, audits a=0.05",3.375,0.265245,0.01269582358525314,0.741419913292807,0.11697496622218723
"ours, audits a=0.05",3.4583333333333335,0.26570333333333335,0.013460735912440083,0.745527992525769,0.10912924688179007
"ours, audits a=0.05",3.5416666666666665,0.2656018333333333,0.012254854253626815,0.7490498494985375,0.09573585823785438
"ours, audits a=0.05",3.625,0.26427049999999996,0.013307946756554367,0.7379792125269933,0.10796838176040055
"ours, audits a=0.05",3.7083333333333335,0.26472616666666665,0.014151368942676393,0.7394579624073176,0.13372458782381566
"ours, audits a=0.05",3.7916666666666665,0.26607233333333336,0.013346698509032338,0.7528388798458912,0.12895328365642988
"ours, audits a=0.05",3.875,0.2650131666666667,0.010511454330911196,0.7448086392684625,0.10500957493782122
"ours, audits a=0.05",3.9583333333333335,0.26694983333333333,0.010884047875180835,0.7600480277690099,0.09553297491885324
"ours, audits a=0.05",4.041666666666667,0.3693443333333334,0.015426938596991957,1.579842365509967,0.19484641410214712
"ours, audits a=0.05",4.125,0.40345850000000005,0.01802334834848184,1.887297888220446,0.2527809929819795
"ours, audits a=0.05",4.208333333333333,0.40007583333333335,0.01685498991045655,1.839660860990044,0.24003371748338503
"ours, audits a=0.05",4.291666666666667,0.40147916666666666,0.0159655211227159,1.8648457448505238,0.2506427013837961
"ours, audits a=0.05",4.375,0.40405750000000007,0.013427918508646134,1.8898370017428578,0.25252077029825926
"ours, audits a=0.05",4.458333333333333,0.40167416666666667,0.014180836579117662,1.8573687651839978,0.22950395390874637
"ours, audits a=0.05",4.541666666666667,0.40481633333333333,0.02059251921449257,1.9057393101110727,0.23630014464784593
"ours, audits a=0.05",4.625,0.4061996666666666,0.01934246841155246,1.9454785022238668,0.28387348338636853
"ours, audits a=0.05",4.708333333333333,0.4059468333333333,0.02055698326536892,1.9406567704895497,0.28135823088740985
"ours, audits a=0.05",4.791666666666667,0.4046785,0.02375527988042243,1.9035074099063771,0.2629293071862484
"ours, audits a=0.05",4.875,0.405298,0.022518247886401454,1.8863471297924892,0.19496481560608298
"ours, audits a=0.05",4.958333333333333,0.403524,0.019437753199555485,1.8662315713548843,0.15578472232503007
"ours, audits a=0.05",5.041666666666667,0.49906466666666666,0.02129284251423141,2.968681714330692,0.18172003296990805
"ours, audits a=0.05",5.125,0.5405313333333334,0.02648652033877831,3.5525339998545142,0.1904420962127254
"ours, audits a=0.05",5.208333333333333,0.5414641666666667,0.026068404091562143,3.5949385636953424,0.15347924656260442
"ours, audits a=0.05",5.291666666666667,0.5418845,0.023911914103273,3.6252721346231453,0.18939555830087004
"ours, audits a=0.05",5.375,0.5422841666666667,0.02387920405504808,3.633321327028134,0.18077208635136652
"ours, audits a=0.05",5.458333333333333,0.5407158333333334,0.02851274619378794,3.552182554489866,0.13309650875491108
"ours, audits a=0.05",5.541666666666667,0.5370524999999999,0.027430535793993516,3.5027904051654972,0.08084732493888466
"ours, audits a=0.05",5.625,0.5366766666666667,0.022013284814448586,3.4877929998197645,0.13507277670640475
"ours, audits a=0.05",5.708333333333333,0.5393953333333333,0.021180980176669327,3.5273311164935377,0.15857920530178973
"ours, audits a=0.05",5.791666666666667,0.5426983333333333,0.027621166523560073,3.596908472510452,0.11470545199641888
"ours, audits a=0.05",5.875,0.5412003333333333,0.030501696645087048,3.5682825241044727,0.09071139228786107
"ours, audits a=0.05",5.958333333333333,0.5393749999999999,0.029458030911183854,3.5210924238010066,0.12783671106406602
"ours, audits a=0.2",0.041666666666666664,0.06292149999999999,0.004521820002684582,0.15682526617106468,0.004061482270599368
"ours, audits a=0.2",0.125,0.052157166666666664,0.002484535910688632,0.1280827630357705,0.0030966382356489583
"ours, audits a=0.2",0.20833333333333334,0.049760000000000006,0.001554789805769665,0.12677388926263594,0.0030418741461877346
"ours, audits a=0.2",0.2916666666666667,0.0504605,0.002424870853184239,0.12674531589633542,0.002801147445278723
"ours, audits a=0.2",0.375,0.04993533333333333,0.0021952495707757962,0.12635859549698508,0.0026650473836111895
"ours, audits a=0.2",0.4583333333333333,0.05054633333333334,0.0015800676821596043,0.12645841034763472,0.0027371074717774933
"ours, audits a=0.2",0.5416666666666666,0.050145499999999996,0.0016860321208917014,0.12677984102956028,0.0030786001433974696
"ours, audits a=0.2",0.625,0.05026683333333334,0.0018333126477089012,0.12647142041083098,0.002949192120531539
"ours, audits a=0.2",0.7083333333333334,0.05045499999999999,0.0022937016555435274,0.12648099902645862,0.00294520604613379
"ours, audits a=0.2",0.7916666666666666,0.05034916666666667,0.0022492547121074403,0.12676097876037154,0.0027603163967365673
"ours, audits a=0.2",0.875,0.050223000000000004,0.0018982967847309545,0.1266226481181625,0.0028871276813923845
"ours, audits a=0.2",0.9583333333333334,0.05028433333333334,0.0017118652636451623,0.12659517101312173,0.002698873485165393
"ours, audits a=0.2",1.0416666666666667,0.05104133333333334,0.0014745737665889376,0.10446546144489414,0.0022216850565183774
"ours, audits a=0.2",1.125,0.05105683333333333,0.002097221023532378,0.09407810106909253,0.002151841756255404
"ours, audits a=0.2",1.2083333333333333,0.050914666666666664,0.0020187545745918925,0.09431122690872429,0.0019847480446323366
"ours, audits a=0.2",1.2916666666666667,0.0508355,0.0018509475834447466,0.09416061968152033,0.0021532750218783837
"ours, audits a=0.2",1.375,0.05095116666666667,0.0017739927502867473,0.0940499671077608,0.002151554946502275
"ours, audits a=0.2",1.4583333333333333,0.050732,0.0018794840157936412,0.094072647870479,0.002165589420116085
"ours, audits a=0.2",1.5416666666666667,0.051136666666666664,0.0022389283425960503,0.09426748882574855,0.0019867919854968646
"ours, audits a=0.2",1.625,0.05114616666666667,0.001966228919887102,0.09432761816501245,0.0017709492800769733
"ours, audits a=0.2",1.7083333333333333,0.05083516666666667,0.001988470367402183,0.09431279362495996,0.0023485992447796486
"ours, audits a=0.2",1.7916666666666667,0.05121316666666668,0.001883228402953687,0.09419797557062758,0.0020847150173152256
"ours, audits a=0.2",1.875,0.05116416666666666,0.0016413221310926304,0.09407493901788058,0.0023932920963341754
"ours, audits a=0.2",1.9583333333333333,0.0512035,0.002007401652240228,0.09395829835352151,0.0019960206230582238
"ours, audits a=0.2",2.0416666666666665,0.05126016666666666,0.004090845986423692,0.0855559142332009,0.0010635410990003922
"ours, audits a=0.2",2.125,0.05128916666666666,0.004180051919723256,0.08010071694184043,0.0008334674531925811
"ours, audits a=0.2",2.2083333333333335,0.05129933333333333,0.0038581021146658697,0.07974704392418527,0.0008719664091544231
"ours, audits a=0.2",2.2916666666666665,0.0511485,0.004144061887258172,0.07976581594850045,0.0007071108755077488
"ours, audits a=0.2",2.375,0.05141216666666666,0.004331953152715344,0.07961400617325583,0.0009283271563890819
"ours, audits a=0.2",2.4583333333333335,0.051414166666666664,0.003894501956379632,0.07985667415853095,0.00089037053122513
"ours, audits a=0.2",2.5416666666666665,0.05130549999999999,0.0037766555350929615,0.0795074054892644,0.000980312233758637
"ours, audits a=0.2",2.625,0.0512525,0.004140682536423227,0.07965526071179453,0.0007774379530284498
"ours, audits a=0.2",2.7083333333333335,0.05124733333333333,0.0038432975006610992,0.07953637013959383,0.0007336316805183495
"ours, audits a=0.2",2.7916666666666665,0.0511215,0.003665822637792969,0.07957539661076454,0.0010698532625143082
"ours, audits a=0.2",2.875,0.051285333333333336,0.0036307260671719047,0.07956836929204962,0.0010890996925013185
"ours, audits a=0.2",2.9583333333333335,0.05102083333333333,0.0039608023967976705,0.07970030168954813,0.0008817938803808951
"ours, audits a=0.2",3.0416666666666665,0.05182450000000001,0.00408084349534957,0.07698680549591572,0.000569420979144517
"ours, audits a=0.2",3.125,0.05149,0.004562410602611884,0.0735333396325685,0.00016860612714803656
"ours, audits a=0.2",3.2083333333333335,0.05142183333333333,0.004291695154190004,0.0733425855878039,0.0002591561526680771
"ours, audits a=0.2",3.2916666666666665,0.051274,0.0038148529048320627,0.07330997642912217,0.0001518839647223344
"ours, audits a=0.2",3.375,0.051061,0.0036948674282307106,0.07332640893315381,0.0002755464595254198
"ours, audits a=0.2",3.4583333333333335,0.051582833333333335,0.004269585706064898,0.07320600808505293,0.00018042832172030863
"ours, audits a=0.2",3.5416666666666665,0.05144616666666666,0.00439732611635311,0.07319798281322154,0.00010619380975088355
"ours, audits a=0.2",3.625,0.0513445,0.004336151568807469,0.07336438341173224,0.000268204372574876
"ours, audits a=0.2",3.7083333333333335,0.051510499999999994,0.004493623342832705,0.07336765217843225,0.0002984559559850682
"ours, audits a=0.2",3.7916666666666665,0.051059999999999994,0.004151191664811188,0.0731978609096133,0.00036356956088800623
"ours, audits a=0.2",3.875,0.051452333333333336,0.003993593314540921,0.07357213845871968,0.0002695889736658169
"ours, audits a=0.2",3.9583333333333335,0.051877000000000006,0.004413562985609165,0.07326866366133493,0.00041934642442922876
"ours, audits a=0.2",4.041666666666667,0.051723666666666654,0.0045083160943625005,0.07288390206296504,0.0007707853155968678
"ours, audits a=0.2",4.125,0.051208833333333335,0.004214252890092781,0.07037231173615884,0.0002810376854983719
"ours, audits a=0.2",4.208333333333333,0.05118449999999999,0.004794989580351126,0.0704528286056686,0.0002973788015330707
"ours, audits a=0.2",4.291666666666667,0.05206166666666667,0.004623161201355276,0.0703280389700235,0.0001496801124534745
"ours, audits a=0.2",4.375,0.05190533333333334,0.004608989853878089,0.07026994296783082,0.00016167569688103464
"ours, audits a=0.2",4.458333333333333,0.05148516666666667,0.004416293285139123,0.07025175224345978,0.00022288913006267007
"ours, audits a=0.2",4.541666666666667,0.05198516666666666,0.004764669622712679,0.07023645323263315,0.0002976671035250196
"ours, audits a=0.2",4.625,0.05154133333333334,0.004433192271049932,0.07016974493308979,0.00039244442203255814
"ours, audits a=0.2",4.708333333333333,0.051422,0.004838962776665783,0.07000589250993874,0.00032889129078310977
"ours, audits a=0.2",4.791666666666667,0.051583500000000004,0.004947073813435237,0.0702366173205819,0.0003546849984021403
"ours, audits a=0.2",4.875,0.051522,0.004754643980677947,0.07013939127667754,0.0002967472843846064
"ours, audits a=0.2",4.958333333333333,0.05133666666666666,0.004362083825556625,0.070006141921304,0.00037964341471002493
"ours, audits a=0.2",5.041666666666667,0.05285266666666667,0.004152717931420444,0.07039513364941334,0.000458461135041049
"ours, audits a=0.2",5.125,0.052247166666666664,0.0044431642768915066,0.06855506411322236,0.00031417852283576624
"ours, audits a=0.2",5.208333333333333,0.051999,0.004334275673035674,0.0682390872616534,0.00036768497492108414
"ours, audits a=0.2",5.291666666666667,0.052136666666666664,0.004303088790095392,0.06827637477634282,0.0005178356695387105
"ours, audits a=0.2",5.375,0.052382166666666674,0.0046104632400246984,0.06821292852411773,0.00015087807586954355
"ours, audits a=0.2",5.458333333333333,0.052384,0.004791377032760737,0.06811440293742803,0.00029678315134025197
"ours, audits a=0.2",5.541666666666667,0.05224083333333333,0.00514479093572409,0.06821323425108596,0.0004569621677937443
"ours, audits a=0.2",5.625,0.05225200000000001,0.005107467244473546,0.06809030676651658,0.0002543953107877841
"ours, audits a=0.2",5.708333333333333,0.05233733333333333,0.004736097303189026,0.0683800489115138,0.00032768829463105645
"ours, audits a=0.2",5.791666666666667,0.05223950000000001,0.004612265443716393,0.0681222667328206,0.0005221290055734986
"ours, audits a=0.2",5.875,0.05182083333333334,0.0044723194037759135,0.06817423326113457,0.0002802463418181955
"ours, audits a=0.2",5.958333333333333,0.05194633333333333,0.004515947957350752,0.06830035621597301,0.00028078085188789037
vanilla,0.041666666666666664,0.04884266666666666,0.004208943944708823,0.19292522778085197,0.0060365174753534935
vanilla,0.125,0.04887433333333333,0.004338791655898198,0.19301571730254025,0.006238473352781049
vanilla,0.20833333333333334,0.0487745,0.004586141242874684,0.19291206948400172,0.0060031429377596
vanilla,0.2916666666666667,0.04885316666666666,0.0044230101769267656,0.1928319951087218,0.005836346951293554
vanilla,0.375,0.04879499999999999,0.004467181156152769,0.19271112703384768,0.006332108548227895
vanilla,0.4583333333333333,0.04876683333333333,0.0044030979434690545,0.19314608663317348,0.006584989769679012
vanilla,0.5416666666666666,0.04883016666666667,0.004638609095978272,0.19294352824603828,0.006730166762862169
vanilla,0.625,0.04868416666666667,0.0043153693155080445,0.1930580625502061,0.006312444244788032
vanilla,0.7083333333333334,0.0488485,0.004276794127107765,0.1927692535113749,0.006658459624030137
vanilla,0.7916666666666666,0.04882983333333333,0.004478030709110643,0.19258122294763474,0.006686122073259942
vanilla,0.875,0.04893616666666666,0.004310331894312741,0.1928109058644079,0.006440871324539379
vanilla,0.9583333333333334,0.0489495,0.004568564550252302,0.19283817952759852,0.0061345314614595
vanilla,1.0416666666666667,0.04921450000000001,0.00510197435450428,0.18701453488972672,0.007345869838733303
vanilla,1.125,0.04907283333333333,0.005088660514988907,0.1874295048547818,0.0071895776626959155
vanilla,1.2083333333333333,0.049057,0.005077004934803946,0.18680332024447008,0.006181431877614125
vanilla,1.2916666666666667,0.04897950000000001,0.005301878142160774,0.18697495715100748,0.006608043315872342
vanilla,1.375,0.04916366666666666,0.00517804523692434,0.18710383082393767,0.0063797538480331855
vanilla,1.4583333333333333,0.04907483333333333,0.005151390398411937,0.1872176939370472,0.006897249822386137
vanilla,1.5416666666666667,0.0490925,0.005115989633065531,0.18711990377547766,0.007177568780977098
vanilla,1.625,0.04903966666666666,0.005059003719654406,0.18708253285618404,0.006329396158280816
vanilla,1.7083333333333333,0.04896416666666666,0.0051094889989757595,0.18729040023386342,0.00641202895703368
vanilla,1.7916666666666667,0.04901233333333334,0.004910326706772203,0.18717097962201984,0.0071575644492062225
vanilla,1.875,0.04917933333333334,0.0050198708057521985,0.18664414295822115,0.006622523283555217
vanilla,1.9583333333333333,0.04888683333333334,0.004938273113231714,0.18698429715972803,0.007291925999410688
vanilla,2.0416666666666665,0.04905366666666667,0.0028438684428638834,0.1873019187694842,0.0031732986952600416
vanilla,2.125,0.049077166666666665,0.0028839604351830004,0.1875249168061953,0.0023404326114648045
vanilla,2.2083333333333335,0.049298666666666664,0.0029618711842714007,0.18734336014992528,0.0021695967346849854
vanilla,2.2916666666666665,0.049301833333333336,0.002800860263634188,0.1872342788301845,0.0030326555575983126
vanilla,2.375,0.0491945,0.002840576899151062,0.1874674991699784,0.0032386181698644354
vanilla,2.4583333333333335,0.04913566666666666,0.0029473796553513274,0.1873582436673728,0.0031085687281573776
vanilla,2.5416666666666665,0.049049999999999996,0.0030856033047877126,0.18756708100350186,0.0026878933031691758
vanilla,2.625,0.0491475,0.0030745035455959665,0.18701796306437216,0.0017360536318791703
vanilla,2.7083333333333335,0.04923583333333333,0.003014009968461778,0.18768774483457665,0.002605070368474804
vanilla,2.7916666666666665,0.04917183333333333,0.0030720830133906967,0.18753290593777242,0.003019783610008741
vanilla,2.875,0.049232500000000005,0.003052028759569596,0.18754704763709365,0.00298976730761002
vanilla,2.9583333333333335,0.049271999999999996,0.0030329972687017,0.1872344663058433,0.0027321166133414333
vanilla,3.0416666666666665,0.04945783333333333,0.003562736338163234,0.19228344427708638,0.0056082326902837
vanilla,3.125,0.04942583333333333,0.0035706381364871047,0.19180978021372289,0.005348152797779609
vanilla,3.2083333333333335,0.049312999999999996,0.003430127430728494,0.19207211599142737,0.005510441853244885
vanilla,3.2916666666666665,0.04958066666666667,0.0035380772827374933,0.19175549454739488,0.005790196325425863
vanilla,3.375,0.049680499999999995,0.0035487964070616985,0.19216232905828715,0.005401493258682138
vanilla,3.4583333333333335,0.049484166666666676,0.003461778114539292,0.19178375137706558,0.00595018368763427
vanilla,3.5416666666666665,0.04941866666666667,0.0032516204448961574,0.19165930685440064,0.005321676103166323
vanilla,3.625,0.0495,0.0035026984468408302,0.1915178440708281,0.005696898359432448
vanilla,3.7083333333333335,0.049599000000000004,0.0034598222716954547,0.19172817901238767,0.005751206513633819
vanilla,3.7916666666666665,0.0496115,0.0035378176367624587,0.1917278988722247,0.005254019135624149
vanilla,3.875,0.04954233333333334,0.003562388914178983,0.19195633010466534,0.005640541079582992
vanilla,3.9583333333333335,0.0495065,0.0033346493553908503,0.19191827895834826,0.005109436252206089
vanilla,4.041666666666667,0.04833816666666667,0.004495306790791297,0.18641912568690408,0.00985502165961698
vanilla,4.125,0.048232666666666674,0.004573365732659363,0.1857710955963851,0.009880768787182631
vanilla,4.208333333333333,0.048210166666666665,0.0045426411905126265,0.1866599143230559,0.009983570662941027
vanilla,4.291666666666667,0.048354999999999995,0.0044704487485977195,0.18589003792908143,0.009968233289920447
vanilla,4.375,0.048359333333333324,0.00469659859825136,0.18607577858022611,0.009729760421337906
vanilla,4.458333333333333,0.04830583333333334,0.00453882401205572,0.1861234065823112,0.009861348495990982
vanilla,4.541666666666667,0.04822816666666667,0.004445650204002226,0.18650497806308897,0.009498722629594378
vanilla,4.625,0.04817066666666667,0.004688342826272705,0.18613333477952304,0.01011815380695719
vanilla,4.708333333333333,0.048485,0.004435146981455817,0.18609298354783296,0.010225673734840695
vanilla,4.791666666666667,0.04828949999999999,0.004377398368657022,0.18638267973346806,0.009949637470963953
vanilla,4.875,0.04834266666666666,0.0046220266760506985,0.18605210400797356,0.009845850729366138
vanilla,4.958333333333333,0.048205000000000005,0.004635104719249177,0.18606653151120317,0.010088744316079448
vanilla,5.041666666666667,0.048774166666666674,0.001994954647434847,0.18683979865969663,0.00544894431948721
vanilla,5.125,0.048578833333333335,0.002012790337076517,0.18695888228304222,0.005496652166669774
vanilla,5.208333333333333,0.048548499999999994,0.0022119692009077503,0.18660047596336318,0.005667643573290951
vanilla,5.291666666666667,0.048689833333333335,0.0020455466247637144,0.18702780429267243,0.005220513121933179
vanilla,5.375,0.048525166666666675,0.0018183000313417822,0.18673417017665722,0.0049391987377823
vanilla,5.458333333333333,0.048540999999999994,0.0016864001953992539,0.18733143071225927,0.0052631578827491594
vanilla,5.541666666666667,0.04873816666666667,0.0021011876109933115,0.18713759816791228,0.004805557124616044
vanilla,5.625,0.04858849999999999,0.002068938278064161,0.18716057060443253,0.005468213781710926
vanilla,5.708333333333333,0.04853366666666666,0.0019131061424755738,0.18699329418328597,0.005364700378391007
vanilla,5.791666666666667,0.04858133333333334,0.002019609979689581,0.1864465861884194,0.004552759444217172
vanilla,5.875,0.04866383333333334,0.001734629399337762,0.1870188438016382,0.005411422172380491
vanilla,5.958333333333333,0.04858166666666667,0.0020870406251949233,0.1867978482387177,0.0046094155029928596
