theta,beta_ch,price_of_malice,ci95,theta_prime,rho_max,bound,excess
0.25,0.0,0.0,0.0,0.21072223030649048,1.657345402816721,0.0,0.049306837557326545
0.25,0.05,0.0001721392215009901,0.00011014923287525764,0.2036559746853132,1.6542354733650142,0.04222967100298917,0.04947897677882753
0.25,0.1,0.00037078358396786524,0.0002007766024109495,0.19816648474610607,1.6682038437216555,0.08424961934749595,0.04967762114129441
0.25,0.2,0.0008644829352817407,0.00014120671845936338,0.18395649596607586,1.6933226352592647,0.16623396422954065,0.050171320492608286
0.25,0.3,0.0016106779461423303,0.00020382241887578656,0.17069749883850582,1.6619636141013103,0.23822608242357896,0.05091751550346887
0.5,0.0,0.0,0.0,0.21431633636410913,1.6498888716395257,0.0,0.032900306598211755
0.5,0.05,9.829123684870628e-05,5.49466911506602e-05,0.20354274128495656,1.6429102035303746,0.09577756161857377,0.03299859783506046
0.5,0.1,0.0001600229523967017,2.1758752903907528e-05,0.19571322060949045,1.6633946569658242,0.19178231592585512,0.03306032955060846
0.5,0.2,0.0004864802738996588,0.00013277462578764504,0.17775944215583622,1.6985859192467185,0.3816876710251974,0.03338678687211141
0.5,0.3,0.0012228669849246297,0.00027996673768062273,0.1619974033443973,1.7795476361354918,0.586266067849899,0.03412317358313639
1.0,0.0,0.0,0.0,0.3529313608524303,1.6956236774927729,0.0,0.028438156630033923
1.0,0.05,3.6637983357615254e-05,3.9652774116630924e-05,0.3402063087042849,1.7509581837004966,0.41074758539632683,0.028474794613391537
1.0,0.1,1.2552372436149677e-05,9.070513656197503e-05,0.3255939842936303,1.8023229464459836,0.832020433912016,0.028450709002470063
1.0,0.2,0.00024393796036366322,0.00011795986454835175,0.3050075353286406,1.8791507268132581,1.6957933065018957,0.028682094590397576
1.0,0.3,0.0022239389964592246,0.000897052627302928,0.2811870408275946,2.1018485141724836,2.7707489675205057,0.030662095626493146
