scheme,f,attracted_share,ci95
regretor,1.0,0.04914274537037037,0.0024687438021994616
regretor,1.5,0.03977843981481481,0.001597098887753493
regretor,2.0,0.03913883796296296,0.0014373026034583578
regretor,3.0,0.03970168518518519,0.0015870814560634296
regretor,5.0,0.040935101851851854,0.0021877936260533363
vanilla,1.0,0.0495576712962963,0.0013878257922636994
vanilla,1.5,0.07252911574074074,0.0019928197227523843
vanilla,2.0,0.09443503240740742,0.002563356848508527
vanilla,3.0,0.13525858333333332,0.0034710401339041914
vanilla,5.0,0.20672878703703704,0.004834428765449363
claps_cr,1.0,0.049022384259259255,0.006554691644032665
claps_cr,1.5,0.07177318981481483,0.009373662662993457
claps_cr,2.0,0.09349006944444445,0.011803435672804542
claps_cr,3.0,0.13512461574074075,0.014082599442099825
claps_cr,5.0,0.20820100925925927,0.017206218055945636
