panel,variant,hour,value,ci95
share,ours (hourly ref),0.041666666666666664,0.035820833333333336,0.0028635803518735708
share,ours (hourly ref),0.125,0.030232666666666668,0.002637389074265704
share,ours (hourly ref),0.20833333333333334,0.029888833333333337,0.0026083783366241593
share,ours (hourly ref),0.2916666666666667,0.03902383333333333,0.0018459292542954899
share,ours (hourly ref),0.375,0.04894833333333333,0.0007501737829126492
share,ours (hourly ref),0.4583333333333333,0.04922716666666667,0.0008523077251096813
share,ours (hourly ref),0.5416666666666666,0.04933666666666666,0.0009905348658721487
share,ours (hourly ref),0.625,0.04933266666666666,0.0008842087729023292
share,ours (hourly ref),0.7083333333333334,0.04939116666666667,0.0008651767816312316
share,ours (hourly ref),0.7916666666666666,0.0494415,0.0009545846905258237
share,ours (hourly ref),0.875,0.049369,0.0010779312973706967
share,ours (hourly ref),0.9583333333333334,0.049375666666666665,0.0008685700623991283
share,ours (hourly ref),1.0416666666666667,0.04998916666666667,0.0014674237630164678
share,ours (hourly ref),1.125,0.049985666666666664,0.0020028335212921803
share,ours (hourly ref),1.2083333333333333,0.050056333333333335,0.0021439415347974363
share,ours (hourly ref),1.2916666666666667,0.05002783333333334,0.0018827448464416416
share,ours (hourly ref),1.375,0.04989466666666666,0.0019545078279873934
share,ours (hourly ref),1.4583333333333333,0.05002633333333334,0.002032814764369869
share,ours (hourly ref),1.5416666666666667,0.050103833333333334,0.002117562705637015
share,ours (hourly ref),1.625,0.04994233333333333,0.001885915424552519
share,ours (hourly ref),1.7083333333333333,0.050001000000000004,0.002116536057951886
share,ours (hourly ref),1.7916666666666667,0.04994066666666667,0.001978708420638062
share,ours (hourly ref),1.875,0.04985883333333333,0.0019743629731232264
share,ours (hourly ref),1.9583333333333333,0.04999266666666666,0.0019868297775913727
share,ours (hourly ref),2.0416666666666665,0.05008083333333333,0.002914086856831385
share,ours (hourly ref),2.125,0.050383166666666666,0.0035248100410282647
share,ours (hourly ref),2.2083333333333335,0.05013049999999999,0.003808084327562141
share,ours (hourly ref),2.2916666666666665,0.043508500000000006,0.003081877116875134
share,ours (hourly ref),2.375,0.030176,0.001737324365832051
share,ours (hourly ref),2.4583333333333335,0.028657500000000002,0.0018466844673991948
share,ours (hourly ref),2.5416666666666665,0.028544833333333332,0.002076281303027583
share,ours (hourly ref),2.625,0.028642333333333336,0.0017255404677349118
share,ours (hourly ref),2.7083333333333335,0.02858583333333333,0.0019368718823985789
share,ours (hourly ref),2.7916666666666665,0.028608166666666664,0.0020323080074833803
share,ours (hourly ref),2.875,0.028711166666666666,0.0019314986314878915
share,ours (hourly ref),2.9583333333333335,0.028507833333333333,0.0019582655652327463
share,ours (hourly ref),3.0416666666666665,0.022890999999999998,0.0016042737792572484
share,ours (hourly ref),3.125,0.0184055,0.001136637116083699
share,ours (hourly ref),3.2083333333333335,0.0183185,0.001280298320722299
share,ours (hourly ref),3.2916666666666665,0.02386716666666667,0.0014918141022027683
share,ours (hourly ref),3.375,0.03952116666666666,0.0026968712459523917
share,ours (hourly ref),3.4583333333333335,0.0426585,0.0032734250994710143
share,ours (hourly ref),3.5416666666666665,0.04350316666666667,0.0033460025388767933
share,ours (hourly ref),3.625,0.04385516666666667,0.0032820217720800713
share,ours (hourly ref),3.7083333333333335,0.043832499999999996,0.0034722379599815257
share,ours (hourly ref),3.7916666666666665,0.04401383333333333,0.0036235408746862455
share,ours (hourly ref),3.875,0.044194333333333335,0.0035014532905050127
share,ours (hourly ref),3.9583333333333335,0.044207333333333335,0.003531250170487027
share,ours (hourly ref),4.041666666666667,0.0473185,0.003830177359074025
share,ours (hourly ref),4.125,0.049488833333333336,0.004181946842140326
share,ours (hourly ref),4.208333333333333,0.04968083333333333,0.004239329597931057
share,ours (hourly ref),4.291666666666667,0.049350166666666674,0.004134876951154402
share,ours (hourly ref),4.375,0.04958483333333334,0.004379023321383829
share,ours (hourly ref),4.458333333333333,0.049453333333333335,0.004341382652259496
share,ours (hourly ref),4.541666666666667,0.049507666666666665,0.004211732866434179
share,ours (hourly ref),4.625,0.04961283333333333,0.0043285278337806135
share,ours (hourly ref),4.708333333333333,0.04956233333333333,0.004447756003536953
share,ours (hourly ref),4.791666666666667,0.04949683333333334,0.004406502531728146
share,ours (hourly ref),4.875,0.04967866666666666,0.004451240757916042
share,ours (hourly ref),4.958333333333333,0.049479333333333334,0.0043582337183602085
share,ours (hourly ref),5.041666666666667,0.04954816666666667,0.00452466180789585
share,ours (hourly ref),5.125,0.049883833333333336,0.004597441472696711
share,ours (hourly ref),5.208333333333333,0.049924500000000004,0.0045336012370748744
share,ours (hourly ref),5.291666666666667,0.044246,0.004023718519909198
share,ours (hourly ref),5.375,0.030498666666666667,0.0037580954564852775
share,ours (hourly ref),5.458333333333333,0.02810516666666667,0.0036757722277031006
share,ours (hourly ref),5.541666666666667,0.028153500000000005,0.0037314544952708464
share,ours (hourly ref),5.625,0.028064500000000003,0.0037719179200056204
share,ours (hourly ref),5.708333333333333,0.028225333333333335,0.0038444961739164717
share,ours (hourly ref),5.791666666666667,0.028146833333333333,0.0037179188170344047
share,ours (hourly ref),5.875,0.028008999999999996,0.003738888976466149
share,ours (hourly ref),5.958333333333333,0.028165833333333327,0.004127345547932014
share,ours (hourly ref),6.041666666666667,0.023197666666666665,0.0030217184306104324
share,ours (hourly ref),6.125,0.01819216666666667,0.002446446437932733
share,ours (hourly ref),6.208333333333333,0.018217833333333332,0.002449136620049084
share,ours (hourly ref),6.291666666666667,0.022464666666666668,0.00262559854033658
share,ours (hourly ref),6.375,0.03798766666666666,0.00364285188225712
share,ours (hourly ref),6.458333333333333,0.04280816666666666,0.004563263207576728
share,ours (hourly ref),6.541666666666667,0.0443105,0.005192457264407306
share,ours (hourly ref),6.625,0.04482149999999999,0.005132522975949798
share,ours (hourly ref),6.708333333333333,0.045213333333333335,0.005391084975290131
share,ours (hourly ref),6.791666666666667,0.04543116666666666,0.005423988987247556
share,ours (hourly ref),6.875,0.04561283333333333,0.00511742435295632
share,ours (hourly ref),6.958333333333333,0.04558583333333334,0.005472400281799453
share,ours (hourly ref),7.041666666666667,0.048003166666666666,0.005179616670798014
share,ours (hourly ref),7.125,0.049499166666666664,0.004815782296416557
share,ours (hourly ref),7.208333333333333,0.049879333333333324,0.0047538775675762665
share,ours (hourly ref),7.291666666666667,0.04991933333333333,0.004703344161415996
share,ours (hourly ref),7.375,0.049909999999999996,0.004669986478711054
share,ours (hourly ref),7.458333333333333,0.05003216666666667,0.004845681503433609
share,ours (hourly ref),7.541666666666667,0.049926000000000005,0.004688299151586681
share,ours (hourly ref),7.625,0.05010999999999999,0.0045241120131470315
share,ours (hourly ref),7.708333333333333,0.049954,0.004685024389369977
share,ours (hourly ref),7.791666666666667,0.04993566666666667,0.00488566517220879
share,ours (hourly ref),7.875,0.049966666666666666,0.004587950690286143
share,ours (hourly ref),7.958333333333333,0.050088499999999994,0.004636130034671973
share,ours (hourly ref),8.041666666666666,0.0497165,0.004686044642668904
share,ours (hourly ref),8.125,0.049728666666666664,0.004737630605569118
share,ours (hourly ref),8.208333333333334,0.04982966666666667,0.004708284727595138
share,ours (hourly ref),8.291666666666666,0.04448833333333334,0.00399099517928641
share,ours (hourly ref),8.375,0.031039500000000005,0.003006094852737821
share,ours (hourly ref),8.458333333333334,0.028259833333333335,0.0029641108383100887
share,ours (hourly ref),8.541666666666666,0.028130666666666672,0.003056668692606294
share,ours (hourly ref),8.625,0.028172000000000003,0.002820124335122587
share,ours (hourly ref),8.708333333333334,0.028173833333333332,0.0029911714637904634
share,ours (hourly ref),8.791666666666666,0.028074333333333333,0.002971600850576883
share,ours (hourly ref),8.875,0.02830833333333333,0.0030359789460043937
share,ours (hourly ref),8.958333333333334,0.028269,0.002909393208953033
damage_ref,ours (hourly ref),,1.7102597741674372,0.2881731718597081
share,ours (ref every 10 min),0.041666666666666664,0.035820833333333336,0.0028635803518735708
share,ours (ref every 10 min),0.125,0.030232666666666668,0.002637389074265704
share,ours (ref every 10 min),0.20833333333333334,0.021788333333333333,0.0017415488762662198
share,ours (ref every 10 min),0.2916666666666667,0.028492833333333335,0.0013822369366251516
share,ours (ref every 10 min),0.375,0.043687166666666666,0.001421423902652805
share,ours (ref every 10 min),0.4583333333333333,0.04506700000000001,0.0017411559348253726
share,ours (ref every 10 min),0.5416666666666666,0.0471955,0.0028359593751434943
share,ours (ref every 10 min),0.625,0.04784466666666667,0.0030701473303776524
share,ours (ref every 10 min),0.7083333333333334,0.048765833333333335,0.0038039482105387944
share,ours (ref every 10 min),0.7916666666666666,0.049014000000000016,0.004017350557473884
share,ours (ref every 10 min),0.875,0.0493985,0.004347869510977094
share,ours (ref every 10 min),0.9583333333333334,0.04944283333333334,0.004384054455217841
share,ours (ref every 10 min),1.0416666666666667,0.049544000000000005,0.004560548401075503
share,ours (ref every 10 min),1.125,0.049632833333333334,0.004463731080791447
share,ours (ref every 10 min),1.2083333333333333,0.04954183333333333,0.004820331730310676
share,ours (ref every 10 min),1.2916666666666667,0.04945683333333333,0.004430472844756433
share,ours (ref every 10 min),1.375,0.04950433333333334,0.004669766062044658
share,ours (ref every 10 min),1.4583333333333333,0.04937533333333333,0.0044404472324898634
share,ours (ref every 10 min),1.5416666666666667,0.0494805,0.004544829626345767
share,ours (ref every 10 min),1.625,0.0496705,0.004731435060952012
share,ours (ref every 10 min),1.7083333333333333,0.049587000000000006,0.00452436443221517
share,ours (ref every 10 min),1.7916666666666667,0.0495135,0.004552008022211222
share,ours (ref every 10 min),1.875,0.049710166666666666,0.004776534165722916
share,ours (ref every 10 min),1.9583333333333333,0.049425,0.004535736274264573
share,ours (ref every 10 min),2.0416666666666665,0.04966383333333334,0.004751039583272187
share,ours (ref every 10 min),2.125,0.0495955,0.00453341218878239
share,ours (ref every 10 min),2.2083333333333335,0.04962383333333333,0.004775238151660573
share,ours (ref every 10 min),2.2916666666666665,0.043061,0.003991782956451371
share,ours (ref every 10 min),2.375,0.024913333333333332,0.002345698255367381
share,ours (ref every 10 min),2.4583333333333335,0.01942683333333333,0.0019645392103823773
share,ours (ref every 10 min),2.5416666666666665,0.015168500000000001,0.0014907068130581385
share,ours (ref every 10 min),2.625,0.012302333333333335,0.001236088220699134
share,ours (ref every 10 min),2.7083333333333335,0.009837833333333334,0.0009215457033351468
share,ours (ref every 10 min),2.7916666666666665,0.008028833333333334,0.0008481847301069608
share,ours (ref every 10 min),2.875,0.006468499999999999,0.0006874954852722679
share,ours (ref every 10 min),2.9583333333333335,0.0052345,0.0004852145091829742
share,ours (ref every 10 min),3.0416666666666665,0.004268166666666667,0.00037081064697293324
share,ours (ref every 10 min),3.125,0.0034446666666666666,0.0003014682951989409
share,ours (ref every 10 min),3.2083333333333335,0.0028243333333333336,0.0002813804939053882
share,ours (ref every 10 min),3.2916666666666665,0.0035540000000000003,0.00027994808018360864
share,ours (ref every 10 min),3.375,0.008387666666666665,0.0006844570725119721
share,ours (ref every 10 min),3.4583333333333335,0.009682333333333333,0.0008245216803837749
share,ours (ref every 10 min),3.5416666666666665,0.014541499999999999,0.0013575787423826594
share,ours (ref every 10 min),3.625,0.01709133333333333,0.0016755423207507401
share,ours (ref every 10 min),3.7083333333333335,0.0243475,0.0022313907700985875
share,ours (ref every 10 min),3.7916666666666665,0.029704500000000002,0.002864861513623388
share,ours (ref every 10 min),3.875,0.036531166666666656,0.0033000772321077863
share,ours (ref every 10 min),3.9583333333333335,0.043734499999999996,0.0038614692320126597
share,ours (ref every 10 min),4.041666666666667,0.04613716666666667,0.004174038325149327
share,ours (ref every 10 min),4.125,0.04816249999999999,0.004491257667598113
share,ours (ref every 10 min),4.208333333333333,0.048927,0.00460221114563766
share,ours (ref every 10 min),4.291666666666667,0.04889766666666667,0.004811332025120047
share,ours (ref every 10 min),4.375,0.049258333333333335,0.004700397733420166
share,ours (ref every 10 min),4.458333333333333,0.04946016666666667,0.004637799568537713
share,ours (ref every 10 min),4.541666666666667,0.0495055,0.004780106135683045
share,ours (ref every 10 min),4.625,0.04958783333333333,0.004671680386899338
share,ours (ref every 10 min),4.708333333333333,0.049588,0.004468051046475185
share,ours (ref every 10 min),4.791666666666667,0.04946083333333333,0.004752567400317601
share,ours (ref every 10 min),4.875,0.0496145,0.004828641278419724
share,ours (ref every 10 min),4.958333333333333,0.04966133333333332,0.005122028531330837
share,ours (ref every 10 min),5.041666666666667,0.04961716666666667,0.004785772424755489
share,ours (ref every 10 min),5.125,0.04960183333333333,0.004818282549053296
share,ours (ref every 10 min),5.208333333333333,0.0495815,0.005248677158907682
share,ours (ref every 10 min),5.291666666666667,0.04428766666666666,0.004152296442037747
share,ours (ref every 10 min),5.375,0.027735833333333338,0.0026155471317746187
share,ours (ref every 10 min),5.458333333333333,0.02041516666666667,0.002020651512517158
share,ours (ref every 10 min),5.541666666666667,0.016281499999999997,0.0016254728964082755
share,ours (ref every 10 min),5.625,0.012978666666666666,0.0013423179311781127
share,ours (ref every 10 min),5.708333333333333,0.010705333333333334,0.0010592320522822029
share,ours (ref every 10 min),5.791666666666667,0.008566500000000001,0.0009123764674934478
share,ours (ref every 10 min),5.875,0.0070615,0.0008189582950699006
share,ours (ref every 10 min),5.958333333333333,0.005675333333333333,0.0005792961024339301
share,ours (ref every 10 min),6.041666666666667,0.004722666666666667,0.0005379834565294368
share,ours (ref every 10 min),6.125,0.0037379999999999996,0.0003826999725471967
share,ours (ref every 10 min),6.208333333333333,0.0031601666666666666,0.00028198008971893446
share,ours (ref every 10 min),6.291666666666667,0.0036999999999999997,0.00036807173462664677
share,ours (ref every 10 min),6.375,0.009053166666666666,0.0008293558021197547
share,ours (ref every 10 min),6.458333333333333,0.01096616666666667,0.0011892378198333027
share,ours (ref every 10 min),6.541666666666667,0.0160405,0.0014928371633994865
share,ours (ref every 10 min),6.625,0.019451333333333334,0.002011528490859439
share,ours (ref every 10 min),6.708333333333333,0.026533499999999998,0.002494875933858062
share,ours (ref every 10 min),6.791666666666667,0.034049166666666665,0.003416800232180383
share,ours (ref every 10 min),6.875,0.03900816666666667,0.003704408175077702
share,ours (ref every 10 min),6.958333333333333,0.04521383333333333,0.004102243420872415
share,ours (ref every 10 min),7.041666666666667,0.047331500000000006,0.004530992229284687
share,ours (ref every 10 min),7.125,0.048434333333333336,0.004662056166358777
share,ours (ref every 10 min),7.208333333333333,0.04900683333333333,0.00483633962784878
share,ours (ref every 10 min),7.291666666666667,0.04932766666666666,0.004846257746733649
share,ours (ref every 10 min),7.375,0.0494835,0.004818772541257822
share,ours (ref every 10 min),7.458333333333333,0.04940516666666667,0.0048746763572397175
share,ours (ref every 10 min),7.541666666666667,0.04952583333333333,0.004869255880156413
share,ours (ref every 10 min),7.625,0.04953183333333334,0.004870375780301405
share,ours (ref every 10 min),7.708333333333333,0.04977383333333334,0.004967687296792397
share,ours (ref every 10 min),7.791666666666667,0.04962300000000001,0.004948845553555355
share,ours (ref every 10 min),7.875,0.04980333333333333,0.004797281123379732
share,ours (ref every 10 min),7.958333333333333,0.049601833333333324,0.004771774331547383
share,ours (ref every 10 min),8.041666666666666,0.04978933333333334,0.005011389274221284
share,ours (ref every 10 min),8.125,0.04972466666666667,0.0047530059724255865
share,ours (ref every 10 min),8.208333333333334,0.049552333333333344,0.005017441741799989
share,ours (ref every 10 min),8.291666666666666,0.04443383333333333,0.0042677706257655
share,ours (ref every 10 min),8.375,0.028172166666666672,0.002729186792912483
share,ours (ref every 10 min),8.458333333333334,0.020832333333333335,0.0020700707437983717
share,ours (ref every 10 min),8.541666666666666,0.01678333333333333,0.0018196428619793033
share,ours (ref every 10 min),8.625,0.013235333333333335,0.0013417770429910406
share,ours (ref every 10 min),8.708333333333334,0.011133166666666666,0.0011298018064641385
share,ours (ref every 10 min),8.791666666666666,0.008748333333333334,0.000986225767817311
share,ours (ref every 10 min),8.875,0.007381166666666666,0.000684616683154282
share,ours (ref every 10 min),8.958333333333334,0.005797166666666667,0.0005595748149392095
damage_ref,ours (ref every 10 min),,1.2548701346634674,0.31974527242743106
share,"ours (sampled ref, r=11)",0.041666666666666664,0.030413500000000003,0.0023180861247143777
share,"ours (sampled ref, r=11)",0.125,0.010886666666666666,0.0009467733219856798
share,"ours (sampled ref, r=11)",0.20833333333333334,0.006374333333333333,0.0005902628228380277
share,"ours (sampled ref, r=11)",0.2916666666666667,0.009741,0.0007067453452585513
share,"ours (sampled ref, r=11)",0.375,0.03566466666666667,0.00211131422262333
share,"ours (sampled ref, r=11)",0.4583333333333333,0.04654399999999999,0.00400207086364457
share,"ours (sampled ref, r=11)",0.5416666666666666,0.04803933333333334,0.00449758281838239
share,"ours (sampled ref, r=11)",0.625,0.04808699999999999,0.004589617548363026
share,"ours (sampled ref, r=11)",0.7083333333333334,0.048258499999999996,0.0046913871767457534
share,"ours (sampled ref, r=11)",0.7916666666666666,0.048488833333333335,0.00460985170403814
share,"ours (sampled ref, r=11)",0.875,0.04869883333333334,0.004606378059554337
share,"ours (sampled ref, r=11)",0.9583333333333334,0.0486235,0.004702001037299215
share,"ours (sampled ref, r=11)",1.0416666666666667,0.048521499999999995,0.0046068217292297925
share,"ours (sampled ref, r=11)",1.125,0.04893666666666666,0.004796744295527606
share,"ours (sampled ref, r=11)",1.2083333333333333,0.048822333333333336,0.004512928005496387
share,"ours (sampled ref, r=11)",1.2916666666666667,0.049155000000000004,0.004726490186085245
share,"ours (sampled ref, r=11)",1.375,0.04899983333333334,0.004610207778453035
share,"ours (sampled ref, r=11)",1.4583333333333333,0.049219666666666675,0.004886141351540512
share,"ours (sampled ref, r=11)",1.5416666666666667,0.04922800000000001,0.004669626444920385
share,"ours (sampled ref, r=11)",1.625,0.04906183333333334,0.0047740246859469555
share,"ours (sampled ref, r=11)",1.7083333333333333,0.04936549999999999,0.004726316985571257
share,"ours (sampled ref, r=11)",1.7916666666666667,0.04923633333333334,0.004844030848370299
share,"ours (sampled ref, r=11)",1.875,0.049132833333333334,0.0046291621724253796
share,"ours (sampled ref, r=11)",1.9583333333333333,0.04936666666666666,0.00475461596834095
share,"ours (sampled ref, r=11)",2.0416666666666665,0.049016,0.004854617464293711
share,"ours (sampled ref, r=11)",2.125,0.04913566666666667,0.0047816227846091295
share,"ours (sampled ref, r=11)",2.2083333333333335,0.04917216666666666,0.004744960039505068
share,"ours (sampled ref, r=11)",2.2916666666666665,0.042709166666666666,0.004122458162159694
share,"ours (sampled ref, r=11)",2.375,0.022603166666666667,0.002024898049861912
share,"ours (sampled ref, r=11)",2.4583333333333335,0.01237,0.0010287778710666511
share,"ours (sampled ref, r=11)",2.5416666666666665,0.007564500000000002,0.00047499091734329795
share,"ours (sampled ref, r=11)",2.625,0.004950166666666667,0.00025498910407844937
share,"ours (sampled ref, r=11)",2.7083333333333335,0.0033803333333333333,0.00021430522509311676
share,"ours (sampled ref, r=11)",2.7916666666666665,0.0024688333333333333,0.00018038823077398556
share,"ours (sampled ref, r=11)",2.875,0.0019285,0.00012474578465774595
share,"ours (sampled ref, r=11)",2.9583333333333335,0.0015756666666666668,0.00016637029866940978
share,"ours (sampled ref, r=11)",3.0416666666666665,0.0013753333333333332,0.00013546654435809803
share,"ours (sampled ref, r=11)",3.125,0.0012081666666666669,0.00015704479607876797
share,"ours (sampled ref, r=11)",3.2083333333333335,0.0011815,0.0001246663701588511
share,"ours (sampled ref, r=11)",3.2916666666666665,0.0018181666666666665,0.00021842569097242168
share,"ours (sampled ref, r=11)",3.375,0.007574666666666667,0.0009870959255919023
share,"ours (sampled ref, r=11)",3.4583333333333335,0.02273716666666667,0.0025176255362329386
share,"ours (sampled ref, r=11)",3.5416666666666665,0.03646016666666667,0.0024709497464923636
share,"ours (sampled ref, r=11)",3.625,0.0417395,0.002969758932891356
share,"ours (sampled ref, r=11)",3.7083333333333335,0.04446183333333333,0.004318463223490912
share,"ours (sampled ref, r=11)",3.7916666666666665,0.045839500000000005,0.004514336585905577
share,"ours (sampled ref, r=11)",3.875,0.0471285,0.004941323114556142
share,"ours (sampled ref, r=11)",3.9583333333333335,0.04753283333333334,0.004876040709453699
share,"ours (sampled ref, r=11)",4.041666666666667,0.04791783333333334,0.005147734675544963
share,"ours (sampled ref, r=11)",4.125,0.04831683333333333,0.005079281510277195
share,"ours (sampled ref, r=11)",4.208333333333333,0.04830783333333334,0.004918168952775013
share,"ours (sampled ref, r=11)",4.291666666666667,0.04839249999999999,0.0051319125545163085
share,"ours (sampled ref, r=11)",4.375,0.048456500000000007,0.004690002733674427
share,"ours (sampled ref, r=11)",4.458333333333333,0.048617499999999994,0.004949075433725862
share,"ours (sampled ref, r=11)",4.541666666666667,0.048646333333333326,0.00475984980007754
share,"ours (sampled ref, r=11)",4.625,0.04881816666666666,0.004696975632077412
share,"ours (sampled ref, r=11)",4.708333333333333,0.04886066666666666,0.004695704275614056
share,"ours (sampled ref, r=11)",4.791666666666667,0.049013,0.004717978761798023
share,"ours (sampled ref, r=11)",4.875,0.049050166666666666,0.0046593638227788135
share,"ours (sampled ref, r=11)",4.958333333333333,0.04923799999999999,0.0044789182490258305
share,"ours (sampled ref, r=11)",5.041666666666667,0.049266500000000005,0.0047019054023410105
share,"ours (sampled ref, r=11)",5.125,0.048986499999999995,0.004719522294899096
share,"ours (sampled ref, r=11)",5.208333333333333,0.049223,0.004637864853034143
share,"ours (sampled ref, r=11)",5.291666666666667,0.042876,0.003978704417942898
share,"ours (sampled ref, r=11)",5.375,0.024381166666666666,0.0017181669051979803
share,"ours (sampled ref, r=11)",5.458333333333333,0.014082666666666665,0.0009418673134188747
share,"ours (sampled ref, r=11)",5.541666666666667,0.0085285,0.00048643418609127975
share,"ours (sampled ref, r=11)",5.625,0.005451333333333334,0.0003272902936543919
share,"ours (sampled ref, r=11)",5.708333333333333,0.003673,0.00016892037697070487
share,"ours (sampled ref, r=11)",5.791666666666667,0.0026851666666666664,0.00012412414156277388
share,"ours (sampled ref, r=11)",5.875,0.002058833333333333,0.00014261617470666133
share,"ours (sampled ref, r=11)",5.958333333333333,0.0016366666666666665,0.00016183530189542466
share,"ours (sampled ref, r=11)",6.041666666666667,0.0013496666666666665,0.00010228718775241101
share,"ours (sampled ref, r=11)",6.125,0.0011953333333333334,9.666356219696244e-05
share,"ours (sampled ref, r=11)",6.208333333333333,0.001098,0.00013587098955090813
share,"ours (sampled ref, r=11)",6.291666666666667,0.0015649999999999998,0.00019622885750890026
share,"ours (sampled ref, r=11)",6.375,0.006473666666666667,0.0007643113200641577
share,"ours (sampled ref, r=11)",6.458333333333333,0.019384333333333333,0.0014167053929321663
share,"ours (sampled ref, r=11)",6.541666666666667,0.0340215,0.0021173984795035653
share,"ours (sampled ref, r=11)",6.625,0.040606333333333335,0.0026532281445113388
share,"ours (sampled ref, r=11)",6.708333333333333,0.04358766666666667,0.0036290960801088233
share,"ours (sampled ref, r=11)",6.791666666666667,0.04527483333333334,0.004050237098109461
share,"ours (sampled ref, r=11)",6.875,0.046622833333333336,0.004544988282929387
share,"ours (sampled ref, r=11)",6.958333333333333,0.04729916666666666,0.00487766820719884
share,"ours (sampled ref, r=11)",7.041666666666667,0.047766666666666666,0.0049096431923945924
share,"ours (sampled ref, r=11)",7.125,0.04816533333333333,0.004718988487113247
share,"ours (sampled ref, r=11)",7.208333333333333,0.04830583333333334,0.004816962116126665
share,"ours (sampled ref, r=11)",7.291666666666667,0.048499999999999995,0.004799877593736165
share,"ours (sampled ref, r=11)",7.375,0.04845366666666666,0.005005019920733544
share,"ours (sampled ref, r=11)",7.458333333333333,0.048590666666666664,0.004787008554786724
share,"ours (sampled ref, r=11)",7.541666666666667,0.048890666666666666,0.00494501322866734
share,"ours (sampled ref, r=11)",7.625,0.048792166666666664,0.004639568261977355
share,"ours (sampled ref, r=11)",7.708333333333333,0.048964333333333346,0.004597461081028285
share,"ours (sampled ref, r=11)",7.791666666666667,0.04885350000000001,0.0046842172264612856
share,"ours (sampled ref, r=11)",7.875,0.049077166666666665,0.0047571258176636495
share,"ours (sampled ref, r=11)",7.958333333333333,0.049126,0.004579369323139881
share,"ours (sampled ref, r=11)",8.041666666666666,0.049161333333333335,0.0045567009115438
share,"ours (sampled ref, r=11)",8.125,0.049257333333333334,0.004755724930416642
share,"ours (sampled ref, r=11)",8.208333333333334,0.048949000000000006,0.004851503464652476
share,"ours (sampled ref, r=11)",8.291666666666666,0.04309933333333334,0.003795638521408204
share,"ours (sampled ref, r=11)",8.375,0.02509216666666666,0.0018412368617272035
share,"ours (sampled ref, r=11)",8.458333333333334,0.014845333333333335,0.0011136062159059262
share,"ours (sampled ref, r=11)",8.541666666666666,0.0094755,0.0007559246075737817
share,"ours (sampled ref, r=11)",8.625,0.0064923333333333335,0.0004255036112635344
share,"ours (sampled ref, r=11)",8.708333333333334,0.004415166666666667,0.0002833663414836336
share,"ours (sampled ref, r=11)",8.791666666666666,0.0031746666666666668,0.00024366788190487604
share,"ours (sampled ref, r=11)",8.875,0.002368833333333333,0.0001329234672652627
share,"ours (sampled ref, r=11)",8.958333333333334,0.0019438333333333334,0.00018190277515162088
damage_ref,"ours (sampled ref, r=11)",,1.0971151077797408,0.3281108677110492
share,vanilla,0.041666666666666664,0.0025661666666666667,0.000263183833504885
share,vanilla,0.125,0.0025559999999999997,0.00026721771673332394
share,vanilla,0.20833333333333334,0.0025291666666666665,0.0002805360445215306
share,vanilla,0.2916666666666667,0.0026031666666666664,0.0002136307175526729
share,vanilla,0.375,0.0025601666666666663,0.0002770813235713924
share,vanilla,0.4583333333333333,0.0025955,0.00021346175764533186
share,vanilla,0.5416666666666666,0.0025525,0.000265241747897256
share,vanilla,0.625,0.002538833333333333,0.0002445811941104064
share,vanilla,0.7083333333333334,0.0026111666666666666,0.0002268464017696469
share,vanilla,0.7916666666666666,0.0025646666666666665,0.0002448579121962325
share,vanilla,0.875,0.0025879999999999996,0.00018646590306028
share,vanilla,0.9583333333333334,0.0025488333333333326,0.00027780507372951365
share,vanilla,1.0416666666666667,0.04921450000000001,0.00510197435450428
share,vanilla,1.125,0.04907283333333333,0.005088660514988907
share,vanilla,1.2083333333333333,0.049057,0.005077004934803946
share,vanilla,1.2916666666666667,0.04897950000000001,0.005301878142160774
share,vanilla,1.375,0.04916366666666666,0.00517804523692434
share,vanilla,1.4583333333333333,0.04907483333333333,0.005151390398411937
share,vanilla,1.5416666666666667,0.0490925,0.005115989633065531
share,vanilla,1.625,0.04903966666666666,0.005059003719654406
share,vanilla,1.7083333333333333,0.04896416666666666,0.0051094889989757595
share,vanilla,1.7916666666666667,0.04901233333333334,0.004910326706772203
share,vanilla,1.875,0.04917933333333334,0.0050198708057521985
share,vanilla,1.9583333333333333,0.04888683333333334,0.004938273113231714
share,vanilla,2.0416666666666665,0.04905366666666667,0.0028438684428638834
share,vanilla,2.125,0.049077166666666665,0.0028839604351830004
share,vanilla,2.2083333333333335,0.049298666666666664,0.0029618711842714007
share,vanilla,2.2916666666666665,0.049301833333333336,0.002800860263634188
share,vanilla,2.375,0.0491945,0.002840576899151062
share,vanilla,2.4583333333333335,0.04913566666666666,0.0029473796553513274
share,vanilla,2.5416666666666665,0.049049999999999996,0.0030856033047877126
share,vanilla,2.625,0.0491475,0.0030745035455959665
share,vanilla,2.7083333333333335,0.04923583333333333,0.003014009968461778
share,vanilla,2.7916666666666665,0.04917183333333333,0.0030720830133906967
share,vanilla,2.875,0.049232500000000005,0.003052028759569596
share,vanilla,2.9583333333333335,0.049271999999999996,0.0030329972687017
share,vanilla,3.0416666666666665,0.0026036666666666665,0.00021252050547308077
share,vanilla,3.125,0.0025960000000000002,0.00020065752713529657
share,vanilla,3.2083333333333335,0.002608,0.00019322492129222166
share,vanilla,3.2916666666666665,0.002562333333333333,0.00020029838087119899
share,vanilla,3.375,0.0025915,0.00020751412113032819
share,vanilla,3.4583333333333335,0.0025896666666666663,0.00019501878137776797
share,vanilla,3.5416666666666665,0.0026153333333333332,0.00019216786829497006
share,vanilla,3.625,0.0025771666666666664,0.00019609322639786865
share,vanilla,3.7083333333333335,0.0026138333333333335,0.00017061996268641333
share,vanilla,3.7916666666666665,0.0025810000000000004,0.00020720820200867803
share,vanilla,3.875,0.0026,0.0001808274964191246
share,vanilla,3.9583333333333335,0.0025993333333333333,0.0001552552447980878
share,vanilla,4.041666666666667,0.04833816666666667,0.004495306790791297
share,vanilla,4.125,0.048232666666666674,0.004573365732659363
share,vanilla,4.208333333333333,0.048210166666666665,0.0045426411905126265
share,vanilla,4.291666666666667,0.048354999999999995,0.0044704487485977195
share,vanilla,4.375,0.048359333333333324,0.00469659859825136
share,vanilla,4.458333333333333,0.04830583333333334,0.00453882401205572
share,vanilla,4.541666666666667,0.04822816666666667,0.004445650204002226
share,vanilla,4.625,0.04817066666666667,0.004688342826272705
share,vanilla,4.708333333333333,0.048485,0.004435146981455817
share,vanilla,4.791666666666667,0.04828949999999999,0.004377398368657022
share,vanilla,4.875,0.04834266666666666,0.0046220266760506985
share,vanilla,4.958333333333333,0.048205000000000005,0.004635104719249177
share,vanilla,5.041666666666667,0.048774166666666674,0.001994954647434847
share,vanilla,5.125,0.048578833333333335,0.002012790337076517
share,vanilla,5.208333333333333,0.048548499999999994,0.0022119692009077503
share,vanilla,5.291666666666667,0.048689833333333335,0.0020455466247637144
share,vanilla,5.375,0.048525166666666675,0.0018183000313417822
share,vanilla,5.458333333333333,0.048540999999999994,0.0016864001953992539
share,vanilla,5.541666666666667,0.04873816666666667,0.0021011876109933115
share,vanilla,5.625,0.04858849999999999,0.002068938278064161
share,vanilla,5.708333333333333,0.04853366666666666,0.0019131061424755738
share,vanilla,5.791666666666667,0.04858133333333334,0.002019609979689581
share,vanilla,5.875,0.04866383333333334,0.001734629399337762
share,vanilla,5.958333333333333,0.04858166666666667,0.0020870406251949233
share,vanilla,6.041666666666667,0.0025013333333333333,0.00022406359253297265
share,vanilla,6.125,0.002473333333333333,0.0002124013270098658
share,vanilla,6.208333333333333,0.0024431666666666673,0.00016532610945669857
share,vanilla,6.291666666666667,0.002437,0.00017907473062149312
share,vanilla,6.375,0.002460166666666667,0.0002035473345676797
share,vanilla,6.458333333333333,0.002468,0.00023398243005240193
share,vanilla,6.541666666666667,0.0024541666666666666,0.0001993454609065853
share,vanilla,6.625,0.002433166666666666,0.00021942944753243905
share,vanilla,6.708333333333333,0.0024838333333333336,0.00017222509527190972
share,vanilla,6.791666666666667,0.0024679999999999997,0.00013811787339023838
share,vanilla,6.875,0.002458333333333333,0.00021186507865160372
share,vanilla,6.958333333333333,0.0024444999999999996,0.00019549719365123878
share,vanilla,7.041666666666667,0.048760166666666674,0.004824552532945138
share,vanilla,7.125,0.04890216666666667,0.004832916133230216
share,vanilla,7.208333333333333,0.048841999999999997,0.004869757705359018
share,vanilla,7.291666666666667,0.048759,0.004686340680193359
share,vanilla,7.375,0.049069999999999996,0.00481746591056561
share,vanilla,7.458333333333333,0.04883716666666667,0.004977681608808605
share,vanilla,7.541666666666667,0.04872566666666667,0.004590390663334987
share,vanilla,7.625,0.04888583333333333,0.004781150740024853
share,vanilla,7.708333333333333,0.04882183333333333,0.004786597400608427
share,vanilla,7.791666666666667,0.048932833333333335,0.005008447633240226
share,vanilla,7.875,0.048801166666666666,0.0048639198323599565
share,vanilla,7.958333333333333,0.04886866666666666,0.004996622193046785
share,vanilla,8.041666666666666,0.04728466666666666,0.0044023774823477
share,vanilla,8.125,0.0473405,0.004265491888519358
share,vanilla,8.208333333333334,0.04743000000000001,0.004319969562811903
share,vanilla,8.291666666666666,0.04735716666666666,0.004403214973529672
share,vanilla,8.375,0.04755616666666667,0.004300256080012437
share,vanilla,8.458333333333334,0.04753999999999999,0.0044493889369181605
share,vanilla,8.541666666666666,0.04747733333333333,0.004184904368915839
share,vanilla,8.625,0.04741233333333334,0.004211202433347672
share,vanilla,8.708333333333334,0.04747266666666667,0.004236082345922378
share,vanilla,8.791666666666666,0.04747066666666667,0.004442880760900169
share,vanilla,8.875,0.04762366666666666,0.0043596429179948585
share,vanilla,8.958333333333334,0.047395,0.004589592961056097
damage_ref,vanilla,,1.53013287844575,0.17618329822680398
share,oracle,0.041666666666666664,0.002726333333333333,0.0003025955444689311
share,oracle,0.125,0.0026726666666666665,0.0004004843620343033
share,oracle,0.20833333333333334,0.0027105000000000002,0.0003273786052509311
share,oracle,0.2916666666666667,0.0573085,0.0014237127537083127
share,oracle,0.375,0.07383033333333335,0.0018657623596828497
share,oracle,0.4583333333333333,0.07381933333333333,0.002054032491834349
share,oracle,0.5416666666666666,0.0736525,0.00175976412304105
share,oracle,0.625,0.073839,0.00186892551427798
share,oracle,0.7083333333333334,0.07384666666666666,0.001968662005365483
share,oracle,0.7916666666666666,0.0739465,0.0021347764908161127
share,oracle,0.875,0.07361216666666667,0.0018195936725622977
share,oracle,0.9583333333333334,0.07389233333333334,0.002207279970295402
share,oracle,1.0416666666666667,0.07378883333333333,0.0017465953429106654
share,oracle,1.125,0.07370033333333333,0.0017295015289508751
share,oracle,1.2083333333333333,0.07396116666666666,0.0020512118414336596
share,oracle,1.2916666666666667,0.07388000000000002,0.0017344137297625247
share,oracle,1.375,0.07384666666666667,0.0017847421816698241
share,oracle,1.4583333333333333,0.07391133333333333,0.0018816946613053433
share,oracle,1.5416666666666667,0.07365916666666666,0.0019779697856514423
share,oracle,1.625,0.07398516666666666,0.0018917486655837122
share,oracle,1.7083333333333333,0.07397166666666666,0.0019953909178065127
share,oracle,1.7916666666666667,0.07395633333333333,0.001693255906482613
share,oracle,1.875,0.07379366666666667,0.001828709835997387
share,oracle,1.9583333333333333,0.07378499999999999,0.001900105442795548
share,oracle,2.0416666666666665,0.07374700000000001,0.0017163877199127618
share,oracle,2.125,0.07382566666666666,0.001895237393811922
share,oracle,2.2083333333333335,0.07362466666666667,0.0014743849760036052
share,oracle,2.2916666666666665,0.019395000000000003,0.0006759965205534195
share,oracle,2.375,0.002735333333333333,0.00033000317628697844
share,oracle,2.4583333333333335,0.002708166666666667,0.0003204897166021087
share,oracle,2.5416666666666665,0.002708833333333333,0.00033434795731529423
share,oracle,2.625,0.0027008333333333333,0.0003092584037803293
share,oracle,2.7083333333333335,0.002752833333333333,0.00035967840533645336
share,oracle,2.7916666666666665,0.0027368333333333333,0.00035118982089750667
share,oracle,2.875,0.0027284999999999996,0.0002798773190451519
share,oracle,2.9583333333333335,0.002699,0.00035862520431855513
share,oracle,3.0416666666666665,0.0027206666666666664,0.0003398991410374837
share,oracle,3.125,0.0026799999999999997,0.0003125042832181702
share,oracle,3.2083333333333335,0.002697,0.00036693088217648286
share,oracle,3.2916666666666665,0.057261000000000006,0.0017266509062098022
share,oracle,3.375,0.07363566666666668,0.002099216028387831
share,oracle,3.4583333333333335,0.07383000000000002,0.0015511099895482742
share,oracle,3.5416666666666665,0.07377633333333333,0.0017800388009139771
share,oracle,3.625,0.07365883333333333,0.0020637743406788558
share,oracle,3.7083333333333335,0.07388216666666667,0.002035749026430448
share,oracle,3.7916666666666665,0.07373216666666667,0.001824074397079699
share,oracle,3.875,0.07372933333333333,0.0018695159035340067
share,oracle,3.9583333333333335,0.07373316666666666,0.0020732604592952363
share,oracle,4.041666666666667,0.073941,0.002013438218983793
share,oracle,4.125,0.07384183333333334,0.0019237216627691696
share,oracle,4.208333333333333,0.07368116666666666,0.0018159239576483
share,oracle,4.291666666666667,0.07400416666666668,0.0018664506088920867
share,oracle,4.375,0.07373766666666667,0.0018649876322067592
share,oracle,4.458333333333333,0.07358999999999999,0.0019874038081131237
share,oracle,4.541666666666667,0.07389466666666666,0.0020374149920021015
share,oracle,4.625,0.07355333333333335,0.0017125785075136697
share,oracle,4.708333333333333,0.07375533333333335,0.001852633809396076
share,oracle,4.791666666666667,0.07385683333333334,0.0020796522414447713
share,oracle,4.875,0.0739315,0.0017288863638248312
share,oracle,4.958333333333333,0.07381149999999999,0.0019314955550750797
share,oracle,5.041666666666667,0.07370966666666666,0.0020315815611113204
share,oracle,5.125,0.07401083333333333,0.0018460254453739622
share,oracle,5.208333333333333,0.07366883333333332,0.002101725517658624
share,oracle,5.291666666666667,0.019309666666666666,0.0006033174504471736
share,oracle,5.375,0.0026826666666666674,0.0003142052971059857
share,oracle,5.458333333333333,0.0027428333333333337,0.00036210366004432086
share,oracle,5.541666666666667,0.002714333333333333,0.00027065632856956444
share,oracle,5.625,0.0027363333333333337,0.00028751031586370476
share,oracle,5.708333333333333,0.002686833333333333,0.0003535711061223172
share,oracle,5.791666666666667,0.002724833333333333,0.00031772677782943714
share,oracle,5.875,0.0027353333333333335,0.00029246503070240503
share,oracle,5.958333333333333,0.0026841666666666667,0.00033162897018887064
share,oracle,6.041666666666667,0.0027303333333333333,0.00030527361493854274
share,oracle,6.125,0.002681333333333333,0.0002609183481210483
share,oracle,6.208333333333333,0.0027318333333333335,0.0003727099640342465
share,oracle,6.291666666666667,0.05730666666666666,0.0014918428809020698
share,oracle,6.375,0.073627,0.0018635055242010715
share,oracle,6.458333333333333,0.0737075,0.0019790316372200246
share,oracle,6.541666666666667,0.07384399999999999,0.0020745429458367834
share,oracle,6.625,0.07364866666666667,0.001928658901864377
share,oracle,6.708333333333333,0.07374916666666667,0.0019076656439955995
share,oracle,6.791666666666667,0.0738235,0.0017352978416988079
share,oracle,6.875,0.07381933333333332,0.0018919975281255768
share,oracle,6.958333333333333,0.07376183333333333,0.0018075994806920122
share,oracle,7.041666666666667,0.07384483333333333,0.0016651997149841453
share,oracle,7.125,0.07372833333333333,0.001920780362116108
share,oracle,7.208333333333333,0.07385933333333335,0.0020729069488091725
share,oracle,7.291666666666667,0.07375283333333334,0.001869782641616758
share,oracle,7.375,0.0739425,0.0018299462712155772
share,oracle,7.458333333333333,0.07371233333333335,0.0019139386735858874
share,oracle,7.541666666666667,0.0736435,0.0018034143135706284
share,oracle,7.625,0.07371366666666666,0.0021081371384839504
share,oracle,7.708333333333333,0.07374250000000002,0.0017421561594424565
share,oracle,7.791666666666667,0.07359816666666667,0.001648197460004058
share,oracle,7.875,0.07386683333333334,0.001932681135434317
share,oracle,7.958333333333333,0.07367433333333333,0.001955454550566258
share,oracle,8.041666666666666,0.0736485,0.002086501831900043
share,oracle,8.125,0.07382033333333334,0.001817218229847085
share,oracle,8.208333333333334,0.0739285,0.0019473399308212276
share,oracle,8.291666666666666,0.019414333333333332,0.0005994322370148055
share,oracle,8.375,0.0027214999999999995,0.00029886611416676627
share,oracle,8.458333333333334,0.0027045,0.0002949492905002416
share,oracle,8.541666666666666,0.002714,0.0003385237931760375
share,oracle,8.625,0.0027046666666666664,0.0003054690769098269
share,oracle,8.708333333333334,0.0026941666666666663,0.0003307504770256635
share,oracle,8.791666666666666,0.0027388333333333336,0.0002990122386591011
share,oracle,8.875,0.0027161666666666666,0.00034629637536553304
share,oracle,8.958333333333334,0.002744666666666667,0.0003308488677592868
damage_ref,oracle,,0.1630050067230392,0.006666177147839178
damage_vs_audit,ours (hourly ref),0.0,1.7102597741674372,0.2881731718597081
damage_vs_audit,ours (hourly ref),0.01,1.7279832016010297,0.2955568083193735
damage_vs_audit,ours (hourly ref),0.05,1.8034471347991237,0.28545907411751914
damage_vs_audit,ours (hourly ref),0.2,2.126160347702638,0.29528878998247265
