policy,rounds,seed,lat_link_ms,lat_p50_ms,H_r,FCP,excess,frac_overloaded
eexp3,720,0,64.28216669707876,338.84415613920254,6.2059798197496026,0.01415693912044228,0.031159662222222995,0.0
eexp3,720,1,64.28384514600654,338.84415613920254,6.211531148685717,0.012781358580958437,0.034810222222223075,0.0
eexp3,720,2,60.00230246426187,323.59365692962825,6.189132441613834,0.016337506582031862,0.031188640000001433,0.0
eexp3,2880,0,44.590665750205304,309.0295432513591,5.828271855323296,0.025459327620952377,0.026815113333332086,0.0
eexp3,2880,1,44.71232033182746,309.0295432513591,5.842426676980535,0.023564242393332956,0.03969566444443795,0.0
eexp3,2880,2,39.56392894491209,309.0295432513591,5.797380239039109,0.02743356594129595,0.03671607999999971,0.0
eexp3,8640,0,35.07274970379786,295.12092266663853,5.363230215178372,0.03432557090622183,0.024611768888888053,0.0
eexp3,8640,1,35.1678184336273,309.0295432513591,5.4060158877184765,0.033369315885048746,0.0434165037037042,0.0
eexp3,8640,2,29.799709088874234,295.12092266663853,5.325476573982373,0.03836167714273474,0.04323075851851965,0.0
latref,720,0,68.1091277110379,323.59365692962825,6.224419588282655,0.011867983480140683,0.01809802435466712,0.0
latref,720,1,64.76465921053587,323.59365692962825,6.214527125900617,0.011296016459599604,0.02094237036844504,0.0
latref,720,2,59.8557558924514,323.59365692962825,6.182526706274468,0.014433727708112413,0.020796587797777377,0.0
latref,2880,0,64.6359391701829,309.0295432513591,6.180161566795887,0.013599776748159145,0.017400581076109756,0.0
latref,2880,1,61.56429293924876,323.59365692962825,6.167221574364784,0.013578947908010452,0.019877543895777894,0.0
latref,2880,2,57.193218394531975,309.0295432513591,6.140961832808936,0.01596076019139727,0.019934013365664027,0.0
latref,8640,0,59.61771437264556,309.0295432513591,6.070615406285543,0.01661117126669464,0.01712532127433586,0.0
latref,8640,1,56.64675210916926,309.0295432513591,6.054910353179785,0.01736948007089097,0.019656378106483796,0.0
latref,8640,2,53.07976704504463,309.0295432513591,6.042599008406616,0.01902099184344719,0.019573586364851625,0.0
