dataset,rho_bar,capacity,family,cfg_tau,lat_cfg,lat_link_ms,lat_link_ms_ci95,lat_p50_ms,lat_p50_ms_ci95,lat_e2e_ms,lat_e2e_ms_ci95,H_r,H_r_ci95,FCP,FCP_ci95,excess,excess_ci95,frac_overloaded,frac_overloaded_ci95
nym,0.7,equal,OptiMix GPR+LBA (equal-load target),0.0,"{""policy"": ""static""}",26.889027789393584,6.045400916263421,281.83829312644536,0.0,302.3445350217286,7.056308431411164,4.600501893045579,0.2697685940695774,0.03381617090050847,0.004854942369464483,0.01665015466666655,0.0010144057179056157,0.0,0.0
nym,0.7,equal,OptiMix GPR+LBA (equal-load target),0.2,"{""policy"": ""static""}",28.372610683855335,6.331509485624895,284.49481903448407,7.375698354204989,303.1583737668984,7.2231549616994615,4.794375484041983,0.27949384917734577,0.031195374378585224,0.005224404644938211,0.01628936711111133,0.0006883049071335121,0.0,0.0
nym,0.7,equal,OptiMix GPR+LBA (equal-load target),0.4,"{""policy"": ""static""}",30.82645828999203,6.568107911626914,287.1513449425226,9.033348732243944,304.8798184696692,6.380416851841981,5.044644044295524,0.28548094507828325,0.02817949673036873,0.005301237673722126,0.01601181688888831,0.00032459347315197385,0.0,0.0
nym,0.7,equal,OptiMix GPR+LBA (equal-load target),0.6,"{""policy"": ""static""}",35.44176489601344,6.3282043684506,289.80787085056124,9.033348732243944,309.2963149578429,6.339443259806453,5.379177873555501,0.2545094822636907,0.024632172053273317,0.005010340403844378,0.015877694222221718,0.0001469157628864216,0.0,0.0
nym,0.7,equal,OptiMix GPR+LBA (equal-load target),0.8,"{""policy"": ""static""}",47.26527025647065,4.7763488624609,300.68437090052674,9.459077342032096,321.2243947633398,4.641349631888911,5.8667918787181055,0.12899873877235804,0.018846181362095527,0.0041982776614875265,0.015789399111111234,0.00011618452985171411,0.0,0.0
nym,0.7,equal,OptiMix GPR+LBA (noisy capacities σ=0.5),0.0,"{""cap_noise"": 0.5, ""policy"": ""static""}",33.868991606738994,6.991301832889766,19784.010431389608,16262.014739266455,19545.785333259162,1096.068543861475,4.910156123571217,0.22069616631784594,0.03298627679627161,0.00366155209229636,0.274743624888889,0.039863778545079026,0.16249999999999998,0.014518378971157441
nym,0.7,equal,OptiMix GPR+LBA (noisy capacities σ=0.5),0.2,"{""cap_noise"": 0.5, ""policy"": ""static""}",34.56351230145442,7.251682621941495,19808.51635088428,15158.967042408294,19410.68896802079,1191.4359977790475,5.0254744820601305,0.22763031668163533,0.031205904872172112,0.003801518979009391,0.2717923093333334,0.03611534113862182,0.16375,0.01590408732182315
nym,0.7,equal,OptiMix GPR+LBA (noisy capacities σ=0.5),0.4,"{""cap_noise"": 0.5, ""policy"": ""static""}",36.221331266561116,7.697056366833485,20220.119430544284,14784.691797223923,19302.320305153487,1128.9651401692258,5.182041704899859,0.23515361823390868,0.028850978287867708,0.004030002445541463,0.2683007093333339,0.03172090680867274,0.15999999999999998,0.012985632921044606
nym,0.7,equal,OptiMix GPR+LBA (noisy capacities σ=0.5),0.6,"{""cap_noise"": 0.5, ""policy"": ""static""}",39.84960300124091,8.143276170267407,19118.00606035237,15184.400169162633,19393.81697820876,1054.819587811648,5.410851188730292,0.2391060300393735,0.025594302174796923,0.004471828911550859,0.26467956444444496,0.027155520323257756,0.1625,0.007760399988773532
nym,0.7,equal,OptiMix GPR+LBA (noisy capacities σ=0.5),0.8,"{""cap_noise"": 0.5, ""policy"": ""static""}",49.849177864087224,7.792622371091125,22731.62720989511,13038.485446177627,19293.58032980905,891.343125077819,5.764496933692415,0.15389886561165927,0.020503761152270705,0.0034030342258462524,0.26183830577777767,0.028694362035658692,0.16249999999999998,0.010974862913563532
nym,0.7,equal,OptiMix GPR+LBA (true capacities),0.0,"{""policy"": ""static""}",31.91451327687215,5.1797896239204375,287.1513449425226,9.033348732243944,305.8581318324778,5.311761074853866,5.0344708316036515,0.22432800108343184,0.03041395570535979,0.004808822306403879,0.01584436977777832,0.00012854705138162895,0.0,0.0
nym,0.7,equal,OptiMix GPR+LBA (true capacities),0.2,"{""policy"": ""static""}",32.73246568267369,5.373199367896919,287.15134494252266,9.033348732243944,306.6614400593489,5.525115300192607,5.154161848608444,0.21986415876219015,0.0284584614789411,0.005011471150287085,0.01581000177777745,0.00011656485134887619,0.0,0.0
nym,0.7,equal,OptiMix GPR+LBA (true capacities),0.4,"{""policy"": ""static""}",34.55857172610414,5.563122046778573,287.1513449425226,9.033348732243944,308.51408998425075,5.706798168510004,5.319021912977973,0.2169496540987667,0.026097581023600342,0.005258688274799563,0.0158355182222222,5.7058434821137594e-05,0.0,0.0
nym,0.7,equal,OptiMix GPR+LBA (true capacities),0.6,"{""policy"": ""static""}",38.47762233264889,5.616959355832253,295.12092266663853,0.0,312.55765814297405,5.613188845802946,5.559433645414073,0.20305449991266394,0.023250448459683576,0.0050102939082370835,0.01580656533333378,0.0001866616390984197,0.0,0.0
nym,0.7,equal,OptiMix GPR+LBA (true capacities),0.8,"{""policy"": ""static""}",48.96331246957696,4.548858782397403,300.68437090052674,9.459077342032096,322.89897365064087,4.545931813044555,5.927865634459749,0.11639276011168424,0.01826964439904085,0.004223841739634856,0.015782712888889307,6.582003903790357e-05,0.0,0.0
nym,0.7,equal,OptiMix GWR+LBA (equal-load target),0.0,"{""policy"": ""static""}",22.651720832651232,4.296068341920046,287.1513449425226,9.033348732243944,329.1050788790022,37.27912550904476,3.3920287645492984,0.2991179491248739,0.05248001128186234,0.0040556534596879025,0.027998394666667224,0.009869666753675625,0.0,0.0
nym,0.7,equal,OptiMix GWR+LBA (equal-load target),0.2,"{""policy"": ""static""}",24.154722002043158,4.822593385467178,281.83829312644536,0.0,304.15823111423254,6.4803586455225535,3.7226611971135855,0.3384100961651895,0.04723448930880963,0.003946849262741464,0.019028392888888135,0.0017880657176092894,0.0,0.0
nym,0.7,equal,OptiMix GWR+LBA (equal-load target),0.4,"{""policy"": ""static""}",25.32709987707053,5.438322955082719,281.83829312644536,0.0,300.74193179319843,5.21439868881364,4.151212701635642,0.33899413631631403,0.04135682058562011,0.0037646649751383464,0.01645108088888909,0.0007971191009798767,0.0,0.0
nym,0.7,equal,OptiMix GWR+LBA (equal-load target),0.6,"{""policy"": ""static""}",27.784856367363318,5.124268218299153,281.83829312644536,0.0,302.095021627748,5.144520840008492,4.704627447433434,0.24992492122007648,0.03434247218039305,0.003472042854802749,0.015896508444443923,0.0001304856584577501,0.0,0.0
nym,0.7,equal,OptiMix GWR+LBA (equal-load target),0.8,"{""policy"": ""static""}",37.73572760308209,3.263607525357189,289.80787085056124,9.033348732243944,311.25789860474504,3.6781905065835985,5.472483489124993,0.0854843919354774,0.026435787877039003,0.002653593486342188,0.015793050666667252,0.00010709863972296122,0.0,0.0
nym,0.7,equal,OptiMix GWR+LBA (noisy capacities σ=0.5),0.0,"{""cap_noise"": 0.5, ""policy"": ""static""}",37.42777605492621,6.060711763808071,21814.88931453982,14923.345351682598,20504.799124845427,1384.0156898378118,4.770156234628629,0.21880133049805242,0.04239522108772078,0.0021052236599628884,0.28451764622222286,0.04491212438237111,0.17375,0.008501092258228184
nym,0.7,equal,OptiMix GWR+LBA (noisy capacities σ=0.5),0.2,"{""cap_noise"": 0.5, ""policy"": ""static""}",34.92996851117784,6.336660240400385,21599.788208808513,13975.879401189184,20305.240632698,1324.304765037731,4.692797556988308,0.23652909612106243,0.04049032032309655,0.0024644215561397532,0.2832672942222225,0.045373481233859196,0.16999999999999998,0.010118323654429388
nym,0.7,equal,OptiMix GWR+LBA (noisy capacities σ=0.5),0.4,"{""cap_noise"": 0.5, ""policy"": ""static""}",33.483404631917715,6.279634953635892,19370.30413186056,14045.272644095001,20066.688284748183,959.7468307033454,4.694886775522997,0.2369342539648094,0.03792987195548421,0.0029459160327681266,0.27901943288888875,0.045537646024498224,0.1675,0.014927427425624874
nym,0.7,equal,OptiMix GWR+LBA (noisy capacities σ=0.5),0.6,"{""cap_noise"": 0.5, ""policy"": ""static""}",33.61325025183173,5.950275781690851,19986.363008229193,17046.586421861244,20058.093200306022,1249.5646592501844,4.862630508822175,0.18548382890419488,0.03404696767926006,0.002890319000555323,0.27439264888888826,0.04329991768575841,0.16874999999999998,0.012270269759234724
nym,0.7,equal,OptiMix GWR+LBA (noisy capacities σ=0.5),0.8,"{""cap_noise"": 0.5, ""policy"": ""static""}",39.90803550809606,5.310755104694872,19852.810832947758,15621.637308692252,19600.31170991689,1019.1926505284379,5.364688732654611,0.10186713486105191,0.02807891439741169,0.0016831903331582904,0.2690723057777783,0.03876116967772319,0.165,0.008848217356139196
nym,0.7,equal,OptiMix GWR+LBA (true capacities),0.0,"{""policy"": ""static""}",34.455389471260645,4.588371319335585,287.1513449425226,9.033348732243944,308.3979528751097,4.9806570682411015,4.781562901959687,0.22988790482821128,0.04142678721647543,0.0033364897499190867,0.015857519999999826,0.00017280055515018033,0.0,0.0
nym,0.7,equal,OptiMix GWR+LBA (true capacities),0.2,"{""policy"": ""static""}",32.11848769554921,4.794665143615321,284.49481903448407,7.375698354204989,306.0731546674313,5.1446912715982425,4.714517571287698,0.24366235073226336,0.03943176385275342,0.0036184960877549415,0.015809255111111708,0.00010758105268224149,0.0,0.0
nym,0.7,equal,OptiMix GWR+LBA (true capacities),0.4,"{""policy"": ""static""}",30.953249972851854,4.69027808244993,284.49481903448407,7.375698354204989,305.21830253081066,4.647066751492807,4.737675967152809,0.2507263197573986,0.03650742437951561,0.0038184242579836964,0.01588171911111109,0.0001677241156102007,0.0,0.0
nym,0.7,equal,OptiMix GWR+LBA (true capacities),0.6,"{""policy"": ""static""}",31.491075266775937,4.12651775875521,284.494819034484,7.375698354204989,305.60910100658,4.567774571875147,4.939768413112335,0.1813725839065695,0.03259242185781393,0.003418597989173305,0.01589171733333301,0.00013727160431637882,0.0,0.0
nym,0.7,equal,OptiMix GWR+LBA (true capacities),0.8,"{""policy"": ""static""}",38.08369619131655,3.1290812251746383,292.46439675859995,7.375698354204989,311.8339221938467,3.5895419023980013,5.484950791008441,0.08372646150007095,0.026335173636329718,0.0026107468613782484,0.01583388088888853,7.604528390581294e-05,0.0,0.0
nym,0.7,equal,OptiMix SSR+LBA (equal-load target),0.0,"{""policy"": ""static""}",51.1353994690972,2.7409143604680826,303.4660950174708,9.459077342032096,325.2349822580587,2.7297770138332793,5.888959433992674,0.03843799234588807,0.020451161948419914,0.0021610292841966194,0.015859409777777243,0.0001809589728551589,0.0,0.0
nym,0.7,equal,OptiMix SSR+LBA (equal-load target),0.2,"{""policy"": ""static""}",59.88020089290112,2.527841886055898,309.0295432513591,0.0,333.9571716514598,2.706079464889816,6.104513181814613,0.022000455170912578,0.015673171118724242,0.0018481314445125306,0.0157839662222218,0.00010647081518162701,0.0,0.0
nym,0.7,equal,OptiMix SSR+LBA (equal-load target),0.4,"{""policy"": ""static""}",70.88677211320706,2.408803314121948,323.59365692962825,0.0,344.4893486208472,2.7550313563355355,6.249438744811046,0.008818860781555728,0.010947865836904182,0.0012568840654999796,0.015754229333333834,6.489371676380365e-05,0.0,0.0
nym,0.7,equal,OptiMix SSR+LBA (equal-load target),0.6,"{""policy"": ""static""}",82.51837755565478,2.5001885424143375,338.84415613920254,0.0,356.4773234559053,2.5614347903356047,6.309733291101812,0.001693371674592372,0.0072343439270767685,0.0006764196548446609,0.01575518755555465,0.00010497696970918351,0.0,0.0
nym,0.7,equal,OptiMix SSR+LBA (equal-load target),0.8,"{""policy"": ""static""}",92.42797701233255,2.7228674265550294,338.84415613920254,0.0,366.1243937630221,3.2636716207000473,6.321396298589954,7.487417085675821e-05,0.004844386378894847,0.000250754544433187,0.015738010666666424,8.781627836696118e-05,0.0,0.0
nym,0.7,equal,OptiMix SSR+LBA (noisy capacities σ=0.5),0.0,"{""cap_noise"": 0.5, ""policy"": ""static""}",52.49418611578225,4.00870851087338,16638.11816989108,15172.845522764632,19386.924143586228,901.9209114025098,5.744575349484074,0.045252470666118066,0.022720308549184783,0.0010636689795810437,0.26428366400000025,0.03605763620304389,0.1625,0.010974862913563532
nym,0.7,equal,OptiMix SSR+LBA (noisy capacities σ=0.5),0.2,"{""cap_noise"": 0.5, ""policy"": ""static""}",60.77695309756348,3.4650153618622044,20859.705972512507,14443.795639237725,19437.79783319872,809.6086700542027,5.947003398684889,0.027957378330962915,0.018638957751201272,0.0007375932005654332,0.2611236408888891,0.03286735116366637,0.16625,0.012985632921044595
nym,0.7,equal,OptiMix SSR+LBA (noisy capacities σ=0.5),0.4,"{""cap_noise"": 0.5, ""policy"": ""static""}",71.28284013604869,3.386598708881136,20481.834695893253,15535.417422902448,19372.781095229457,976.0576299366681,6.085934460018345,0.022622405066457588,0.014973697771598352,0.0004992927424322987,0.25861091733333386,0.02983126095237645,0.16625,0.012985632921044595
nym,0.7,equal,OptiMix SSR+LBA (noisy capacities σ=0.5),0.6,"{""cap_noise"": 0.5, ""policy"": ""static""}",82.46133732559406,3.765666866533342,25719.873633219067,6702.396917436748,19443.819115366292,911.0027297688241,6.14543865554502,0.022600509707111402,0.012790309211588677,0.00047618810759567857,0.2564877902222221,0.028130580156360756,0.16625,0.011769229302177735
nym,0.7,equal,OptiMix SSR+LBA (noisy capacities σ=0.5),0.8,"{""cap_noise"": 0.5, ""policy"": ""static""}",92.12734327066656,4.334918261244142,23587.55269921011,13138.579523106744,19436.9815157588,994.8769454564548,6.157526472970927,0.02222616932045332,0.012157960362831769,0.000611105267072644,0.25594973511111097,0.02665802577013145,0.16625,0.012985632921044592
nym,0.7,equal,OptiMix SSR+LBA (true capacities),0.0,"{""policy"": ""static""}",51.14032322552176,2.7407441440926585,303.4660950174708,9.459077342032096,325.2446629828212,2.8002181039155554,5.888955133036587,0.03846301532851816,0.020454025941894383,0.002163895875210877,0.015863351111110723,0.0001752927233968262,0.0,0.0
nym,0.7,equal,OptiMix SSR+LBA (true capacities),0.2,"{""policy"": ""static""}",59.88424446665838,2.525458319453584,309.0295432513591,0.0,333.9473921759824,2.669454729418449,6.10450364210562,0.02200904517941312,0.01567598786139916,0.00184949030466855,0.015782904888889115,0.00010107534499488737,0.0,0.0
nym,0.7,equal,OptiMix SSR+LBA (true capacities),0.4,"{""policy"": ""static""}",70.89221087743802,2.406263061001888,323.59365692962825,0.0,344.4822715462141,2.7444807573509156,6.2494378276508655,0.008821033016911476,0.010949589926664779,0.0012585814109299443,0.0157563342222224,7.027256220984473e-05,0.0,0.0
nym,0.7,equal,OptiMix SSR+LBA (true capacities),0.6,"{""policy"": ""static""}",82.52573264239206,2.4980452308484438,338.84415613920254,0.0,356.4862709543874,2.5230458405275966,6.3097341169282615,0.0016937833236801546,0.0072352641015077145,0.0006773925795081339,0.015757260444444345,9.993293324544932e-05,0.0,0.0
nym,0.7,equal,OptiMix SSR+LBA (true capacities),0.8,"{""policy"": ""static""}",92.42830127574636,2.7226275346762367,338.84415613920254,0.0,366.1210051763499,3.271326658423538,6.321396309661321,7.485687340934785e-05,0.00484444748709306,0.0002509071173623794,0.015737500444443952,8.858562127855213e-05,0.0,0.0
nym,0.7,equal,"ours: delay-LatBal (μ sweep, θ=2)",0.0,"{""mu"": 0.3, ""policy"": ""latbal"", ""theta"": 2.0}",73.67809641048628,1.7726961560783892,338.84415613920254,0.0,361.7553957417925,4.607612804669188,6.306058438916617,0.002898259560227784,0.0068546278273977175,0.000922268090804388,0.024152424669777607,0.001535226695086802,0.0,0.0
nym,0.7,equal,"ours: delay-LatBal (μ sweep, θ=2)",0.0,"{""mu"": 1.0, ""policy"": ""latbal"", ""theta"": 2.0}",67.17367479502677,3.9452432247218887,364.84649315173374,11.372312272620553,546.2959665195192,85.67255013035549,6.285442102029154,0.014861913352999646,0.007645563356232288,0.0009507411465855727,0.06613281692613335,0.007759630846164766,0.0,0.0
nym,0.7,equal,"ours: delay-LatBal (μ sweep, θ=2)",0.0,"{""mu"": 3.0, ""policy"": ""latbal"", ""theta"": 2.0}",60.20009290866663,1.8313571856139836,451.47131808195843,33.97092778202443,1478.3832498794359,252.73715477951944,6.246188567101896,0.009443898605766837,0.009353631197003196,0.0006031171326249997,0.11729800419502272,0.008628953841706513,0.0,0.0
nym,0.7,equal,"ours: public GWR reference, θ=1.0",0.0,"{""policy"": ""latref"", ""ref_rule"": ""gwr"", ""ref_tau"": 0.0, ""theta"": 1.0}",9.98331772991921,2.1930960155979813,37054.26349733838,17078.772241719813,37476.704975325454,4666.3687531976775,2.35255811095547,0.1260447394636983,0.07554107666637877,0.004087270351340476,1.168081002449156,0.42746240089433163,0.26625,0.034092807073121664
nym,0.7,equal,"ours: public GWR reference, θ=1.0",0.0,"{""policy"": ""latref"", ""ref_rule"": ""gwr"", ""ref_tau"": 0.2, ""theta"": 1.0}",11.405386934243083,2.3433145107765077,35969.18996391572,14066.125141068786,33224.44861742515,6248.8700105706785,2.880261516204194,0.07516511961789055,0.06160396265507394,0.0036203645071136293,0.7097016906759999,0.25443447480821174,0.26250000000000007,0.04688463491891666
nym,0.7,equal,"ours: public GWR reference, θ=1.0",0.0,"{""policy"": ""latref"", ""ref_rule"": ""gwr"", ""ref_tau"": 0.4, ""theta"": 1.0}",13.710737507692148,2.679350986117216,22982.41359162218,15122.063515165133,23551.672837484384,5609.848342057966,3.5126388394976744,0.06564958226983575,0.049560553706374515,0.0025227732500599648,0.373609061199644,0.1073726925704349,0.21375000000000002,0.06046143518587196
nym,0.7,equal,"ours: public GWR reference, θ=1.0",0.0,"{""policy"": ""latref"", ""ref_rule"": ""gwr"", ""ref_tau"": 0.6, ""theta"": 1.0}",18.11812616293676,3.584414615785299,2076.4021141237818,3283.009665751329,10326.866185768911,4565.268269080656,4.316105965360175,0.12700481996112137,0.038572410505244736,0.002044630989934938,0.21335724722213367,0.03622364674038512,0.0925,0.07690239231780278
nym,0.7,equal,"ours: public GWR reference, θ=1.0",0.0,"{""policy"": ""latref"", ""ref_rule"": ""gwr"", ""ref_tau"": 0.8, ""theta"": 1.0}",31.48890996356364,4.742485061407981,332.88770323233257,17.287166264075235,2095.884738108533,2904.2662450338903,5.419061415599281,0.10482413277976513,0.02602919368694474,0.0020347870423049613,0.08735529750924446,0.03289560175485442,0.00625,0.013441407067612694
nym,0.7,equal,"ours: public GWR reference, θ=2.0",0.0,"{""policy"": ""latref"", ""ref_rule"": ""gwr"", ""ref_tau"": 0.0, ""theta"": 2.0}",11.678810307891244,2.511418880305026,30942.038885384063,17810.54650748383,30955.03098430171,6628.690981182883,2.6680371304349633,0.10332267837697293,0.0642148024073521,0.0038457969674854185,0.7771249724806222,0.30040266629962553,0.23625,0.062421794084105114
nym,0.7,equal,"ours: public GWR reference, θ=2.0",0.0,"{""policy"": ""latref"", ""ref_rule"": ""gwr"", ""ref_tau"": 0.2, ""theta"": 2.0}",13.707713577810114,2.797456009763933,16823.53919568989,16675.738914926285,23871.652767687745,6083.767865359475,3.20387059496771,0.10914006023055173,0.0530960921809188,0.0029739262803105196,0.39565010727386707,0.12237546337310737,0.21749999999999997,0.07225928419493965
nym,0.7,equal,"ours: public GWR reference, θ=2.0",0.0,"{""policy"": ""latref"", ""ref_rule"": ""gwr"", ""ref_tau"": 0.4, ""theta"": 2.0}",16.740890775777647,3.427448775315786,2221.918883942669,3202.419872558476,8623.383671685642,6235.5222705116075,3.808901259045053,0.16852873116447803,0.043708921426332,0.0023222942109994023,0.20871991421191147,0.06207192396009018,0.08125,0.08394156023289932
nym,0.7,equal,"ours: public GWR reference, θ=2.0",0.0,"{""policy"": ""latref"", ""ref_rule"": ""gwr"", ""ref_tau"": 0.6, ""theta"": 2.0}",22.49832244341617,4.653183961543214,332.7439564553728,10.371672061170173,1345.1158797304172,2434.9621593351085,4.65707211308442,0.18034643293730845,0.033489632845955644,0.003840466153927515,0.10217927645448902,0.029493772633279073,0.01,0.02776445105197793
nym,0.7,equal,"ours: public GWR reference, θ=2.0",0.0,"{""policy"": ""latref"", ""ref_rule"": ""gwr"", ""ref_tau"": 0.8, ""theta"": 2.0}",44.078492361390985,4.402886360580386,309.0295432513591,0.0,331.30750439597455,5.0114917436665065,5.858171210673136,0.07806619530056425,0.020494083714203686,0.003165522555757078,0.02596063477253354,0.005055565155702015,0.0,0.0
nym,0.7,equal,"ours: public GWR reference, θ=3.0",0.0,"{""policy"": ""latref"", ""ref_rule"": ""gwr"", ""ref_tau"": 0.0, ""theta"": 3.0}",13.575334418219281,2.9692687627116583,20063.48350381078,15146.252963866289,25433.841087346103,5231.829899746312,2.917560187524434,0.1250181626855165,0.05772420195107255,0.0038633253370985903,0.5170970568363561,0.17203983712229964,0.23375000000000004,0.08076037645316787
nym,0.7,equal,"ours: public GWR reference, θ=3.0",0.0,"{""policy"": ""latref"", ""ref_rule"": ""gwr"", ""ref_tau"": 0.2, ""theta"": 3.0}",15.995978381733346,3.462184806842474,5360.458576742388,9563.1318402251,13547.05069432554,8152.157394926475,3.454901597899178,0.13936312983663507,0.048011040750534875,0.0024150236849750767,0.25618439890755595,0.07834090915447749,0.1375,0.11205652129630901
nym,0.7,equal,"ours: public GWR reference, θ=3.0",0.0,"{""policy"": ""latref"", ""ref_rule"": ""gwr"", ""ref_tau"": 0.4, ""theta"": 3.0}",19.281242787655646,4.406021019348777,546.3953908531165,479.7567148879677,5302.355890421616,4270.3248678079935,4.020390603683936,0.2100174420482928,0.04049693397026094,0.004656668019790733,0.15783371395493306,0.046236232800936,0.025,0.047838318359435805
nym,0.7,equal,"ours: public GWR reference, θ=3.0",0.0,"{""policy"": ""latref"", ""ref_rule"": ""gwr"", ""ref_tau"": 0.6, ""theta"": 3.0}",26.10482745169839,5.208670708279709,312.0734646057226,14.83969332829508,389.73758541945773,63.32535765781485,4.975355809225688,0.18656547994211714,0.030024518522438294,0.003940537425965094,0.06536299148551103,0.0251643770861624,0.0,0.0
nym,0.7,equal,"ours: public GWR reference, θ=3.0",0.0,"{""policy"": ""latref"", ""ref_rule"": ""gwr"", ""ref_tau"": 0.8, ""theta"": 3.0}",57.03987155140207,2.804593579513121,309.0295432513591,0.0,335.8276523748007,2.9133822771622806,6.123335980038747,0.024046629870546884,0.015612683701387173,0.00160846595988008,0.01806174338764439,0.00016948406103195279,0.0,0.0
nym,0.7,equal,"ours: public SSR reference, θ=1.0",0.0,"{""policy"": ""latref"", ""ref_rule"": ""ssr"", ""ref_tau"": 0.0, ""theta"": 1.0}",50.97120122884069,4.209192916327657,311.9423659870129,8.087292426714932,354.0071629445963,31.523038797017673,5.976130871636824,0.05093680969124158,0.017878902800050004,0.001974974212030892,0.029651116779733623,0.007581850548187743,0.0,0.0
nym,0.7,equal,"ours: public SSR reference, θ=1.0",0.0,"{""policy"": ""latref"", ""ref_rule"": ""ssr"", ""ref_tau"": 0.2, ""theta"": 1.0}",64.21690508414942,3.6693253308398535,323.59365692962825,0.0,344.753687866557,3.2464752654593427,6.206118965908433,0.021024973494355833,0.012441426802433089,0.0015371768853187637,0.019653956515999705,0.0015321979160779298,0.0,0.0
nym,0.7,equal,"ours: public SSR reference, θ=1.0",0.0,"{""policy"": ""latref"", ""ref_rule"": ""ssr"", ""ref_tau"": 0.4, ""theta"": 1.0}",77.3144839160269,2.5417325950979395,329.69385661345797,10.371672061170173,355.08642392690626,2.3731995961741474,6.298781921457237,0.0029331861424507773,0.008468602419507445,0.0007275991567777561,0.017471901420621626,0.00011544965382272216,0.0,0.0
nym,0.7,equal,"ours: public SSR reference, θ=1.0",0.0,"{""policy"": ""latref"", ""ref_rule"": ""ssr"", ""ref_tau"": 0.6, ""theta"": 1.0}",88.2138022380286,2.736600175525778,338.84415613920254,0.0,365.8967177821381,3.244314378378936,6.31950193188942,0.00041296239957239314,0.005725762837528701,0.00036058945556036935,0.017459434464088864,0.00016322620686763127,0.0,0.0
nym,0.7,equal,"ours: public SSR reference, θ=1.0",0.0,"{""policy"": ""latref"", ""ref_rule"": ""ssr"", ""ref_tau"": 0.8, ""theta"": 1.0}",95.52420716684536,2.792067690251974,354.8133892335755,0.0,373.2714391234085,2.9546918522987156,6.321713623944676,4.405984309823221e-06,0.004491096164724025,7.899061956078629e-05,0.01746773151271084,0.00019412183271324022,0.0,0.0
nym,0.7,equal,"ours: public SSR reference, θ=2.0",0.0,"{""policy"": ""latref"", ""ref_rule"": ""ssr"", ""ref_tau"": 0.0, ""theta"": 2.0}",67.22999599227687,2.458046855245624,323.59365692962825,0.0,344.8826720375093,2.2860465480044705,6.223580582522768,0.011861857008790954,0.01253014964069257,0.001093504148671927,0.01770711859822254,0.00015576586616012624,0.0,0.0
nym,0.7,equal,"ours: public SSR reference, θ=2.0",0.0,"{""policy"": ""latref"", ""ref_rule"": ""ssr"", ""ref_tau"": 0.2, ""theta"": 2.0}",75.34055070325412,2.0630351496558026,323.59365692962825,0.0,353.17112034967124,2.5287908808884394,6.286556545676014,0.00330111537641108,0.009746434001235711,0.0005867813826387419,0.01764860559893302,0.0001427120633127235,0.0,0.0
nym,0.7,equal,"ours: public SSR reference, θ=2.0",0.0,"{""policy"": ""latref"", ""ref_rule"": ""ssr"", ""ref_tau"": 0.4, ""theta"": 2.0}",82.78620785074732,2.5474262134839467,338.84415613920254,0.0,360.6130743670036,2.285884771715238,6.311336994504781,0.00140036630342412,0.007460151591762521,0.0003902578664867814,0.01752349311511083,0.00011081891990034484,0.0,0.0
nym,0.7,equal,"ours: public SSR reference, θ=2.0",0.0,"{""policy"": ""latref"", ""ref_rule"": ""ssr"", ""ref_tau"": 0.6, ""theta"": 2.0}",89.96960059734337,2.7381909669742637,338.84415613920254,0.0,367.5652791349989,2.896748021312844,6.32017793053199,0.000315119732102415,0.005513432063985646,0.0002968180745699863,0.017540981257777942,8.496821092897699e-05,0.0,0.0
nym,0.7,equal,"ours: public SSR reference, θ=2.0",0.0,"{""policy"": ""latref"", ""ref_rule"": ""ssr"", ""ref_tau"": 0.8, ""theta"": 2.0}",95.78171102837895,2.6555247545936886,354.8133892335755,0.0,373.3372731025397,3.322203853363951,6.32171136257195,1.6080923171706667e-05,0.0045080943956715275,5.6082930207434784e-05,0.017469839804711017,0.00010917640338667686,0.0,0.0
nym,0.7,equal,"ours: public SSR reference, θ=3.0",0.0,"{""policy"": ""latref"", ""ref_rule"": ""ssr"", ""ref_tau"": 0.0, ""theta"": 3.0}",72.0671967931374,2.1257725731369836,323.59365692962825,0.0,349.94457068854706,2.3545776957432643,6.264841493354332,0.004042566915835481,0.011195271385033557,0.0006568475674478572,0.017641052855910954,0.00010731400532254493,0.0,0.0
nym,0.7,equal,"ours: public SSR reference, θ=3.0",0.0,"{""policy"": ""latref"", ""ref_rule"": ""ssr"", ""ref_tau"": 0.2, ""theta"": 3.0}",77.14519510768152,2.1425058603716227,329.69385661345797,10.371672061170173,354.7963147222845,2.301054441205773,6.293225240081357,0.0029037610827728744,0.00939944754847778,0.0005400570414788498,0.017589495847378123,5.252128988318542e-05,0.0,0.0
nym,0.7,equal,"ours: public SSR reference, θ=3.0",0.0,"{""policy"": ""latref"", ""ref_rule"": ""ssr"", ""ref_tau"": 0.4, ""theta"": 3.0}",83.28983637448233,2.4751738753850145,338.84415613920254,0.0,361.1886768682963,3.2265242611240335,6.312026310438824,0.0017303790941489586,0.007351326266644755,0.00047933072339079695,0.017584079346933824,0.00012654372146290722,0.0,0.0
nym,0.7,equal,"ours: public SSR reference, θ=3.0",0.0,"{""policy"": ""latref"", ""ref_rule"": ""ssr"", ""ref_tau"": 0.6, ""theta"": 3.0}",90.06223205306107,2.7975224578143263,338.84415613920254,0.0,368.22069245385796,3.0747304185343136,6.320141226054867,0.00026775416309721985,0.005505386294075461,0.00026219959573340766,0.017530734464800267,0.00011943089763323312,0.0,0.0
nym,0.7,equal,"ours: public SSR reference, θ=3.0",0.0,"{""policy"": ""latref"", ""ref_rule"": ""ssr"", ""ref_tau"": 0.8, ""theta"": 3.0}",95.66724264560057,2.8371327612837844,354.8133892335755,0.0,373.51898761649716,3.2078133194265304,6.321699459124234,7.668894881871447e-06,0.00453319675694803,7.193924792272806e-05,0.017530134410311104,0.00010111449310532012,0.0,0.0
nym,0.7,equal,uniform,1.0,"{""policy"": ""static""}",99.63044610955944,2.858613811094284,354.8133892335755,0.0,373.47164189610226,3.3485978113557247,6.321928094887363,0.0,0.003375000000000046,0.0,0.015707461333334026,0.000149329570763875,0.0,0.0
nym,0.7,equal,ε-EXP3 (Hou'24) + band θ=1,0.0,"{""band"": true, ""policy"": ""eexp3"", ""theta"": 1.0}",77.59178182054983,4.78613489880686,30902.95432513592,0.0,24728.852380388445,1124.0092262832934,4.4294973372855955,0.6029041147191587,0.020428885981577292,0.002790504219209684,2.858223823999999,2.2368529516830367,0.08499999999999999,0.026086951340450734
nym,0.7,equal,"ε-EXP3 (Hou'24), no band",0.0,"{""band"": false, ""policy"": ""eexp3""}",62.693758013096655,2.6074433569572637,332.7439564553728,10.371672061170173,386.58536737111655,7.822443399856132,6.201576835186347,0.012189429255903463,0.01423212631224208,0.0016458283677758191,0.03280572977777867,0.0019766220040699947,0.0,0.0
nym,0.7,omega,OptiMix GPR+LBA (equal-load target),0.0,"{""policy"": ""static""}",26.889027789393584,6.045400916263421,30902.95432513592,0.0,25662.921421486597,1598.3829488204517,4.600501893045579,0.2697685940695774,0.03381617090050847,0.004854942369464483,0.2168429310432239,0.020484570296126468,0.27625,0.028723965071084094
nym,0.7,omega,OptiMix GPR+LBA (equal-load target),0.2,"{""policy"": ""static""}",28.37261068385534,6.331509485624895,30902.95432513592,0.0,25703.130537152203,1634.3560539164637,4.794375484041983,0.27949384917734577,0.031195374378585224,0.005224404644938212,0.21670034551069936,0.020719176788726333,0.27625,0.028723965071084094
nym,0.7,omega,OptiMix GPR+LBA (equal-load target),0.4,"{""policy"": ""static""}",30.82645828999203,6.568107911626914,30902.95432513592,0.0,25732.74506881453,1669.8628985195114,5.044644044295524,0.28548094507828325,0.02817949673036873,0.005301237673722126,0.21660399705734895,0.019712869856748434,0.27749999999999997,0.028301530810374138
nym,0.7,omega,OptiMix GPR+LBA (equal-load target),0.6,"{""policy"": ""static""}",35.44176489601344,6.3282043684506,30902.95432513592,0.0,25798.828765773498,1642.1354454080617,5.379177873555501,0.2545094822636907,0.024632172053273317,0.005010340403844378,0.21667219046099678,0.019775747177076267,0.27749999999999997,0.03274116342078363
nym,0.7,omega,OptiMix GPR+LBA (equal-load target),0.8,"{""policy"": ""static""}",47.26527025647066,4.7763488624609,30902.95432513592,0.0,25850.9094615416,1683.3567141517262,5.8667918787181055,0.12899873877235804,0.018846181362095527,0.0041982776614875265,0.21634115915353905,0.019314126840393665,0.27875,0.03227804018452145
nym,0.7,omega,OptiMix GPR+LBA (noisy capacities σ=0.5),0.0,"{""cap_noise"": 0.5, ""policy"": ""static""}",33.987058522769146,5.60302235748272,30902.95432513592,0.0,28831.37114381304,1830.982195825731,4.783077239428884,0.1671806833397847,0.03778776762701893,0.0031440281872157573,0.29967969292682833,0.056915819720967625,0.16875,0.0164622943703453
nym,0.7,omega,OptiMix GPR+LBA (noisy capacities σ=0.5),0.2,"{""cap_noise"": 0.5, ""policy"": ""static""}",34.58321231146271,5.872133226437344,30902.95432513592,0.0,28396.692439917177,1880.7674141166167,4.897379218670987,0.1692113979757494,0.03563888994992933,0.003373388170878805,0.29342467204569145,0.05163701692782916,0.16499999999999998,0.01609230792455673
nym,0.7,omega,OptiMix GPR+LBA (noisy capacities σ=0.5),0.4,"{""cap_noise"": 0.5, ""policy"": ""static""}",36.16396825967315,6.228445712879918,30902.95432513592,0.0,28169.444160986306,1780.5636808519755,5.055960139046548,0.17377387817094492,0.03297325062041273,0.003666676135028208,0.28596030408096773,0.04454948125209207,0.16375,0.01590408732182315
nym,0.7,omega,OptiMix GPR+LBA (noisy capacities σ=0.5),0.6,"{""cap_noise"": 0.5, ""policy"": ""static""}",39.794098393276116,6.635464944742595,30902.95432513592,0.0,27847.966641716637,1779.0577871929816,5.296223717793377,0.17900366904129447,0.02903131984552661,0.003405121996634042,0.27510672468055597,0.03781711311571232,0.16125,0.008501092258228204
nym,0.7,omega,OptiMix GPR+LBA (noisy capacities σ=0.5),0.8,"{""cap_noise"": 0.5, ""policy"": ""static""}",49.86763579386544,6.584679918637613,30902.95432513592,0.0,28003.012409905572,2028.9510814514524,5.662630428480921,0.12302787520187983,0.02334381438213769,0.002048114162065369,0.26338477604277466,0.03446323207891367,0.16625,0.011769229302177744
nym,0.7,omega,OptiMix GPR+LBA (true capacities),0.0,"{""policy"": ""static""}",33.17142081409753,5.393239308934467,339.2821710469668,24.306999273826467,8673.80673513385,868.9699595485607,4.955543957844194,0.1951898032543934,0.03182672018754178,0.0034238655057729664,0.023081533650821794,0.0018310581512325588,0.00125,0.0034705563814972414
nym,0.7,omega,OptiMix GPR+LBA (true capacities),0.2,"{""policy"": ""static""}",33.91902484104081,5.528081738915646,335.9378030742474,16.164746400120038,8638.150865175707,885.1216739277214,5.078473363404148,0.19264407238390854,0.02956964279401017,0.0035952360066438442,0.0219159634226771,0.001765641454337731,0.00125,0.0034705563814972414
nym,0.7,omega,OptiMix GPR+LBA (true capacities),0.4,"{""policy"": ""static""}",35.637055595800355,5.630210927579383,335.9378030742474,16.164746400120038,8593.626007850182,914.2100745516159,5.243384695922144,0.18677559020185033,0.027001613569979828,0.004027538167757169,0.020578906586575928,0.0016484264084739486,0.0,0.0
nym,0.7,omega,OptiMix GPR+LBA (true capacities),0.6,"{""policy"": ""static""}",39.44219469552796,5.62210062340968,335.9378030742474,16.164746400120038,8584.653252404501,921.2384258669333,5.4785840610797285,0.17034293611454732,0.02369601584674905,0.004045619862151811,0.019145209346397074,0.0015567098116593275,0.0,0.0
nym,0.7,omega,OptiMix GPR+LBA (true capacities),0.8,"{""policy"": ""static""}",49.61933459734742,4.659886361939283,348.5762173496711,18.101885310015607,8586.819856373588,921.9315709692738,5.8361737930236615,0.09058526057128756,0.018138704909988014,0.0030278504685741533,0.01728324553481637,0.0011143961691641978,0.0,0.0
nym,0.7,omega,OptiMix GWR+LBA (equal-load target),0.0,"{""policy"": ""static""}",22.65172083265123,4.296068341920046,30902.95432513592,0.0,25373.900057903655,1384.8436941279867,3.3920287645492984,0.2991179491248739,0.05248001128186234,0.0040556534596879025,0.23284732916463757,0.03204021488696808,0.26125,0.027655783507597526
nym,0.7,omega,OptiMix GWR+LBA (equal-load target),0.2,"{""policy"": ""static""}",24.154722002043158,4.822593385467178,30902.95432513592,0.0,25487.35279461749,1358.4287109856787,3.722661197113586,0.3384100961651895,0.04723448930880962,0.003946849262741464,0.21795530865271484,0.018560467581853292,0.27125,0.02721677494165687
nym,0.7,omega,OptiMix GWR+LBA (equal-load target),0.4,"{""policy"": ""static""}",25.32709987707053,5.438322955082719,30902.95432513592,0.0,25642.31277265157,1449.2726579153493,4.151212701635641,0.33899413631631403,0.04135682058562011,0.0037646649751383464,0.21634765207263346,0.018479403555775053,0.27625,0.025384931464307547
nym,0.7,omega,OptiMix GWR+LBA (equal-load target),0.6,"{""policy"": ""static""}",27.784856367363318,5.124268218299153,30902.95432513592,0.0,25714.61118717027,1607.4436004238771,4.704627447433434,0.24992492122007648,0.03434247218039305,0.003472042854802749,0.21610769616272513,0.018689912438804294,0.27749999999999997,0.029346217033824187
nym,0.7,omega,OptiMix GWR+LBA (equal-load target),0.8,"{""policy"": ""static""}",37.73572760308209,3.263607525357189,30902.95432513592,0.0,25842.396532702594,1617.405814384662,5.472483489124993,0.0854843919354774,0.026435787877038996,0.002653593486342189,0.21620346451169561,0.018729614153968923,0.28125,0.029036757942314875
nym,0.7,omega,OptiMix GWR+LBA (noisy capacities σ=0.5),0.0,"{""cap_noise"": 0.5, ""policy"": ""static""}",38.20747488288081,4.395002668281744,30902.95432513592,0.0,29244.69893077627,1563.7581833981824,4.697888450291634,0.15400008447022226,0.045055956777888234,0.002348188304675428,0.31316129725264447,0.06542722134819337,0.17124999999999999,0.016092307924556726
nym,0.7,omega,OptiMix GWR+LBA (noisy capacities σ=0.5),0.2,"{""cap_noise"": 0.5, ""policy"": ""static""}",35.44554444478913,4.643956874461431,30902.95432513592,0.0,29374.591936746736,1134.1325262632686,4.604697791669118,0.15203084531223143,0.04423143313867881,0.002025850542994458,0.3129755810821488,0.0670899193222107,0.17375000000000002,0.014927427425624874
nym,0.7,omega,OptiMix GWR+LBA (noisy capacities σ=0.5),0.4,"{""cap_noise"": 0.5, ""policy"": ""static""}",33.742586282600236,4.84190298258233,30902.95432513592,0.0,28974.378918712122,1946.1884691053858,4.5947485522828,0.16246465736523713,0.04235709387856677,0.0018962146567696053,0.3089232751121681,0.06667441321156493,0.17,0.014927427425624872
nym,0.7,omega,OptiMix GWR+LBA (noisy capacities σ=0.5),0.6,"{""cap_noise"": 0.5, ""policy"": ""static""}",33.724636688436,4.64580184566212,30902.95432513592,0.0,28848.046191199042,1931.946271666188,4.755589138245947,0.12576378208827405,0.03866767206484499,0.0014246058765056656,0.29822863304624214,0.06050960243548479,0.17124999999999999,0.016092307924556726
nym,0.7,omega,OptiMix GWR+LBA (noisy capacities σ=0.5),0.8,"{""cap_noise"": 0.5, ""policy"": ""static""}",40.06788052352526,4.188410343262167,30902.95432513592,0.0,28331.120890527796,2050.663192083811,5.264790573708407,0.08205893562231673,0.03170352725101646,0.0014364972051412496,0.28534809702599423,0.05596560330211027,0.16749999999999998,0.008501092258228194
nym,0.7,omega,OptiMix GWR+LBA (true capacities),0.0,"{""policy"": ""static""}",36.268077451179664,4.758282208344485,361.8102617395613,23.735506806024517,9388.599215760632,882.891210305584,4.763899783731904,0.21681876395343297,0.04206172423993407,0.002270334740469447,0.02926145268250102,0.001823140522134101,0.013749999999999998,0.01852770103166634
nym,0.7,omega,OptiMix GWR+LBA (true capacities),0.2,"{""policy"": ""static""}",33.79966805826069,4.959845599940823,351.77006396854574,16.92656742756871,9251.89910142306,814.7114440633848,4.681350985519978,0.20709376286319464,0.040210424921794954,0.0019884619378819322,0.027961560008471765,0.0011243060276077221,0.01125,0.016824146264611876
nym,0.7,omega,OptiMix GWR+LBA (true capacities),0.4,"{""policy"": ""static""}",32.433404171465064,5.027334409853899,345.37559615391143,17.386936326350757,8929.201239596669,806.6778108598381,4.688299251335051,0.2142490488964602,0.038034435064621785,0.0025764806783850065,0.026021328990476444,0.0008236299005432595,0.005,0.010118323654429395
nym,0.7,omega,OptiMix GWR+LBA (true capacities),0.6,"{""policy"": ""static""}",32.76958763670784,4.658318188531946,335.9378030742474,16.16474640012004,8781.88126551666,817.475738773224,4.880032413877401,0.17350326431379268,0.034020387833058344,0.0029667906497551325,0.023424681317433648,0.0006628058712945173,0.0025,0.006941112762994483
nym,0.7,omega,OptiMix GWR+LBA (true capacities),0.8,"{""policy"": ""static""}",39.165960300678634,3.819939217825646,345.5261175077563,22.66723302521474,8735.420685118967,831.2537598127853,5.410629889125727,0.09366447839369796,0.02705540944673455,0.0022160729918323935,0.02039879467528629,0.00080311560766657,0.0025,0.006941112762994483
nym,0.7,omega,OptiMix SSR+LBA (equal-load target),0.0,"{""policy"": ""static""}",51.1353994690972,2.7409143604680826,30902.95432513592,0.0,25851.97785189931,1641.9627663780336,5.888959433992674,0.03843799234588807,0.020451161948419914,0.0021610292841966194,0.21657526720745138,0.018085637551791767,0.28125,0.029036757942314875
nym,0.7,omega,OptiMix SSR+LBA (equal-load target),0.2,"{""policy"": ""static""}",59.88020089290112,2.527841886055898,30902.95432513592,0.0,25892.28274584398,1622.2042222071054,6.104513181814613,0.022000455170912585,0.015673171118724245,0.0018481314445125301,0.21617975797651967,0.019214152478891293,0.28125,0.029036757942314875
nym,0.7,omega,OptiMix SSR+LBA (equal-load target),0.4,"{""policy"": ""static""}",70.88677211320706,2.4088033141219483,30902.95432513592,0.0,25862.146504313103,1671.4370446169632,6.249438744811046,0.008818860781555728,0.010947865836904182,0.0012568840654999796,0.21611250139925384,0.01985843480591556,0.27999999999999997,0.031713366162583995
nym,0.7,omega,OptiMix SSR+LBA (equal-load target),0.6,"{""policy"": ""static""}",82.51837755565478,2.5001885424143375,30902.95432513592,0.0,25851.73069817766,1691.896239151162,6.309733291101812,0.001693371674592372,0.0072343439270767685,0.0006764196548446609,0.2161745231475139,0.02016827122358291,0.28125,0.029036757942314875
nym,0.7,omega,OptiMix SSR+LBA (equal-load target),0.8,"{""policy"": ""static""}",92.42797701233255,2.7228674265550294,30902.95432513592,0.0,25889.197940395155,1682.8874336384167,6.321396298589954,7.487417085675821e-05,0.004844386378894847,0.000250754544433187,0.21633012680977154,0.019550943674745396,0.27749999999999997,0.03274116342078363
nym,0.7,omega,OptiMix SSR+LBA (noisy capacities σ=0.5),0.0,"{""cap_noise"": 0.5, ""policy"": ""static""}",52.49825408047965,3.3961847194334225,30902.95432513592,0.0,27945.794355127204,1967.0154954703667,5.6443937567934555,0.05214514832956986,0.026232950208411304,0.0018096365627825737,0.2748257297973634,0.051689972166856876,0.16624999999999998,0.008848217356139198
nym,0.7,omega,OptiMix SSR+LBA (noisy capacities σ=0.5),0.2,"{""cap_noise"": 0.5, ""policy"": ""static""}",60.63559332771352,2.5441973795498978,30902.95432513592,0.0,27845.82011489725,1713.5095857005915,5.84240989826475,0.028880136999989505,0.022372464608215258,0.0015809354305938823,0.2674589483339612,0.04640989223099886,0.16625,0.008848217356139198
nym,0.7,omega,OptiMix SSR+LBA (noisy capacities σ=0.5),0.4,"{""cap_noise"": 0.5, ""policy"": ""static""}",70.81756644714372,1.9811880258162573,30902.95432513592,0.0,27649.947219313915,1329.8827113167158,5.977425658388228,0.013089075079090849,0.019244859754795035,0.0013525259217599514,0.26084260835615797,0.039974484180138804,0.1625,0.012270269759234731
nym,0.7,omega,OptiMix SSR+LBA (noisy capacities σ=0.5),0.6,"{""cap_noise"": 0.5, ""policy"": ""static""}",81.66414920582613,2.2593258614514733,30902.95432513592,0.0,27462.533703096335,1599.23923171324,6.03544687652223,0.009040360743493889,0.017468792771447895,0.0012516172213853586,0.2570335306685493,0.03522315468280144,0.16375,0.011510533331199883
nym,0.7,omega,OptiMix SSR+LBA (noisy capacities σ=0.5),0.8,"{""cap_noise"": 0.5, ""policy"": ""static""}",91.0946832643391,3.0082126009474672,30902.95432513592,0.0,27573.781737002417,1595.2628147941946,6.0478432509573175,0.008890563272324742,0.01666797360173245,0.0013220046290955733,0.25464005449319366,0.03272834331773906,0.16499999999999998,0.01298563292104459
nym,0.7,omega,OptiMix SSR+LBA (true capacities),0.0,"{""policy"": ""static""}",51.721127039799185,3.2553495691356353,361.6597403857165,19.00851814482726,8719.541730087096,833.5143813964311,5.802540748907562,0.051545096123458166,0.02115842159873577,0.00198275848045393,0.01886098350276395,0.0009183125111108952,0.0025,0.006941112762994483
nym,0.7,omega,OptiMix SSR+LBA (true capacities),0.2,"{""policy"": ""static""}",60.216160989177794,2.792249506845765,365.00410835843593,18.955000881660546,8652.579970841465,868.396574346011,6.008998699979161,0.02939964720908166,0.0166150916387319,0.0013197896734869945,0.01756109768500278,0.0002706344463680016,0.00125,0.0034705563814972414
nym,0.7,omega,OptiMix SSR+LBA (true capacities),0.4,"{""policy"": ""static""}",70.84514604889407,2.4884082868060315,378.7042388385606,19.904362005592148,8607.464207944724,920.6505241729183,6.145278914173643,0.017955860226145776,0.012306968233012569,0.0006903823845789362,0.016519706710929016,0.00026991883332555116,0.0,0.0
nym,0.7,omega,OptiMix SSR+LBA (true capacities),0.6,"{""policy"": ""static""}",82.10327454122063,2.6311694997011847,396.55201975574306,20.842425686795046,8616.697846660261,922.0715718645585,6.201265610717805,0.014857962552641761,0.00961411600306997,0.0006810793388607996,0.016049279070908896,0.00011478985188222652,0.0,0.0
nym,0.7,omega,OptiMix SSR+LBA (true capacities),0.8,"{""policy"": ""static""}",91.70547561374987,2.9646371110969443,403.8860728796759,19.434299691474063,8625.50368502624,922.0494336460074,6.211962406286709,0.014489569620131692,0.008592777852799468,0.0007509901038118768,0.015767901303880817,0.00015223051517617974,0.0,0.0
nym,0.7,omega,"ours: delay-LatBal (μ sweep, θ=2)",0.0,"{""mu"": 0.3, ""policy"": ""latbal"", ""theta"": 2.0}",73.54988819188245,1.438509514328846,378.7042388385606,19.904362005592148,8628.331784539934,996.8301278645636,6.181626981525377,0.01758249355066582,0.010740253629184937,0.0007710870391700648,0.024966468177451163,0.0013810303520967705,0.0,0.0
nym,0.7,omega,"ours: delay-LatBal (μ sweep, θ=2)",0.0,"{""mu"": 1.0, ""policy"": ""latbal"", ""theta"": 2.0}",64.3267644415327,1.8991631379222322,439.0124244389659,28.435582603124605,8759.244594796797,996.2763770565264,6.150125014423017,0.014567305324955898,0.01317110358934322,0.001258098200199575,0.06939238724534573,0.007362855308272209,0.0,0.0
nym,0.7,omega,"ours: delay-LatBal (μ sweep, θ=2)",0.0,"{""mu"": 3.0, ""policy"": ""latbal"", ""theta"": 2.0}",59.97068963952896,1.8265510098821025,1312.5348840525414,41.29037018181232,9888.577246967634,871.4703340527778,6.1409885485374796,0.02030973855073474,0.014222874072898527,0.0013413872202458076,0.1240555482358066,0.0058647602903984875,0.0,0.0
nym,0.7,omega,"ours: public GWR reference, θ=1.0",0.0,"{""policy"": ""latref"", ""ref_rule"": ""gwr"", ""ref_tau"": 0.0, ""theta"": 1.0}",9.884248513926844,2.0520489130936324,48854.372855451395,18897.9256393614,46665.20209032287,6879.84258105323,2.3237393246950004,0.13035775788287632,0.07689556540913664,0.0037674468719863263,1.366875076201333,0.40505194529910005,0.28375,0.06529812865152826
nym,0.7,omega,"ours: public GWR reference, θ=1.0",0.0,"{""policy"": ""latref"", ""ref_rule"": ""gwr"", ""ref_tau"": 0.2, ""theta"": 1.0}",11.237003919809942,2.169361907868077,42386.80108287049,18714.21008112363,42548.96867442361,7163.942179064595,2.8456575515692206,0.08475283217711312,0.06332158838412547,0.0037944946375391415,0.8553929303814385,0.2557224113293362,0.29125,0.06756452209051964
nym,0.7,omega,"ours: public GWR reference, θ=1.0",0.0,"{""policy"": ""latref"", ""ref_rule"": ""gwr"", ""ref_tau"": 0.4, ""theta"": 1.0}",13.412792734537652,2.4820982754711407,31485.518872266675,990.4869923062979,34058.461421038446,5137.521639835181,3.4549026808449232,0.05628522155235869,0.05157732887329112,0.0029699268730948936,0.4994913780812045,0.1379278282702708,0.26250000000000007,0.027437157283908834
nym,0.7,omega,"ours: public GWR reference, θ=1.0",0.0,"{""policy"": ""latref"", ""ref_rule"": ""gwr"", ""ref_tau"": 0.6, ""theta"": 1.0}",17.98497611064779,3.5751044352041053,17264.432483624827,16016.478237549738,21783.12437627451,6170.871492691153,4.2372382329222456,0.13145720544873307,0.04127925345043558,0.0011542674239757825,0.2688353177716064,0.05752112397848724,0.1325,0.05686843139066792
nym,0.7,omega,"ours: public GWR reference, θ=1.0",0.0,"{""policy"": ""latref"", ""ref_rule"": ""gwr"", ""ref_tau"": 0.8, ""theta"": 1.0}",31.412249363092457,4.45334744245866,868.9123328107889,782.2204755615204,11601.083925497633,3774.931289269942,5.327628428931375,0.1111263724532132,0.028255146196294916,0.0017960678718152447,0.10690671884826308,0.04687802596152161,0.04625,0.058486855733497496
nym,0.7,omega,"ours: public GWR reference, θ=2.0",0.0,"{""policy"": ""latref"", ""ref_rule"": ""gwr"", ""ref_tau"": 0.0, ""theta"": 2.0}",11.418979939709844,2.107684973645926,41491.55030166495,15934.997224500203,41482.17259289059,8632.055454538404,2.616768269550446,0.09820943388831495,0.06719141024871451,0.004330688799127898,0.8822939422521149,0.3130182760828419,0.265,0.06621399566075926
nym,0.7,omega,"ours: public GWR reference, θ=2.0",0.0,"{""policy"": ""latref"", ""ref_rule"": ""gwr"", ""ref_tau"": 0.2, ""theta"": 2.0}",13.314330855558131,2.2475701744303973,30902.95432513592,0.0,35443.61969576926,4813.295077943258,3.1180065819839258,0.09619966274567941,0.05615452183391315,0.0029383953698848904,0.4757888575164738,0.1326615872446943,0.26749999999999996,0.040843597799477036
nym,0.7,omega,"ours: public GWR reference, θ=2.0",0.0,"{""policy"": ""latref"", ""ref_rule"": ""gwr"", ""ref_tau"": 0.4, ""theta"": 2.0}",16.50004817764668,2.936150204037226,13577.64289348163,15363.384062110204,19378.131118291447,7845.56712426151,3.715022322715383,0.11763211089386995,0.047039890163250817,0.0028058574738875778,0.24129628992532717,0.0717028532223365,0.10124999999999999,0.08613694412878342
nym,0.7,omega,"ours: public GWR reference, θ=2.0",0.0,"{""policy"": ""latref"", ""ref_rule"": ""gwr"", ""ref_tau"": 0.6, ""theta"": 2.0}",22.68650856712302,4.429145931090589,1589.0583501201995,2822.886703521931,10972.206723654977,3919.9626327529104,4.57168777065246,0.1975430465541142,0.035700023255968064,0.0036996763287089375,0.11961605680664142,0.03822208512829431,0.028750000000000005,0.04444480736748446
nym,0.7,omega,"ours: public GWR reference, θ=2.0",0.0,"{""policy"": ""latref"", ""ref_rule"": ""gwr"", ""ref_tau"": 0.8, ""theta"": 2.0}",44.151978426295365,3.784547888299516,351.77006396854574,16.92656742756871,8612.787686305977,990.8362070453534,5.753336115619651,0.08611120330906642,0.02212101519138634,0.0025652993200326484,0.02960685612256695,0.010202743635837723,0.0,0.0
nym,0.7,omega,"ours: public GWR reference, θ=3.0",0.0,"{""policy"": ""latref"", ""ref_rule"": ""gwr"", ""ref_tau"": 0.0, ""theta"": 3.0}",13.329394693085465,2.2765387680863047,31485.518872266675,990.4869923062979,36896.53850522055,6093.451119515422,2.8431193194881974,0.0965232889197816,0.06155931428309182,0.0031555551798582372,0.5819579554898147,0.2159499647205629,0.2625,0.07799105465732187
nym,0.7,omega,"ours: public GWR reference, θ=3.0",0.0,"{""policy"": ""latref"", ""ref_rule"": ""gwr"", ""ref_tau"": 0.2, ""theta"": 3.0}",15.73933093485113,2.7490236321333557,23253.429410324636,13626.944590746487,23625.292056504513,7417.114819531455,3.342480382206081,0.08782739880348471,0.0514908574014557,0.0027185458757058656,0.30148429875671573,0.09043660005117143,0.13499999999999998,0.09545607444392892
nym,0.7,omega,"ours: public GWR reference, θ=3.0",0.0,"{""policy"": ""latref"", ""ref_rule"": ""gwr"", ""ref_tau"": 0.4, ""theta"": 3.0}",19.405732570189024,3.994582490766933,7872.46421350496,14615.20674122452,15615.907903842342,6579.864155725289,3.9361147933809164,0.1766202203397955,0.042795843824217576,0.003943241055945214,0.17271350947786268,0.055579548150976696,0.05375,0.10022639957627992
nym,0.7,omega,"ours: public GWR reference, θ=3.0",0.0,"{""policy"": ""latref"", ""ref_rule"": ""gwr"", ""ref_tau"": 0.6, ""theta"": 3.0}",26.595000800371146,5.212610578369929,365.4772883015278,32.43406280384565,8690.754379399224,957.1139615348487,4.88037889167402,0.21456123045111203,0.0316804519515184,0.003338311890837704,0.06653136786376468,0.01668335805913851,0.0,0.0
nym,0.7,omega,"ours: public GWR reference, θ=3.0",0.0,"{""policy"": ""latref"", ""ref_rule"": ""gwr"", ""ref_tau"": 0.8, ""theta"": 3.0}",56.7061558574034,2.4396355656369026,361.6597403857165,19.00851814482726,8610.575517474344,998.6663653132167,6.006856582714307,0.03160455658859754,0.01845917372653274,0.0016555888408019493,0.01835768177224053,0.00047700273880312916,0.0,0.0
nym,0.7,omega,"ours: public SSR reference, θ=1.0",0.0,"{""policy"": ""latref"", ""ref_rule"": ""ssr"", ""ref_tau"": 0.0, ""theta"": 1.0}",50.17344009351829,3.8431557320238734,401.9416846827639,56.382181087530576,9882.649042081339,2014.642749402881,5.867545830650633,0.048224594981050285,0.020117826924174985,0.0017557402996270025,0.046378243828771516,0.02725820836843736,0.01625,0.018689518086815016
nym,0.7,omega,"ours: public SSR reference, θ=1.0",0.0,"{""policy"": ""latref"", ""ref_rule"": ""ssr"", ""ref_tau"": 0.2, ""theta"": 1.0}",61.951385887911485,3.1683915756240926,378.7042388385606,19.904362005592148,8954.359436612409,851.3631217187708,6.090027971919723,0.02153457357842159,0.014736797069196627,0.0011288457082993285,0.027965678154280704,0.008473820955347914,0.00875,0.012985632921044597
nym,0.7,omega,"ours: public SSR reference, θ=1.0",0.0,"{""policy"": ""latref"", ""ref_rule"": ""ssr"", ""ref_tau"": 0.4, ""theta"": 1.0}",74.49220871498461,2.373517332351476,385.70820519740386,18.559612119876526,8859.568597167525,899.7420129105408,6.191306026715713,0.012028028665134954,0.011089686709919819,0.0006991199549197378,0.020778587605230527,0.0027046293340395144,0.00625,0.010974862913563537
nym,0.7,omega,"ours: public SSR reference, θ=1.0",0.0,"{""policy"": ""latref"", ""ref_rule"": ""ssr"", ""ref_tau"": 0.6, ""theta"": 1.0}",85.89596215964818,2.401531218659252,400.2190463177095,20.7837451746155,8663.658667685599,988.4343910212312,6.214412356859,0.01207336871048733,0.009360265600849302,0.0006004801369979796,0.018341625295896245,0.0005209210503320538,0.0,0.0
nym,0.7,omega,"ours: public SSR reference, θ=1.0",0.0,"{""policy"": ""latref"", ""ref_rule"": ""ssr"", ""ref_tau"": 0.8, ""theta"": 1.0}",93.95195992891675,2.9931130128375,403.8860728796759,19.434299691474063,8652.189204904671,997.2088725936832,6.215906159671379,0.012978132462755969,0.00873038478403106,0.0006633746920004823,0.0178016039219032,0.0001179922203664843,0.0,0.0
nym,0.7,omega,"ours: public SSR reference, θ=2.0",0.0,"{""policy"": ""latref"", ""ref_rule"": ""ssr"", ""ref_tau"": 0.0, ""theta"": 2.0}",66.79004746923195,2.301598874340262,375.3598708658412,23.975274852278513,8619.767132774907,999.332661236956,6.112476321048908,0.018884123685574034,0.01510055999783173,0.0008947460346979461,0.018005907976654533,0.00041467462805941553,0.0,0.0
nym,0.7,omega,"ours: public SSR reference, θ=2.0",0.0,"{""policy"": ""latref"", ""ref_rule"": ""ssr"", ""ref_tau"": 0.2, ""theta"": 2.0}",75.01563396615089,2.322140876289614,382.2062220179822,19.84832255151673,8628.439362513458,998.2620842963297,6.176722828400971,0.016959275861476417,0.012478248688028368,0.0006858198414187337,0.01783665934890415,0.0001916402998926987,0.0,0.0
nym,0.7,omega,"ours: public SSR reference, θ=2.0",0.0,"{""policy"": ""latref"", ""ref_rule"": ""ssr"", ""ref_tau"": 0.4, ""theta"": 2.0}",82.25638454650652,2.3640412652231304,396.55201975574306,20.842425686795046,8634.923673440893,998.056295852321,6.201863781729621,0.014381183240021434,0.010498550366313902,0.0006491824060179697,0.01783568515319578,0.00019184941953166284,0.0,0.0
nym,0.7,omega,"ours: public SSR reference, θ=2.0",0.0,"{""policy"": ""latref"", ""ref_rule"": ""ssr"", ""ref_tau"": 0.6, ""theta"": 2.0}",89.08085755037607,2.608559903585519,400.2190463177095,20.7837451746155,8641.413525236483,997.8079022495009,6.210423988143054,0.014176859259954584,0.009265603593079392,0.0006333251596389444,0.017787164018081114,0.00015169292677816843,0.0,0.0
nym,0.7,omega,"ours: public SSR reference, θ=2.0",0.0,"{""policy"": ""latref"", ""ref_rule"": ""ssr"", ""ref_tau"": 0.8, ""theta"": 2.0}",94.79430489020548,3.0414005746650203,403.8860728796759,19.434299691474063,8647.810884540397,997.7687021043283,6.21202167075198,0.014039869383877478,0.008699236925106177,0.0006112899141725021,0.017758176441428252,0.00017822207204432037,0.0,0.0
nym,0.7,omega,"ours: public SSR reference, θ=3.0",0.0,"{""policy"": ""latref"", ""ref_rule"": ""ssr"", ""ref_tau"": 0.0, ""theta"": 3.0}",72.18519738569482,2.3901040343882083,378.7042388385606,19.904362005592148,8624.844664406946,998.920523705989,6.157382340408169,0.01960424782380869,0.013884834815577446,0.000729335937590355,0.017804249231330883,0.0001422934708640817,0.0,0.0
nym,0.7,omega,"ours: public SSR reference, θ=3.0",0.0,"{""policy"": ""latref"", ""ref_rule"": ""ssr"", ""ref_tau"": 0.2, ""theta"": 3.0}",77.4689718498107,2.24909871063596,385.70820519740386,18.559612119876526,8630.104924832724,998.356797533039,6.1859131211516765,0.015942088352439064,0.012130031420262559,0.0004819004177085014,0.01783348144630561,0.00020885235725776242,0.0,0.0
nym,0.7,omega,"ours: public SSR reference, θ=3.0",0.0,"{""policy"": ""latref"", ""ref_rule"": ""ssr"", ""ref_tau"": 0.4, ""theta"": 3.0}",82.88099736141581,2.3284445499620534,396.55201975574306,20.842425686795046,8635.390319850425,997.6802552754518,6.202155985978249,0.01467472655043884,0.010454325767005838,0.0006227315153050514,0.017784133166945583,0.00017259686116263782,0.0,0.0
nym,0.7,omega,"ours: public SSR reference, θ=3.0",0.0,"{""policy"": ""latref"", ""ref_rule"": ""ssr"", ""ref_tau"": 0.6, ""theta"": 3.0}",89.10895772767529,2.611715904257302,400.2190463177095,20.7837451746155,8641.572744003413,998.1803695127927,6.210481586132637,0.014585165587354525,0.009214399558634775,0.0006424217492323937,0.017735439802331544,9.056665417945102e-05,0.0,0.0
nym,0.7,omega,"ours: public SSR reference, θ=3.0",0.0,"{""policy"": ""latref"", ""ref_rule"": ""ssr"", ""ref_tau"": 0.8, ""theta"": 3.0}",94.8020654288143,2.9967540240213686,403.8860728796759,19.434299691474063,8646.986652663572,997.8416115707233,6.21207969771646,0.014150143152706726,0.008659612813020088,0.0005671824023550932,0.017699886322532565,6.907809011196347e-05,0.0,0.0
nym,0.7,omega,uniform,1.0,"{""policy"": ""static""}",99.63044610955944,2.858613811094284,30902.95432513592,0.0,25846.580636684947,1712.8596227464197,6.321928094887363,0.0,0.003375000000000046,0.0,0.21583819479954744,0.019386630293603057,0.27875,0.03084697985500277
nym,0.7,omega,ε-EXP3 (Hou'24) + band θ=1,0.0,"{""band"": true, ""policy"": ""eexp3"", ""theta"": 1.0}",80.60509195994892,5.370056899199643,31194.236598701296,808.729242671479,44678.292852681,2344.5516936550816,2.359328729918285,1.598575377713358,0.02574727585646299,0.0020584576096775806,9.720347640511488,10.079191147512674,0.17124999999999999,0.032278040184521434
nym,0.7,omega,"ε-EXP3 (Hou'24), no band",0.0,"{""band"": false, ""policy"": ""eexp3""}",77.3193191727931,3.486809050883412,415.4137623110124,27.25200809740079,10184.083104777781,846.7091491641397,6.1516720530143365,0.024760885646013236,0.016804984521659152,0.001179835725978274,0.04844538909165301,0.005923677134388134,0.036250000000000004,0.006492816460522296
