dataset,rho_bar,capacity,family,method,tau,theta_loc,n_seeds,lat_link_ms,lat_link_ms_ci95,lat_e2e_ms,lat_e2e_ms_ci95,lat_p50_ms,lat_p50_ms_ci95,lat_p99_ms,lat_p99_ms_ci95,H_r,H_r_ci95,FCP,FCP_ci95,excess,excess_ci95,frac_overloaded,frac_overloaded_ci95,dummies_per_node_round,dummies_per_node_round_ci95
ripe,0.3,equal,LAMP-SC,lamp,0.2,0.0,5,18.279241120432438,21.522244679762974,38507.59790819047,6061.595544037436,37054.26349733838,17078.77224171981,61659.50018614823,1.0100648451763094e-11,1.7552786880648619,1.4444155863094321,0.1406091872068372,0.013104065594928521,47.87988354666669,23.24184899201319,0.026000000000000002,0.009717557868192277,0.0,0.0
ripe,0.3,equal,LAMP-SC,lamp,0.4,0.0,5,18.796430324963886,21.14875294071598,37007.08542140878,7353.035279412223,37054.26349733838,17078.77224171981,61659.50018614823,1.0100648451763094e-11,2.6830524058938865,1.7589669244733728,0.1295942441812955,0.019857285864415136,40.2898978355556,24.835792139203438,0.027000000000000003,0.010153972585723014,0.0,0.0
ripe,0.3,equal,LAMP-SC,lamp,0.6,0.0,5,22.656206335462414,19.1657500221672,29821.29259207482,8692.908296544307,30902.95432513592,0.0,61659.50018614823,1.0100648451763094e-11,4.332810600767397,1.7749972053873446,0.09497372626184149,0.02301721089987924,26.30466901777778,18.885858722022764,0.023,0.007078573884911361,0.0,0.0
ripe,0.3,equal,LAMP-SC,lamp,0.8,0.0,5,37.40856387783627,10.860299724750055,15283.337942547427,5128.330335098543,6414.27583882265,16997.87730520168,61659.50018614823,1.0100648451763094e-11,6.034774410361503,0.6652411449077811,0.04347007681822988,0.011129967609690325,7.454366368888891,3.7897062527101704,0.014499999999999999,0.005552890210395587,0.0,0.0
ripe,0.3,equal,LARMix,larmix,0.2,0.0,5,21.811109981323263,3.3229402107690875,215.7579968623344,3.328750028676015,204.17379446695296,0.0,329.831133719719,16.60439528529171,3.8188661811352964,0.13971778047047065,0.05669629949440132,0.0027454905536944013,0.039849537777777486,0.0002008654017808722,0.0,0.0,0.0,0.0
ripe,0.3,equal,LARMix,larmix,0.4,0.0,5,22.65307835525579,2.7380809792696823,216.59966914417654,2.7439275956835316,204.17379446695296,0.0,332.7439564553728,10.371672061170177,4.973520275070624,0.13656103328067273,0.04427328991310683,0.0017645574498689521,0.03984491999999999,0.0001755864537432563,0.0,0.0,0.0,0.0
ripe,0.3,equal,LARMix,larmix,0.6,0.0,5,29.93535649380259,3.4893758976915485,223.88105400369736,3.493091747605233,208.02276026026107,6.544082661535355,351.77006396854574,16.92656742756871,6.624579325469169,0.088203595304908,0.027230147958711686,0.0012783691743519288,0.03979706666666631,0.0001600352218902242,0.0,0.0,0.0,0.0
ripe,0.3,equal,LARMix,larmix,0.8,0.0,5,89.00453381403042,1.9265034564064694,282.9499989603843,1.9328905788724442,269.15348039269156,0.0,467.7351412871982,7.891131602939917e-14,7.634097515147486,0.001323725563274886,0.006783646670154628,0.00013650820213551777,0.03977061333333354,0.00020978915404698,0.0,0.0,0.0,0.0
ripe,0.3,equal,LARMix,larmix,1.0,0.0,5,122.75182679274565,1.7456037936958995,316.6990119666981,1.7447491412016947,309.0295432513591,0.0,494.39533229302987,12.81749471254288,7.643856189774725,1.232989312959362e-15,0.003374999999999936,0.0,0.03984991999999994,0.0003557933591295653,0.0,0.0,0.0,0.0
ripe,0.3,equal,OptiMix GPR+LBA,gpr+lba,0.0,0.0,5,19.47407955709006,2.401292610062629,213.42306160810205,2.3997366634997754,204.17379446695296,0.0,315.1235644476375,20.672762217202063,6.427164764213043,0.0685629260732302,0.025139238725416884,0.0015692143390656833,0.03995478666666643,0.00033488605164446475,0.0,0.0,0.0,0.0
ripe,0.3,equal,OptiMix GPR+LBA,gpr+lba,0.2,0.0,5,21.381435666922616,2.484638016470931,215.3293278652126,2.484273276316573,206.09827736360702,5.343221118452029,318.03638718329137,20.599758583386315,6.717986474993518,0.05681057821298819,0.02201474541817437,0.0013958146158604317,0.03990866666666659,0.00025396824321436236,0.0,0.0,0.0,0.0
ripe,0.3,equal,OptiMix GPR+LBA,gpr+lba,0.4,0.0,5,24.5719479760377,2.6630626912278266,218.51879482234057,2.664261258554939,213.79620895022327,3.9455658014699586e-14,326.9247806547638,20.881591455524212,7.027537614684002,0.040717564228193864,0.018424173127182388,0.0011861365188589954,0.03982227555555573,8.518390545461243e-05,0.0,0.0,0.0,0.0
ripe,0.3,equal,OptiMix GPR+LBA,gpr+lba,0.6,0.0,5,30.747909499615936,3.0771496815709107,224.69382924571173,3.080188388269893,213.79620895022327,3.9455658014699586e-14,351.77006396854574,16.92656742756871,7.326860590438559,0.02574649410848501,0.014135817290487707,0.000759688856983683,0.03980380000000046,0.0001510300089173844,0.0,0.0,0.0,0.0
ripe,0.3,equal,OptiMix GPR+LBA,gpr+lba,0.8,0.0,5,47.61498152577013,4.130778281084927,241.56280468450169,4.130988632727659,223.872113856834,0.0,389.2101883768255,15.73828162930505,7.571330892734873,0.012964362142234492,0.008912121460162705,0.0004797377030082889,0.039884626666666145,0.0001217105179808102,0.0,0.0,0.0,0.0
ripe,0.3,equal,OptiMix GWR (no LBA),gwr,0.0,0.0,5,2.4752349055911234,1.4428009396530295,37916.270715476094,5695.411713567631,49356.8818417433,20917.138712711374,61659.50018614823,1.0100648451763094e-11,2.290795722909864,0.36927446077209575,0.13740344960894074,0.00692399837559208,27.825278253333316,9.171160648618994,0.028500000000000004,0.007475807234726007,0.0,0.0
ripe,0.3,equal,OptiMix GWR (no LBA),gwr,0.2,0.0,5,2.723758153214253,1.4799174803976023,37355.499181090236,5925.807546864828,49356.8818417433,20917.138712711374,61659.50018614823,1.0100648451763094e-11,2.8614187298210583,0.4463448179584853,0.12853710398166504,0.008997159836829487,24.489088613333333,8.683792059476698,0.032,0.006729658505844751,0.0,0.0
ripe,0.3,equal,OptiMix GWR (no LBA),gwr,0.4,0.0,5,3.2851407875398158,1.638614567143656,35274.49772884697,5832.937679086162,37054.26349733838,17078.772241719813,61659.50018614823,1.0100648451763094e-11,3.543564507771567,0.5260398400712448,0.11592259291288869,0.010295472528853109,20.86243865333333,7.380699012282468,0.0325,0.006208319991018821,0.0,0.0
ripe,0.3,equal,OptiMix GWR (no LBA),gwr,0.6,0.0,5,4.800271691949081,2.13778325809695,31307.81156251922,5437.318085697077,24769.248036415134,17029.89880203975,61659.50018614823,1.0100648451763094e-11,4.427304179547424,0.6049501496593181,0.09789551730168262,0.01065279718204683,16.319582626666676,5.272641999785581,0.0325,0.003104159995509413,0.0,0.0
ripe,0.3,equal,OptiMix GWR (no LBA),gwr,0.8,0.0,5,11.042159441544076,3.8836419073549635,22989.25583319976,5282.126712477025,24767.137882880103,17035.757527493304,61659.50018614823,1.0100648451763094e-11,5.7031411784710695,0.6247209610455099,0.06790459230572032,0.009151181689848326,9.868212008888895,2.8460267063022133,0.026500000000000003,0.005638986665747601,0.0,0.0
ripe,0.3,equal,OptiMix GWR+LBA,gwr+lba,0.0,0.0,5,14.732190867506517,2.1890159761466097,208.75030086321854,2.200393233816722,204.17379446695296,0.0,290.0526324207546,18.787203116163266,3.340314414604131,0.0810914138076698,0.06449065401836918,0.0016604623759000799,0.043689559999999614,0.002640170280807657,0.0,0.0,0.0,0.0
ripe,0.3,equal,OptiMix GWR+LBA,gwr+lba,0.2,0.0,5,15.353037387466577,2.2706411915588904,209.33792410644878,2.2745906377625675,204.17379446695296,0.0,295.4908824457373,20.217812845397223,3.861985525328528,0.09157028870526197,0.05708747800122342,0.001758717525987364,0.04187857777777806,0.0013738360207583866,0.0,0.0,0.0,0.0
ripe,0.3,equal,OptiMix GWR+LBA,gwr+lba,0.4,0.0,5,16.27932808607201,2.325515893443156,210.24223999881147,2.3305536422650834,204.17379446695296,0.0,295.4908824457373,20.217812845397223,4.532501586304558,0.11367660311165871,0.04846843485420467,0.0016167837052265144,0.04069169333333331,0.0007412494910606236,0.0,0.0,0.0,0.0
ripe,0.3,equal,OptiMix GWR+LBA,gwr+lba,0.6,0.0,5,18.062236388513984,2.2931807683385412,212.01362198718917,2.297924026869142,204.17379446695296,0.0,300.80956910943223,15.143388481136256,5.454261887096768,0.11822508999639461,0.03881186644178973,0.001490131709274116,0.04009394666666757,0.0002852546375975566,0.0,0.0,0.0,0.0
ripe,0.3,equal,OptiMix GWR+LBA,gwr+lba,0.8,0.0,5,26.737002029955512,2.5158148869948573,220.68424608526365,2.5170876033363827,208.02276026026107,6.544082661535355,338.9879029161623,13.707470267599358,6.762978542681838,0.06859686589488954,0.025943551574390832,0.0010973196523315634,0.03985835111111138,0.00012146437089411622,0.0,0.0,0.0,0.0
ripe,0.3,equal,OptiMix GWR+LBA+CRG(θ=.05),gwr+lba+crg,0.0,0.0,5,105.45519439945788,1.2245937615981424,299.4439738747558,1.2281428422317302,295.12092266663853,0.0,489.77881936844614,0.0,7.6328374935474015,0.00051747845842303,0.007162014063028696,7.177227142525661e-05,0.04200620888888897,0.0003145155502234075,0.0,0.0,0.0,0.0
ripe,0.3,equal,OptiMix GWR+LBA+CRG(θ=.05),gwr+lba+crg,0.2,0.0,5,103.95572988745262,1.215645608238505,297.95682429644296,1.2199569628252656,295.12092266663853,0.0,489.77881936844614,0.0,7.631785047713412,0.0005405760279873819,0.007114338859402608,7.872892391961664e-05,0.042649968888889056,0.0002169121370909369,0.0,0.0,0.0,0.0
ripe,0.3,equal,OptiMix GWR+LBA+CRG(θ=.05),gwr+lba+crg,0.4,0.0,5,101.8888870156743,1.1689806446699424,295.9076682442997,1.1691161968996246,284.49481903448407,7.375698354204989,489.77881936844614,0.0,7.630553456937079,0.0008635458535135091,0.007056249106166278,7.662321895051858e-05,0.04354912000000031,0.00043237639464514555,0.0,0.0,0.0,0.0
ripe,0.3,equal,OptiMix GWR+LBA+CRG(θ=.05),gwr+lba+crg,0.6,0.0,5,98.69677890531365,1.294567424208903,292.74655861666014,1.2876734638485061,281.83829312644536,0.0,489.77881936844614,0.0,7.629403594189722,0.0010489401644565865,0.006972454369881341,7.564210669615138e-05,0.04516247111111107,0.0008306120441482632,0.0,0.0,0.0,0.0
ripe,0.3,equal,OptiMix GWR+LBA+CRG(θ=.05),gwr+lba+crg,0.8,0.0,5,93.81834080790898,1.2987163653600715,287.9290928130391,1.2908232372910855,281.83829312644536,0.0,476.55261251969733,14.991627286349756,7.63012318916748,0.0011119124148410015,0.006510640260326102,4.190154180159838e-05,0.048459244444444625,0.0010791047422223032,0.0,0.0,0.0,0.0
ripe,0.3,equal,OptiMix SSR+LBA,ssr+lba,0.0,0.0,5,59.05549766368999,2.803964362249154,252.9980129906145,2.8071237935353546,230.202574461929,7.1754439521321896,434.62114814134077,13.672526584734817,7.431215093360704,0.0232049641585227,0.015463297820494234,0.0004728642445646299,0.03962432000000016,0.00014108457240491088,0.0,0.0,0.0,0.0
ripe,0.3,equal,OptiMix SSR+LBA,ssr+lba,0.2,0.0,5,73.11320323457198,2.354050745694901,267.0621714926735,2.3554198125003145,250.09836625185636,7.867717841160412,455.1042118054571,14.3168929108607,7.578531795362214,0.007926538712710993,0.010381246578966436,0.00020271180197344458,0.039934431111111036,0.00015154091288812518,0.0,0.0,0.0,0.0
ripe,0.3,equal,OptiMix SSR+LBA,ssr+lba,0.4,0.0,5,89.3591063313389,1.6826106147257516,283.3033691687671,1.685225736566692,269.15348039269156,0.0,472.14387690344773,12.240612421847379,7.634411806943577,0.0009489035294436242,0.0066790272274480315,8.887203776961697e-05,0.039719760000000104,0.0001989887486848955,0.0,0.0,0.0,0.0
ripe,0.3,equal,OptiMix SSR+LBA,ssr+lba,0.6,0.0,5,104.04900026602768,1.2687311227064053,297.9965000323233,1.2711858543479324,292.4643967585999,7.375698354204989,489.77881936844614,0.0,7.643361430556726,8.936523054051014e-05,0.004662898695801695,6.811055002766996e-05,0.039865866666666826,0.00034338416413344215,0.0,0.0,0.0,0.0
ripe,0.3,equal,OptiMix SSR+LBA,ssr+lba,0.8,0.0,5,114.96073511842955,1.436423282919583,308.90616641840563,1.438376149243526,300.68437090052674,9.459077342032096,489.77881936844614,0.0,7.643846831047516,4.5637984308565695e-06,0.0037844449019629454,3.346702829843809e-05,0.03978376444444418,0.00016824325223499759,0.0,0.0,0.0,0.0
ripe,0.3,equal,ours (θ_loc tilt),regretor,0.0,0.0,5,122.70463694301998,1.6459090357534434,316.780779439003,1.6465210613520933,309.0295432513591,0.0,494.39533229302987,12.81749471254288,7.643687451924185,2.1307833043988972e-05,0.0038092752565915522,5.0665914689786296e-06,0.055233499386666995,0.0001259410208554639,0.0,0.0,32.17292916666666,0.005898078585278387
ripe,0.3,equal,ours (θ_loc tilt),regretor,0.0,0.5,5,106.84286819413327,1.7474384249644146,300.922105217398,1.74833124067498,295.12092266663853,0.0,489.77881936844614,0.0,7.643492313080209,9.577634390156681e-05,0.004167516897775355,4.566183720871688e-05,0.055618173878444345,0.0002190969197013164,0.0,0.0,32.97364861111111,0.05944307031278196
ripe,0.3,equal,ours (θ_loc tilt),regretor,0.0,1.0,5,88.74898581405907,1.5870862537985242,282.8436141850365,1.5932617170564085,269.15348039269156,0.0,467.7351412871982,7.891131602939917e-14,7.641293744241985,0.0009759639938768211,0.004848847478807665,0.00014992946018705928,0.057001369755999634,0.0004690842935693462,0.0,0.0,35.119791666666664,0.15037299110314373
ripe,0.3,equal,ours (θ_loc tilt),regretor,0.0,2.0,5,62.54233989806968,1.5767026603365233,256.9999283297824,1.4802158299819363,245.47089156850296,3.9455658014699586e-14,411.22012600360875,10.661127738193064,7.619836098748225,0.0046052489808145565,0.006506469815622182,0.00025849791433840393,0.0672855442146671,0.0029508193605391683,0.0,0.0,38.71832222222223,0.21919113918596866
ripe,0.3,equal,ours (θ_loc tilt),regretor,0.0,3.0,5,52.99733495184421,1.573523456424062,291.2083233031126,19.394599027394932,234.4228815319923,0.0,404.05889451720543,25.526653967262554,7.594431095448175,0.010420432461074625,0.007822717624614004,0.00036901618786033114,0.08225723012266681,0.008358513112539136,0.0,0.0,40.04989444444445,0.30239521711585166
ripe,0.3,equal,ours (θ_loc tilt),regretor,0.0,4.0,5,51.612343088452384,1.5205403943819584,308.00173513235967,31.05032101018154,234.4228815319923,0.0,606.916023905593,398.80004447005797,7.589946647020334,0.010905268254016994,0.007919117409780612,0.0004331250925922398,0.08684918217911117,0.009460560994528251,0.0,0.0,40.24709583333333,0.30569036349607753
ripe,0.3,equal,uniform (Nym default),uniform,1.0,0.0,5,122.75182679274565,1.7456037936958995,316.6990119666981,1.7447491412016947,309.0295432513591,0.0,494.39533229302987,12.81749471254288,7.643856189774725,1.232989312959362e-15,0.003374999999999936,0.0,0.03984991999999994,0.0003557933591295653,0.0,0.0,0.0,0.0
ripe,0.3,omega,LAMP-SC,lamp,0.2,0.0,5,18.279241120432438,21.522244679762974,39682.467545939144,5716.322128537567,37054.26349733838,17078.77224171981,62240.68472961169,1613.6269809157573,1.7552786880648619,1.4444155863094321,0.1406091872068372,0.013104065594928521,54.084720786591255,21.770899569962108,0.035,0.012221090123416784,0.0,0.0
ripe,0.3,omega,LAMP-SC,lamp,0.4,0.0,5,18.796430324963886,21.14875294071598,38471.25271111685,6411.75481596707,37054.26349733838,17078.77224171981,62240.68472961169,1613.6269809157573,2.6830524058938865,1.7589669244733728,0.1295942441812955,0.019857285864415136,45.49990126479495,22.181711334700214,0.0385,0.01764190011507796,0.0,0.0
ripe,0.3,omega,LAMP-SC,lamp,0.6,0.0,5,22.656206335462414,19.1657500221672,32025.963895829664,6306.474406619257,30902.95432513592,0.0,61659.50018614823,1.0100648451763094e-11,4.332810600767397,1.7749972053873446,0.09497372626184147,0.02301721089987924,29.69244926714138,15.815486265415252,0.03899999999999999,0.018442995079529536,0.0,0.0
ripe,0.3,omega,LAMP-SC,lamp,0.8,0.0,5,37.40856387783627,10.860299724750055,17993.1189411814,4227.233966693127,12156.940467353972,19075.67389037943,61659.50018614823,1.0100648451763094e-11,6.034774410361503,0.6652411449077811,0.04347007681822988,0.011129967609690325,9.134770672427155,4.183805454427385,0.03949999999999999,0.010153972585723014,0.0,0.0
ripe,0.3,omega,LARMix,larmix,0.2,0.0,5,21.811109981323263,3.3229402107690875,314.97261778095697,29.554953813123618,215.81138993154542,5.595039371679575,2166.057174615794,614.96867417472,3.8188661811352964,0.13971778047047065,0.05669629949440132,0.0027454905536944013,0.2650955263772076,0.0071711725337155535,0.0,0.0,0.0,0.0
ripe,0.3,omega,LARMix,larmix,0.4,0.0,5,22.653078355255786,2.738080979269683,318.26022632796594,31.32939761738746,215.81138993154542,5.595039371679574,2220.4735098199676,587.5853489242677,4.973520275070624,0.13656103328067273,0.04427328991310683,0.001764557449868952,0.2657800401980886,0.007126663010440132,0.0,0.0,0.0,0.0
ripe,0.3,omega,LARMix,larmix,0.6,0.0,5,29.93535649380259,3.4893758976915485,325.36927414038956,30.529914264712204,223.872113856834,0.0,2170.8336330980596,628.0963237319949,6.624579325469169,0.088203595304908,0.027230147958711686,0.0012783691743519288,0.26577788513629697,0.006645979198652137,0.0,0.0,0.0,0.0
ripe,0.3,omega,LARMix,larmix,0.8,0.0,5,89.00453381403042,1.9265034564064694,385.3476196865411,28.33903259498321,295.12092266663853,0.0,2237.486086735767,555.691907329268,7.634097515147486,0.001323725563274886,0.006783646670154628,0.00013650820213551777,0.2664700664538942,0.007312274749815845,0.0,0.0,0.0,0.0
ripe,0.3,omega,LARMix,larmix,1.0,0.0,5,122.75182679274565,1.7456037936958995,419.6948524094311,28.90862165947622,329.69385661345797,10.371672061170173,2340.8037731291242,562.5784508301135,7.643856189774725,1.232989312959362e-15,0.003374999999999936,0.0,0.2661109275637337,0.007346983776805973,0.0,0.0,0.0,0.0
ripe,0.3,omega,OptiMix GPR+LBA,gpr+lba,0.0,0.0,5,19.47407955709006,2.401292610062629,317.824439123136,27.219114505144134,215.81138993154542,5.595039371679575,2262.855712203275,598.4588967064257,6.427164764213043,0.0685629260732302,0.025139238725416884,0.0015692143390656833,0.2663495191299066,0.007836263363389133,0.0,0.0,0.0,0.0
ripe,0.3,omega,OptiMix GPR+LBA,gpr+lba,0.2,0.0,5,21.381435666922616,2.484638016470931,317.3336518028491,27.115916618278067,219.8417518941897,6.852495775698578,2192.2526932459787,516.2605884009067,6.717986474993518,0.05681057821298819,0.02201474541817437,0.0013958146158604317,0.2660263484190514,0.007785037321865373,0.0,0.0,0.0,0.0
ripe,0.3,omega,OptiMix GPR+LBA,gpr+lba,0.4,0.0,5,24.5719479760377,2.6630626912278266,320.5534193167565,28.65695238041677,223.872113856834,0.0,2219.566528973287,581.4306411889817,7.027537614684002,0.040717564228193864,0.018424173127182388,0.0011861365188589954,0.26588243197277706,0.007580879717834856,0.0,0.0,0.0,0.0
ripe,0.3,omega,OptiMix GPR+LBA,gpr+lba,0.6,0.0,5,30.747909499615936,3.0771496815709107,326.1017268599927,28.45596147281872,225.98226739186566,5.858725453554463,2239.718338786508,578.6654385925527,7.326860590438559,0.02574649410848501,0.014135817290487707,0.000759688856983683,0.265630905235437,0.007441645437722592,0.0,0.0,0.0,0.0
ripe,0.3,omega,OptiMix GPR+LBA,gpr+lba,0.8,0.0,5,47.61498152577013,4.130778281084927,343.1863386355408,25.43925296147973,245.47089156850296,3.9455658014699586e-14,2218.2412577692266,564.8280882154974,7.571330892734873,0.012964362142234492,0.008912121460162705,0.0004797377030082889,0.26562566332290677,0.008098103617370853,0.0,0.0,0.0,0.0
ripe,0.3,omega,OptiMix GWR (no LBA),gwr,0.0,0.0,5,2.4752349055911234,1.4428009396530295,39274.62316811584,3714.7897353331755,49648.16411530868,20431.901064354086,62240.68472961169,1613.6269809157573,2.290795722909864,0.36927446077209575,0.13740344960894074,0.00692399837559208,34.86369790309246,18.448804662089877,0.039999999999999994,0.007914086195208286,0.0,0.0
ripe,0.3,omega,OptiMix GWR (no LBA),gwr,0.2,0.0,5,2.723758153214253,1.4799174803976023,37880.70012030242,4620.256451386975,49356.8818417433,20917.138712711374,62240.68472961169,1613.6269809157573,2.8614187298210583,0.4463448179584853,0.12853710398166504,0.008997159836829487,30.122078225514304,14.71834429851297,0.037500000000000006,0.0049081079036938915,0.0,0.0
ripe,0.3,omega,OptiMix GWR (no LBA),gwr,0.4,0.0,5,3.2851407875398158,1.638614567143656,35749.770767816415,5397.137543308172,37054.26349733838,17078.772241719813,62240.68472961169,1613.6269809157573,3.543564507771567,0.5260398400712448,0.11592259291288869,0.010295472528853109,25.30033476113855,11.006269256623332,0.0395,0.008034918926829978,0.0,0.0
ripe,0.3,omega,OptiMix GWR (no LBA),gwr,0.6,0.0,5,4.800271691949081,2.13778325809695,32168.74683504174,6068.908957748865,30105.433067962567,2214.27399077014,61659.50018614823,1.0100648451763094e-11,4.427304179547424,0.6049501496593181,0.09789551730168262,0.01065279718204683,19.63728069441249,7.173897282845392,0.041,0.011531442582459039,0.0,0.0
ripe,0.3,omega,OptiMix GWR (no LBA),gwr,0.8,0.0,5,11.042159441544076,3.8836419073549635,23936.40175109061,5380.839024901674,24778.731118734024,17003.569544553273,61659.50018614823,1.0100648451763094e-11,5.7031411784710695,0.6247209610455099,0.06790459230572032,0.009151181689848326,11.883710752119647,3.305273505504777,0.038,0.008034918926829976,0.0,0.0
ripe,0.3,omega,OptiMix GWR+LBA,gwr+lba,0.0,0.0,5,14.732190867506517,2.1890159761466097,324.38077899298213,39.4310698640921,213.79620895022327,3.9455658014699586e-14,2510.400156114477,748.6946594159951,3.340314414604131,0.0810914138076698,0.06449065401836918,0.0016604623759000799,0.2701122734624913,0.012622583855395096,0.0,0.0,0.0,0.0
ripe,0.3,omega,OptiMix GWR+LBA,gwr+lba,0.2,0.0,5,15.353037387466577,2.2706411915588904,316.5781462405854,31.771725947080995,213.79620895022327,3.9455658014699586e-14,2300.5703923656224,607.812461500977,3.861985525328528,0.09157028870526197,0.05708747800122342,0.001758717525987364,0.26802593763106675,0.010945828234173215,0.0,0.0,0.0,0.0
ripe,0.3,omega,OptiMix GWR+LBA,gwr+lba,0.4,0.0,5,16.27932808607201,2.325515893443156,314.8292321470828,30.89950442474545,213.79620895022327,3.9455658014699586e-14,2253.3444801333653,550.4148648522944,4.532501586304558,0.11367660311165871,0.04846843485420467,0.0016167837052265144,0.2672062791228611,0.009388899714344225,0.0,0.0,0.0,0.0
ripe,0.3,omega,OptiMix GWR+LBA,gwr+lba,0.6,0.0,5,18.062236388513984,2.2931807683385412,315.29842064098364,31.71336755410544,213.79620895022327,3.9455658014699586e-14,2238.057769112803,580.916870866652,5.454261887096768,0.11822508999639461,0.03881186644178973,0.001490131709274116,0.2664528262166565,0.007857558736477848,0.0,0.0,0.0,0.0
ripe,0.3,omega,OptiMix GWR+LBA,gwr+lba,0.8,0.0,5,26.737002029955512,2.5158148869948573,322.3842272234422,28.89001574114501,223.872113856834,0.0,2218.2412577692266,564.8280882154974,6.762978542681838,0.06859686589488954,0.025943551574390832,0.0010973196523315634,0.2658434067955411,0.006721155604687635,0.0,0.0,0.0,0.0
ripe,0.3,omega,OptiMix GWR+LBA+CRG(θ=.05),gwr+lba+crg,0.0,0.0,5,105.45519439945788,1.2245937615981424,430.0825744168343,78.24370242812863,309.0295432513591,0.0,2734.384027175135,1300.2650664408977,7.6328374935474015,0.00051747845842303,0.007162014063028696,7.177227142525661e-05,0.26913833949323557,0.006525727211350607,0.0005,0.0013882225525988967,0.0,0.0
ripe,0.3,omega,OptiMix GWR+LBA+CRG(θ=.05),gwr+lba+crg,0.2,0.0,5,103.95572988745262,1.215645608238505,432.1626666983332,82.05395459009364,309.0295432513591,0.0,2836.8155660909215,1367.8714188464517,7.631785047713412,0.0005405760279873819,0.007114338859402608,7.872892391961664e-05,0.26959076954497313,0.0077838109581613675,0.0005,0.0013882225525988967,0.0,0.0
ripe,0.3,omega,OptiMix GWR+LBA+CRG(θ=.05),gwr+lba+crg,0.4,0.0,5,101.8888870156743,1.1689806446699424,426.890673970676,61.49258824820187,309.0295432513591,0.0,2894.1302122744596,995.9075149796138,7.630553456937079,0.0008635458535135091,0.007056249106166278,7.662321895051858e-05,0.270913645396118,0.007806933199413779,0.0,0.0,0.0,0.0
ripe,0.3,omega,OptiMix GWR+LBA+CRG(θ=.05),gwr+lba+crg,0.6,0.0,5,98.69677890531365,1.294567424208903,429.1786941019544,59.42380041793058,309.0295432513591,0.0,2976.344838375794,1003.0478413489287,7.629403594189722,0.0010489401644565865,0.006972454369881341,7.564210669615138e-05,0.27275417583291883,0.007703988567052855,0.0,0.0,0.0,0.0
ripe,0.3,omega,OptiMix GWR+LBA+CRG(θ=.05),gwr+lba+crg,0.8,0.0,5,93.81834080790898,1.2987163653600715,475.2390254620197,88.5538419812107,300.68437090052674,9.459077342032096,4083.3892920415083,1651.3013824081156,7.63012318916748,0.0011119124148410015,0.006510640260326102,4.190154180159838e-05,0.27883360698935633,0.0065139152001456825,0.0005,0.0013882225525988967,0.0,0.0
ripe,0.3,omega,OptiMix SSR+LBA,ssr+lba,0.0,0.0,5,59.05549766368999,2.803964362249154,356.1053376390805,31.533305560293716,254.72584093520967,6.423964717011548,2270.1761423171206,659.2145145087172,7.431215093360704,0.0232049641585227,0.015463297820494234,0.0004728642445646299,0.265652589601649,0.006734142175825383,0.0,0.0,0.0,0.0
ripe,0.3,omega,OptiMix SSR+LBA,ssr+lba,0.2,0.0,5,73.11320323457198,2.354050745694901,371.75389760350004,30.487346066505957,271.69044293944233,7.043737244996276,2306.053267626613,607.0578771892973,7.578531795362214,0.007926538712710993,0.010381246578966436,0.00020271180197344458,0.2660806250012139,0.006647933065668536,0.0,0.0,0.0,0.0
ripe,0.3,omega,OptiMix SSR+LBA,ssr+lba,0.4,0.0,5,89.3591063313389,1.6826106147257518,384.48099797768816,26.8487523370181,295.12092266663853,0.0,2239.3427931195433,569.3232019935634,7.634411806943578,0.0009489035294436242,0.00667902722744803,8.887203776961697e-05,0.26575793747908083,0.007149467649665087,0.0,0.0,0.0,0.0
ripe,0.3,omega,OptiMix SSR+LBA,ssr+lba,0.6,0.0,5,104.04900026602768,1.2687311227064053,400.00879782239116,28.166240067086576,309.0295432513591,0.0,2262.855712203275,598.4588967064258,7.643361430556726,8.936523054051014e-05,0.004662898695801694,6.811055002766996e-05,0.26570209219920227,0.007383806027421909,0.0,0.0,0.0,0.0
ripe,0.3,omega,OptiMix SSR+LBA,ssr+lba,0.8,0.0,5,114.96073511842955,1.436423282919583,410.3690159322291,30.447538897566147,323.59365692962825,0.0,2270.0156014047366,632.9487831959758,7.643846831047516,4.5637984308565695e-06,0.0037844449019629454,3.346702829843809e-05,0.2654116434360877,0.006803905361565269,0.0,0.0,0.0,0.0
ripe,0.3,omega,ours (θ_loc tilt),regretor,0.0,0.0,5,122.9708434398198,2.6205804186381494,344.53905005309446,12.608983129507543,317.76801145832053,9.90486992306315,1197.0206405942959,345.41866580267344,7.529714654069967,0.008670330470674073,0.008421031833739701,0.0004915690231339076,0.05676752848736073,0.00010300981735917697,0.0,0.0,33.60815555555555,0.06652463787267578
ripe,0.3,omega,ours (θ_loc tilt),regretor,0.0,0.5,5,106.28010694440297,2.2442471226600182,328.04275121962775,12.35067269943451,295.12092266663853,0.0,1172.735308234888,326.79751956119605,7.538626909934166,0.008282748541113842,0.00838842698451547,0.00038256523942430197,0.06059720668669124,0.0011381651380659302,0.0,0.0,34.29956111111112,0.08945140244511741
ripe,0.3,omega,ours (θ_loc tilt),regretor,0.0,1.0,5,87.65009204408241,1.6725308529153333,310.2307624636633,12.101187950850617,279.3013305796946,7.043737244996276,1189.2310928188315,236.7356805189465,7.546638932319061,0.007464546592945821,0.008618098271804838,0.0003152602791667679,0.07033993261735727,0.0040191099732092665,0.0,0.0,36.21654027777778,0.15558130337180312
ripe,0.3,omega,ours (θ_loc tilt),regretor,0.0,2.0,5,62.38318213922322,1.5127879434144993,355.0600855718479,144.07510281507166,252.412103593533,7.867717841160412,1456.2199797210076,549.0845661941203,7.531413790973784,0.010550380548167192,0.00966863433835482,0.0003078297169361381,0.09134945401261532,0.013367083531447103,0.0005,0.0013882225525988967,39.51671111111112,0.21080177159849153
ripe,0.3,omega,ours (θ_loc tilt),regretor,0.0,3.0,5,52.992574581874536,1.7953789029307912,623.4717824381562,396.89478998462613,245.47089156850296,3.9455658014699586e-14,14275.155077428255,18906.25945048952,7.507731892782445,0.014013394790854207,0.010585348172162803,0.0003023938774601933,0.11054173854858859,0.022033639074520838,0.002,0.0025971265842089186,40.812962500000005,0.28472347074738347
ripe,0.3,omega,ours (θ_loc tilt),regretor,0.0,4.0,5,51.504368124609165,1.8808072483902494,710.2067270709333,404.37381339737607,245.47089156850296,3.9455658014699586e-14,20753.690846153542,17056.238598764518,7.504332330989792,0.014489077648243415,0.010729806958347696,0.00026108386184654206,0.1178798720944401,0.023993558438017846,0.0025,0.002194972582712707,41.00487361111111,0.3047473860249432
ripe,0.3,omega,uniform (Nym default),uniform,1.0,0.0,5,122.75182679274565,1.7456037936958995,419.6948524094311,28.90862165947622,329.69385661345797,10.371672061170173,2340.8037731291242,562.5784508301135,7.643856189774725,1.232989312959362e-15,0.003374999999999936,0.0,0.2661109275637337,0.007346983776805973,0.0,0.0,0.0,0.0
ripe,0.7,equal,LAMP-SC,lamp,0.2,0.0,5,18.279241120432438,21.522244679762974,48217.99923210497,4346.773770664628,61659.50018614823,1.0100648451763094e-11,64565.42290346556,0.0,1.7552786880648619,1.4444155863094321,0.1406091872068372,0.013104065594928521,47.87988354666663,23.24184899201313,0.0975,0.027764451051977935,0.0,0.0
ripe,0.7,equal,LAMP-SC,lamp,0.4,0.0,5,18.796430324963886,21.14875294071598,46557.9023242661,5237.006340732086,55799.47328751114,16270.04299904833,64565.42290346556,0.0,2.6830524058938865,1.7589669244733728,0.1295942441812955,0.019857285864415136,40.28989783555554,24.835792139203402,0.10200000000000001,0.02582243214761715,0.0,0.0
ripe,0.7,equal,LAMP-SC,lamp,0.6,0.0,5,22.656206335462414,19.1657500221672,39378.44156985794,4289.831609455692,36260.472237481095,13886.038891844928,64565.42290346556,0.0,4.332810600767397,1.7749972053873446,0.09497372626184149,0.02301721089987924,26.30466901777777,18.885858722022764,0.0995,0.03810664585282405,0.0,0.0
ripe,0.7,equal,LAMP-SC,lamp,0.8,0.0,5,37.408563877836265,10.860299724750057,28100.362905282585,2728.1220032062656,30902.95432513592,0.0,61659.50018614823,1.0100648451763094e-11,6.034774410361503,0.6652411449077811,0.04347007681822989,0.011129967609690324,7.454366368888889,3.789706252710161,0.129,0.046748278515760536,0.0,0.0
ripe,0.7,equal,LARMix,larmix,0.2,0.0,5,21.811109981323263,3.3229402107690875,467.0512844306835,6.968621447950188,303.4660950174709,9.459077342032096,2302.0257446192895,71.75443952132198,3.8188661811352964,0.13971778047047065,0.05669629949440132,0.0027454905536944013,0.03984953777777709,0.00020086540178086077,0.0,0.0,0.0,0.0
ripe,0.7,equal,LARMix,larmix,0.4,0.0,5,22.65307835525579,2.7380809792696823,467.14625859605167,5.350105807110573,309.0295432513591,0.0,2238.72113856834,0.0,4.973520275070624,0.13656103328067273,0.04427328991310683,0.0017645574498689521,0.039844920000000485,0.00017558645374266793,0.0,0.0,0.0,0.0
ripe,0.7,equal,LARMix,larmix,0.6,0.0,5,29.93535649380259,3.4893758976915485,474.2174378213176,5.062880143542191,317.76801145832053,9.90486992306315,2178.2657091286756,68.52495775698559,6.624579325469169,0.088203595304908,0.027230147958711686,0.0012783691743519288,0.03979706666666605,0.0001600352218898275,0.0,0.0,0.0,0.0
ripe,0.7,equal,LARMix,larmix,0.8,0.0,5,89.00453381403042,1.9265034564064694,533.548659014873,5.573218553995039,389.0451449942807,0.0,1950.671776121307,78.87825831838316,7.634097515147486,0.001323725563274886,0.006783646670154628,0.00013650820213551777,0.03977061333333336,0.00020978915404686093,0.0,0.0,0.0,0.0
ripe,0.7,equal,LARMix,larmix,1.0,0.0,5,122.75182679274565,1.7456037936958995,568.6752365404074,3.441050476417872,426.57951880159254,0.0,1986.6019377226391,62.49550424077684,7.643856189774725,1.232989312959362e-15,0.003374999999999936,0.0,0.03984991999999905,0.00035579335912899713,0.0,0.0,0.0,0.0
ripe,0.7,equal,OptiMix GPR+LBA,gpr+lba,0.0,0.0,5,19.47407955709006,2.401292610062629,465.7138816334582,4.371133246191515,309.0295432513591,0.0,2158.113899315454,55.95039371679558,6.427164764213043,0.0685629260732302,0.025139238725416884,0.0015692143390656833,0.039954786666665895,0.00033488605164408875,0.0,0.0,0.0,0.0
ripe,0.7,equal,OptiMix GPR+LBA,gpr+lba,0.2,0.0,5,21.38143566692262,2.484638016470931,466.7880620466308,4.1566583168254265,309.0295432513591,0.0,2118.717260535692,53.432211184520305,6.717986474993518,0.05681057821298819,0.02201474541817437,0.0013958146158604314,0.039908666666666946,0.0002539682432148009,0.0,0.0,0.0,0.0
ripe,0.7,equal,OptiMix GPR+LBA,gpr+lba,0.4,0.0,5,24.5719479760377,2.6630626912278266,470.64130252345757,4.1640131080341005,309.0295432513591,0.0,2080.227602602611,65.44082661535354,7.027537614684002,0.040717564228193864,0.018424173127182388,0.0011861365188589954,0.03982227555555542,8.518390545393987e-05,0.0,0.0,0.0,0.0
ripe,0.7,equal,OptiMix GPR+LBA,gpr+lba,0.6,0.0,5,30.74790949961594,3.0771496815709116,475.05227179346383,4.005564849524475,323.59365692962825,0.0,2023.3592756872326,51.02736553594849,7.326860590438559,0.02574649410848501,0.014135817290487707,0.000759688856983683,0.03980379999999943,0.00015103000891710408,0.0,0.0,0.0,0.0
ripe,0.7,equal,OptiMix GPR+LBA,gpr+lba,0.8,0.0,5,47.61498152577013,4.130778281084927,492.83550520387655,3.9682888906868996,338.84415613920254,0.0,1932.2931071390099,48.730755771036634,7.571330892734873,0.012964362142234492,0.008912121460162705,0.0004797377030082889,0.039884626666667033,0.00012171051798183808,0.0,0.0,0.0,0.0
ripe,0.7,equal,OptiMix GWR (no LBA),gwr,0.0,0.0,5,2.4752349055911234,1.4428009396530295,45619.58316354529,3026.9731117308193,61659.50018614823,1.0100648451763094e-11,64565.42290346556,0.0,2.2907957229098646,0.36927446077209575,0.13740344960894074,0.00692399837559208,27.82527825333333,9.17116064861898,0.0915,0.021684729483043685,0.0,0.0
ripe,0.7,equal,OptiMix GWR (no LBA),gwr,0.2,0.0,5,2.723758153214253,1.4799174803976023,43883.34654735471,3123.412145700463,61659.50018614823,1.0100648451763094e-11,64565.42290346556,0.0,2.8614187298210583,0.4463448179584853,0.12853710398166504,0.008997159836829487,24.48908861333333,8.683792059476703,0.087,0.02016509735954243,0.0,0.0
ripe,0.7,equal,OptiMix GWR (no LBA),gwr,0.4,0.0,5,3.2851407875398153,1.638614567143656,41588.91702098753,3694.320097140811,49939.44638887406,19926.651720405072,64565.42290346556,0.0,3.543564507771567,0.5260398400712449,0.11592259291288869,0.010295472528853109,20.862438653333328,7.380699012282472,0.08549999999999999,0.021213021785440416,0.0,0.0
ripe,0.7,equal,OptiMix GWR (no LBA),gwr,0.6,0.0,5,4.800271691949081,2.13778325809695,38322.05655585901,3879.372485167221,43496.85494310622,20600.209522574183,64565.42290346556,0.0,4.4273041795474235,0.6049501496593181,0.09789551730168262,0.01065279718204683,16.319582626666673,5.272641999785586,0.0885,0.019210713035614103,0.0,0.0
ripe,0.7,equal,OptiMix GWR (no LBA),gwr,0.8,0.0,5,11.042159441544076,3.8836419073549635,32347.239190234388,3157.193626884202,30902.95432513592,0.0,63984.2383600021,1613.626980915757,5.7031411784710695,0.6247209610455099,0.06790459230572032,0.009151181689848326,9.868212008888898,2.8460267063022218,0.10500000000000001,0.02887035681322391,0.0,0.0
ripe,0.7,equal,OptiMix GWR+LBA,gwr+lba,0.0,0.0,5,14.732190867506517,2.1890159761466097,485.86047192266415,19.363115843631288,300.68437090052674,9.459077342032096,2388.4208554659663,75.13612207216765,3.340314414604131,0.0810914138076698,0.06449065401836918,0.0016604623759000799,0.04368955999999957,0.0026401702808077137,0.0,0.0,0.0,0.0
ripe,0.7,equal,OptiMix GWR+LBA,gwr+lba,0.2,0.0,5,15.353037387466577,2.2706411915588913,474.4224237698294,10.84294340860762,297.9026467835826,7.723304308500129,2302.0257446192895,71.75443952132198,3.861985525328528,0.09157028870526197,0.05708747800122342,0.001758717525987364,0.04187857777777735,0.0013738360207594118,0.0,0.0,0.0,0.0
ripe,0.7,equal,OptiMix GWR+LBA,gwr+lba,0.4,0.0,5,16.27932808607201,2.325515893443156,467.3600098805596,6.4392599725961075,300.68437090052674,9.459077342032096,2238.72113856834,0.0,4.532501586304558,0.11367660311165871,0.04846843485420468,0.0016167837052265142,0.04069169333333309,0.0007412494910617306,0.0,0.0,0.0,0.0
ripe,0.7,equal,OptiMix GWR+LBA,gwr+lba,0.6,0.0,5,18.062236388513988,2.2931807683385412,464.4706510612665,4.986066518106078,306.24781913441495,7.723304308500129,2238.72113856834,0.0,5.454261887096768,0.11822508999639461,0.03881186644178973,0.001490131709274116,0.04009394666666677,0.00028525463759723334,0.0,0.0,0.0,0.0
ripe,0.7,equal,OptiMix GWR+LBA,gwr+lba,0.8,0.0,5,26.737002029955512,2.5158148869948573,472.2177388099396,3.121954180415128,314.85518872266675,9.90486992306315,2158.113899315454,55.95039371679558,6.762978542681838,0.06859686589488954,0.025943551574390832,0.0010973196523315631,0.03985835111111102,0.00012146437089328744,0.0,0.0,0.0,0.0
ripe,0.7,equal,OptiMix GWR+LBA+CRG(θ=.05),gwr+lba+crg,0.0,0.0,5,105.45519439945788,1.2245937615981424,568.5424235202393,4.732688951266814,415.0599742031048,13.05716152060257,2198.4175189418975,68.52495775698559,7.6328374935474015,0.00051747845842303,0.007162014063028696,7.177227142525661e-05,0.04200620888888897,0.0003145155502238122,0.0,0.0,0.0,0.0
ripe,0.7,equal,OptiMix GWR+LBA+CRG(θ=.05),gwr+lba+crg,0.2,0.0,5,103.95572988745262,1.215645608238505,573.1282726948633,4.588787553370248,415.0599742031048,13.05716152060257,2238.72113856834,0.0,7.631785047713412,0.0005405760279873819,0.007114338859402608,7.872892391961664e-05,0.042649968888888744,0.0002169121370918687,0.0,0.0,0.0,0.0
ripe,0.7,equal,OptiMix GWR+LBA+CRG(θ=.05),gwr+lba+crg,0.4,0.0,5,101.88888701567431,1.1689806446699424,578.1870791354561,6.178183162029712,411.22012600360875,10.661127738193064,2238.72113856834,0.0,7.630553456937079,0.0008635458535135091,0.007056249106166278,7.662321895051858e-05,0.04354912000000048,0.00043237639464563366,0.0,0.0,0.0,0.0
ripe,0.7,equal,OptiMix GWR+LBA+CRG(θ=.05),gwr+lba+crg,0.6,0.0,5,98.69677890531365,1.294567424208903,588.4519662461519,7.862962625137124,411.22012600360875,10.661127738193064,2302.0257446192895,71.75443952132198,7.629403594189722,0.0010489401644565865,0.006972454369881341,7.564210669615138e-05,0.045162471111111734,0.0008306120441485214,0.0,0.0,0.0,0.0
ripe,0.7,equal,OptiMix GWR+LBA+CRG(θ=.05),gwr+lba+crg,0.8,0.0,5,93.81834080790898,1.2987163653600715,605.6729102453185,7.184461678219191,411.22012600360875,10.661127738193064,2344.228815319923,0.0,7.63012318916748,0.0011119124148410015,0.006510640260326102,4.190154180159838e-05,0.04845924444444418,0.0010791047422233943,0.0,0.0,0.0,0.0
ripe,0.7,equal,OptiMix SSR+LBA,ssr+lba,0.0,0.0,5,59.05549766368999,2.803964362249154,502.25767998449174,3.4683027718898507,354.8133892335755,0.0,2060.9827736360703,53.432211184520305,7.431215093360704,0.0232049641585227,0.015463297820494234,0.0004728642445646299,0.03962432000000038,0.0001410845724058659,0.0,0.0,0.0,0.0
ripe,0.7,equal,OptiMix SSR+LBA,ssr+lba,0.2,0.0,5,73.11320323457198,2.354050745694901,519.3130389814894,3.5161360814178404,371.5352290971726,0.0,2023.3592756872326,51.02736553594849,7.578531795362214,0.007926538712710995,0.010381246578966436,0.00020271180197344458,0.0399344311111113,0.00015154091288787982,0.0,0.0,0.0,0.0
ripe,0.7,equal,OptiMix SSR+LBA,ssr+lba,0.4,0.0,5,89.3591063313389,1.6826106147257516,533.1511436980386,3.1106532602680357,389.0451449942807,0.0,1949.8445997580457,0.0,7.634411806943577,0.0009489035294436242,0.0066790272274480315,8.887203776961697e-05,0.03971975999999992,0.00019898874868314208,0.0,0.0,0.0,0.0
ripe,0.7,equal,OptiMix SSR+LBA,ssr+lba,0.6,0.0,5,104.04900026602768,1.2687311227064053,549.7703448333841,2.891721893820891,407.38027780411284,0.0,1949.8445997580457,0.0,7.643361430556726,8.936523054051014e-05,0.004662898695801695,6.811055002766996e-05,0.03986586666666616,0.0003433841641333492,0.0,0.0,0.0,0.0
ripe,0.7,equal,OptiMix SSR+LBA,ssr+lba,0.8,0.0,5,114.96073511842955,1.436423282919583,559.4884928891264,3.9075202767179746,426.57951880159254,0.0,1949.8445997580457,0.0,7.643846831047516,4.5637984308565695e-06,0.0037844449019629454,3.346702829843809e-05,0.03978376444444418,0.00016824325223314848,0.0,0.0,0.0,0.0
ripe,0.7,equal,ours (θ_loc tilt),regretor,0.0,0.0,5,122.74293273188967,1.731636205887152,634.8619462542354,4.0623609440369,446.68359215096297,7.891131602939917e-14,2454.708915685031,0.0,7.643629365947939,2.9223934052838247e-05,0.0037385389996840517,5.749297489083724e-06,0.059218721421556,0.00023283811872336336,0.0,0.0,32.30759444444445,0.006464598419482581
ripe,0.7,equal,ours (θ_loc tilt),regretor,0.0,0.5,5,106.94322057215985,1.6855469216191405,616.7924585944377,5.3189728777274246,426.57951880159254,0.0,2366.3248353929444,61.34838677609312,7.643487754956018,7.887421580243678e-05,0.004163583363426581,0.00011073776545877828,0.059344162168221935,0.00012651200957064615,0.0,0.0,33.078179166666665,0.058892344365099415
ripe,0.7,equal,ours (θ_loc tilt),regretor,0.0,1.0,5,88.55342766861796,1.713048121062209,612.5688963600176,6.7455594242661645,407.38027780411284,0.0,2366.3248353929444,61.34838677609312,7.641284246042369,0.0008506126642527248,0.00490456894951999,0.00024731156639715303,0.060182760356444695,0.00037284225874416245,0.0,0.0,35.24473194444444,0.14417463539346617
ripe,0.7,equal,ours (θ_loc tilt),regretor,0.0,2.0,5,62.34433211849203,1.6875847965565403,1192.996978827913,262.8684004527785,375.03721227659423,9.723064056990163,26013.671918178046,13574.824206727872,7.6194894203700985,0.0049232805304200026,0.006573480737414121,0.0003138790139874741,0.07002505307733338,0.0028757265118981943,0.005,0.002194972582712707,38.842959722222226,0.23416944424520772
ripe,0.7,equal,ours (θ_loc tilt),regretor,0.0,3.0,5,52.98358529441879,1.5281529530199072,1660.2855731310308,476.30922583686197,371.5352290971726,0.0,30902.95432513592,0.0,7.59440593866502,0.009782296935116895,0.007823732640332665,0.0002430930510749031,0.08494703948111137,0.008632767250824366,0.0075000000000000015,0.003801804034479088,40.154466666666664,0.3028055946070695
ripe,0.7,equal,ours (θ_loc tilt),regretor,0.0,4.0,5,51.545021938392665,1.6300720854986281,1756.4536265815932,511.68065454227536,368.19086112445314,9.285454087837099,30902.95432513592,0.0,7.5897512091259305,0.010960099182766797,0.007974689910851467,0.0003765134188356154,0.08934071296177767,0.009469172912969568,0.0075000000000000015,0.003801804034479088,40.3561125,0.33046514334578747
ripe,0.7,equal,uniform (Nym default),uniform,1.0,0.0,5,122.75182679274565,1.7456037936958995,568.6752365404074,3.441050476417872,426.57951880159254,0.0,1986.6019377226391,62.49550424077684,7.643856189774725,1.232989312959362e-15,0.003374999999999936,0.0,0.03984991999999905,0.00035579335912899713,0.0,0.0,0.0,0.0
ripe,0.7,omega,LAMP-SC,lamp,0.2,0.0,5,18.279241120432438,21.522244679762974,58370.12082756088,3051.9833652852426,61659.50018614823,1.0100648451763094e-11,93325.43007969914,0.0,1.7552786880648619,1.4444155863094321,0.1406091872068372,0.013104065594928521,54.084720786591255,21.77089956996212,0.13999999999999999,0.04135645229943538,0.0,0.0
ripe,0.7,omega,LAMP-SC,lamp,0.4,0.0,5,18.796430324963886,21.14875294071598,56213.57286572461,3478.59608339654,61659.50018614823,1.0100648451763094e-11,93325.43007969914,0.0,2.6830524058938865,1.7589669244733728,0.1295942441812955,0.019857285864415136,45.49990126479494,22.18171133470026,0.138,0.04269771791729401,0.0,0.0
ripe,0.7,omega,LAMP-SC,lamp,0.6,0.0,5,22.656206335462414,19.1657500221672,49476.71172783562,2957.620377662865,61104.47325603035,1541.001803378703,93325.43007969914,0.0,4.332810600767397,1.7749972053873446,0.09497372626184149,0.02301721089987924,29.692449267141388,15.81548626541524,0.14400000000000002,0.05941041102727025,0.0,0.0
ripe,0.7,omega,LAMP-SC,lamp,0.8,0.0,5,37.408563877836265,10.860299724750057,40175.65826867989,1032.3561096454096,31194.236598701296,808.729242671479,93325.43007969914,0.0,6.0347744103615035,0.6652411449077811,0.04347007681822988,0.011129967609690325,9.134770672427159,4.183805454427392,0.209,0.03347603051436879,0.0,0.0
ripe,0.7,omega,LARMix,larmix,0.2,0.0,5,21.811109981323263,3.3229402107690875,26140.837277082584,1211.4542188636592,30902.95432513592,0.0,93325.43007969914,0.0,3.8188661811352964,0.13971778047047065,0.05669629949440132,0.0027454905536944013,0.26509552637720823,0.007171172533716069,0.28200000000000003,0.016189317847087017,0.0,0.0
ripe,0.7,omega,LARMix,larmix,0.4,0.0,5,22.65307835525579,2.7380809792696823,26109.955831230014,1238.5943694573234,30902.95432513592,0.0,93325.43007969914,0.0,4.973520275070624,0.13656103328067273,0.04427328991310683,0.0017645574498689521,0.2657800401980885,0.007126663010438657,0.2835,0.017086983967773403,0.0,0.0
ripe,0.7,omega,LARMix,larmix,0.6,0.0,5,29.93535649380259,3.4893758976915485,26158.24951950064,1186.8655607754747,30902.95432513592,0.0,93325.43007969914,0.0,6.624579325469169,0.088203595304908,0.027230147958711686,0.0012783691743519288,0.2657778851362969,0.00664597919865334,0.2835,0.01432629532068415,0.0,0.0
ripe,0.7,omega,LARMix,larmix,0.8,0.0,5,89.00453381403042,1.9265034564064694,26206.052021407555,1184.3375446146758,30902.95432513592,0.0,93325.43007969914,0.0,7.634097515147486,0.001323725563274886,0.006783646670154628,0.00013650820213551777,0.26647006645389476,0.0073122747498157925,0.28300000000000003,0.014625832146083362,0.0,0.0
ripe,0.7,omega,LARMix,larmix,1.0,0.0,5,122.75182679274565,1.7456037936958995,26262.71779571042,1127.383660844262,30902.95432513592,0.0,93325.43007969914,0.0,7.643856189774725,1.232989312959362e-15,0.003374999999999936,0.0,0.266110927563734,0.007346983776806786,0.282,0.010153972585722992,0.0,0.0
ripe,0.7,omega,OptiMix GPR+LBA,gpr+lba,0.0,0.0,5,19.47407955709006,2.401292610062629,26197.109791237657,1185.108902858906,30902.95432513592,0.0,93325.43007969914,0.0,6.427164764213043,0.0685629260732302,0.025139238725416884,0.0015692143390656833,0.26634951912990773,0.007836263363390227,0.28300000000000003,0.013951463988053846,0.0,0.0
ripe,0.7,omega,OptiMix GPR+LBA,gpr+lba,0.2,0.0,5,21.381435666922616,2.484638016470931,26171.840028862243,1188.508714947184,30902.95432513592,0.0,93325.43007969914,0.0,6.717986474993518,0.05681057821298819,0.02201474541817437,0.0013958146158604317,0.2660263484190503,0.007785037321865075,0.282,0.01305962573030563,0.0,0.0
ripe,0.7,omega,OptiMix GPR+LBA,gpr+lba,0.4,0.0,5,24.5719479760377,2.6630626912278266,26140.55281059261,1167.3078461656492,30902.95432513592,0.0,93325.43007969914,0.0,7.027537614684002,0.040717564228193864,0.018424173127182388,0.0011861365188589954,0.2658824319727776,0.00758087971783566,0.2825,0.012221090123416762,0.0,0.0
ripe,0.7,omega,OptiMix GPR+LBA,gpr+lba,0.6,0.0,5,30.747909499615936,3.0771496815709107,26127.84702851592,1230.9212897666016,30902.95432513592,0.0,93325.43007969914,0.0,7.326860590438559,0.02574649410848501,0.014135817290487707,0.000759688856983683,0.26563090523543764,0.007441645437723997,0.28250000000000003,0.012985632921044578,0.0,0.0
ripe,0.7,omega,OptiMix GPR+LBA,gpr+lba,0.8,0.0,5,47.61498152577013,4.130778281084927,26195.350332827064,1150.3541920371003,30902.95432513592,0.0,93325.43007969914,0.0,7.571330892734873,0.012964362142234492,0.008912121460162705,0.0004797377030082889,0.26562566332290655,0.008098103617369788,0.282,0.012102243635845316,0.0,0.0
ripe,0.7,omega,OptiMix GWR (no LBA),gwr,0.0,0.0,5,2.4752349055911234,1.4428009396530295,55282.469267154505,2891.070746035962,61659.50018614823,1.0100648451763094e-11,93325.43007969914,0.0,2.2907957229098646,0.3692744607720957,0.13740344960894074,0.00692399837559208,34.86369790309242,18.448804662089834,0.12450000000000001,0.020402621419747666,0.0,0.0
ripe,0.7,omega,OptiMix GWR (no LBA),gwr,0.2,0.0,5,2.723758153214253,1.4799174803976023,53751.3456255362,2710.9944831021253,61659.50018614823,1.0100648451763094e-11,93325.43007969914,0.0,2.8614187298210583,0.4463448179584853,0.12853710398166504,0.008997159836829487,30.122078225514304,14.718344298513015,0.12350000000000001,0.027291904608653314,0.0,0.0
ripe,0.7,omega,OptiMix GWR (no LBA),gwr,0.4,0.0,5,3.2851407875398158,1.638614567143656,51642.051675819115,2445.5949136650374,61659.50018614823,1.0100648451763094e-11,93325.43007969914,0.0,3.543564507771567,0.5260398400712448,0.11592259291288869,0.010295472528853109,25.30033476113855,11.00626925662336,0.12149999999999998,0.037610328394863016,0.0,0.0
ripe,0.7,omega,OptiMix GWR (no LBA),gwr,0.6,0.0,5,4.800271691949081,2.13778325809695,48837.96375047588,1810.5856293081526,61659.50018614823,1.0100648451763094e-11,93325.43007969914,0.0,4.427304179547424,0.6049501496593181,0.09789551730168262,0.01065279718204683,19.637280694412482,7.173897282845388,0.1345,0.04704620485323454,0.0,0.0
ripe,0.7,omega,OptiMix GWR (no LBA),gwr,0.8,0.0,5,11.042159441544076,3.8836419073549635,43914.610047405724,1088.2236207460467,37074.12486446798,9994.246945897237,93325.43007969914,0.0,5.7031411784710695,0.6247209610455099,0.06790459230572032,0.009151181689848327,11.883710752119637,3.305273505504775,0.17149999999999999,0.04881532171747307,0.0,0.0
ripe,0.7,omega,OptiMix GWR+LBA,gwr+lba,0.0,0.0,5,14.732190867506517,2.1890159761466097,26248.92639100274,1407.0943827959184,30902.95432513592,0.0,92485.36282643423,2332.4006133643143,3.340314414604131,0.0810914138076698,0.06449065401836918,0.0016604623759000799,0.27011227346249184,0.012622583855396665,0.28250000000000003,0.019632431614775556,0.0,0.0
ripe,0.7,omega,OptiMix GWR+LBA,gwr+lba,0.2,0.0,5,15.353037387466577,2.2706411915588904,26232.330706543802,1453.7412475871135,30902.95432513592,0.0,92485.36282643423,2332.4006133643143,3.861985525328529,0.09157028870526197,0.05708747800122342,0.001758717525987364,0.2680259376310672,0.010945828234174037,0.2835,0.020777012673671342,0.0,0.0
ripe,0.7,omega,OptiMix GWR+LBA,gwr+lba,0.4,0.0,5,16.27932808607201,2.325515893443156,26211.736289627752,1443.0656119929724,30902.95432513592,0.0,92485.36282643423,2332.4006133643143,4.532501586304558,0.11367660311165871,0.04846843485420467,0.0016167837052265144,0.2672062791228618,0.009388899714342917,0.2835,0.01736665858455985,0.0,0.0
ripe,0.7,omega,OptiMix GWR+LBA,gwr+lba,0.6,0.0,5,18.062236388513984,2.2931807683385412,26168.701007383374,1362.8624394862738,30902.95432513592,0.0,93325.43007969914,0.0,5.454261887096768,0.11822508999639461,0.03881186644178973,0.001490131709274116,0.2664528262166582,0.007857558736477734,0.284,0.019335702727741072,0.0,0.0
ripe,0.7,omega,OptiMix GWR+LBA,gwr+lba,0.8,0.0,5,26.737002029955512,2.5158148869948573,26125.995609245198,1201.64888744865,30902.95432513592,0.0,93325.43007969914,0.0,6.762978542681838,0.06859686589488954,0.025943551574390832,0.0010973196523315634,0.2658434067955423,0.006721155604688352,0.2845,0.013777715440924992,0.0,0.0
ripe,0.7,omega,OptiMix GWR+LBA+CRG(θ=.05),gwr+lba+crg,0.0,0.0,5,105.45519439945788,1.2245937615981424,26030.135335255927,1078.8229749386824,30902.95432513592,0.0,93325.43007969914,0.0,7.6328374935474015,0.00051747845842303,0.007162014063028696,7.177227142525661e-05,0.26913833949323557,0.00652572721135096,0.27249999999999996,0.015979641606106366,0.0,0.0
ripe,0.7,omega,OptiMix GWR+LBA+CRG(θ=.05),gwr+lba+crg,0.2,0.0,5,103.95572988745262,1.215645608238505,26118.129330465432,1094.229126295438,30902.95432513592,0.0,93325.43007969914,0.0,7.631785047713412,0.0005405760279873819,0.007114338859402608,7.872892391961664e-05,0.269590769544973,0.0077838109581621386,0.275,0.016278352347130425,0.0,0.0
ripe,0.7,omega,OptiMix GWR+LBA+CRG(θ=.05),gwr+lba+crg,0.4,0.0,5,101.8888870156743,1.1689806446699424,26118.700182098743,1092.848027505063,30902.95432513592,0.0,93325.43007969914,0.0,7.630553456937079,0.0008635458535135091,0.007056249106166278,7.662321895051858e-05,0.27091364539611845,0.007806933199413023,0.27549999999999997,0.013951463988053846,0.0,0.0
ripe,0.7,omega,OptiMix GWR+LBA+CRG(θ=.05),gwr+lba+crg,0.6,0.0,5,98.69677890531365,1.294567424208903,26009.38843444534,1058.7534828972516,30902.95432513592,0.0,93325.43007969914,0.0,7.629403594189722,0.0010489401644565865,0.006972454369881341,7.564210669615138e-05,0.2727541758329194,0.007703988567052222,0.27199999999999996,0.012299683152838492,0.0,0.0
ripe,0.7,omega,OptiMix GWR+LBA+CRG(θ=.05),gwr+lba+crg,0.8,0.0,5,93.81834080790898,1.2987163653600715,26329.632832157316,1184.8991863568278,30902.95432513592,0.0,93325.43007969914,0.0,7.63012318916748,0.0011119124148410015,0.006510640260326102,4.190154180159838e-05,0.2788336069893572,0.006513915200145221,0.28,0.014393397773666945,0.0,0.0
ripe,0.7,omega,OptiMix SSR+LBA,ssr+lba,0.0,0.0,5,59.05549766368999,2.803964362249154,26173.000342514537,1138.7540049421816,30902.95432513592,0.0,93325.43007969914,0.0,7.431215093360704,0.0232049641585227,0.015463297820494234,0.0004728642445646299,0.2656525896016494,0.006734142175826454,0.28150000000000003,0.013985954680955297,0.0,0.0
ripe,0.7,omega,OptiMix SSR+LBA,ssr+lba,0.2,0.0,5,73.11320323457198,2.354050745694901,26180.60729858542,1163.2574406298627,30902.95432513592,0.0,93325.43007969914,0.0,7.578531795362214,0.007926538712710993,0.010381246578966436,0.00020271180197344458,0.2660806250012142,0.006647933065669348,0.281,0.010201310709873812,0.0,0.0
ripe,0.7,omega,OptiMix SSR+LBA,ssr+lba,0.4,0.0,5,89.3591063313389,1.6826106147257516,26169.256531790463,1179.6355385251015,30902.95432513592,0.0,93325.43007969914,0.0,7.634411806943577,0.0009489035294436242,0.0066790272274480315,8.887203776961697e-05,0.2657579374790812,0.007149467649666618,0.282,0.015111872150133708,0.0,0.0
ripe,0.7,omega,OptiMix SSR+LBA,ssr+lba,0.6,0.0,5,104.04900026602768,1.2687311227064053,26220.80927027792,1155.103212233255,30902.95432513592,0.0,93325.43007969914,0.0,7.643361430556726,8.936523054051014e-05,0.004662898695801694,6.811055002766996e-05,0.2657020921992024,0.007383806027423417,0.281,0.012723269857458499,0.0,0.0
ripe,0.7,omega,OptiMix SSR+LBA,ssr+lba,0.8,0.0,5,114.96073511842955,1.436423282919583,26207.620557048533,1170.3133665664623,30902.95432513592,0.0,93325.43007969914,0.0,7.643846831047516,4.5637984308565695e-06,0.0037844449019629454,3.346702829843809e-05,0.26541164343608814,0.00680390536156733,0.2815,0.014658736196997932,0.0,0.0
ripe,0.7,omega,ours (θ_loc tilt),regretor,0.0,0.0,5,123.0100703121113,2.6342534595264957,9094.992438796007,510.66962569900363,612.3531680656329,58.16313814565123,32359.365692962812,0.0,7.5280656335677945,0.008612942857111285,0.008439877582362731,0.0004609884215743512,0.060498106414395146,0.00023780522270293612,0.0,0.0,33.725002777777775,0.07442171054819749
ripe,0.7,omega,ours (θ_loc tilt),regretor,0.0,0.5,5,106.38091416009183,2.3748370401234147,9631.376611718926,499.89538627957256,631.1840409339605,88.03885145522115,36228.34416826531,3552.28877791452,7.537982716372435,0.007895360724704325,0.008370925458682487,0.0003780494817570531,0.0637257595564106,0.0012145375430429447,0.015000000000000003,0.011820289105049599,34.40311111111111,0.09412930074055119
ripe,0.7,omega,ours (θ_loc tilt),regretor,0.0,1.0,5,87.70591699177496,1.6692663702673118,10690.660490036986,686.9062553961901,819.4999462198659,272.5572776033918,58428.1356127831,4311.562616339122,7.546398873666066,0.008238603616940704,0.008586544076704273,0.00033022122258117914,0.07256528135199818,0.0037226328882132022,0.04,0.010526718704980738,36.30429027777778,0.17028048913653962
ripe,0.7,omega,ours (θ_loc tilt),regretor,0.0,2.0,5,62.281293090521466,1.6274313318045193,11765.903051645531,933.6057967109456,1126.3260865283125,294.6360592909189,61104.47325603035,1541.001803378703,7.531804705851644,0.010511125066261694,0.009673201334571998,0.00031872440608699036,0.09348582110638279,0.0132577981502066,0.058499999999999996,0.013096465368313447,39.60563472222223,0.22918203547946994
ripe,0.7,omega,ours (θ_loc tilt),regretor,0.0,3.0,5,52.911902312444795,1.8267699960813886,12237.819651464311,860.6584455874311,1132.4770649100888,271.5133031813627,61659.50018614823,1.0100648451763094e-11,7.507830504472662,0.012904797966917849,0.010682475460195897,0.0002359114982180531,0.11273325391390161,0.02244750440657889,0.0595,0.01633743911979081,40.90125694444444,0.29776353219248375
ripe,0.7,omega,ours (θ_loc tilt),regretor,0.0,4.0,5,51.444051664629605,1.9525576132170404,12423.643012628545,826.467912638439,1139.4644399756432,252.11323988242202,61659.50018614823,1.0100648451763094e-11,7.5044623697732975,0.013613837849842388,0.01075223420039019,0.00020530615100381434,0.11983137262575387,0.02429122624477004,0.058499999999999996,0.015458592112074124,41.08864444444444,0.3182686894296802
ripe,0.7,omega,uniform (Nym default),uniform,1.0,0.0,5,122.75182679274565,1.7456037936958995,26262.717795710418,1127.3836608442618,30902.95432513592,0.0,93325.43007969914,0.0,7.643856189774725,1.232989312959362e-15,0.003374999999999936,0.0,0.266110927563734,0.007346983776806786,0.282,0.010153972585722992,0.0,0.0
