env,eta_scale,w,seed,excess
static,0.25,3,1000,0.06016989675273882
static,0.25,3,1001,0.060293573366990455
static,0.25,3,1002,0.05967160451052961
static,0.25,6,1000,0.04653452503229667
static,0.25,6,1001,0.0465833651358618
static,0.25,6,1002,0.04613675887099819
static,0.25,12,1000,0.04465299121888775
static,0.25,12,1001,0.04482374321030967
static,0.25,12,1002,0.04432088114607798
static,0.5,3,1000,0.05442052794973032
static,0.5,3,1001,0.05474366030621789
static,0.5,3,1002,0.054147810929437476
static,0.5,6,1000,0.03860714848962395
static,0.5,6,1001,0.03930331273047859
static,0.5,6,1002,0.03823001334036437
static,0.5,12,1000,0.033334783636232435
static,0.5,12,1001,0.033667885278392304
static,0.5,12,1002,0.03301927887768028
static,1.0,3,1000,0.05233914543927683
static,1.0,3,1001,0.05293331315843246
static,1.0,3,1002,0.05210063180263542
static,1.0,6,1000,0.03593104058346173
static,1.0,6,1001,0.03666372815027515
static,1.0,6,1002,0.035645153810131364
static,1.0,12,1000,0.0287981645571183
static,1.0,12,1001,0.029763369818122498
static,1.0,12,1002,0.028609544070249737
static,2.0,3,1000,0.051971016403288696
static,2.0,3,1001,0.052612008385919125
static,2.0,3,1002,0.051680684672729696
static,2.0,6,1000,0.03528078874895936
static,2.0,6,1001,0.03609413295441022
static,2.0,6,1002,0.03491950742070015
static,2.0,12,1000,0.027611910623611614
static,2.0,12,1001,0.028577057240881196
static,2.0,12,1002,0.027407225230777807
static,4.0,3,1000,0.05236080804045699
static,4.0,3,1001,0.053083480741191034
static,4.0,3,1002,0.05212264588912125
static,4.0,6,1000,0.03563478434772946
static,4.0,6,1001,0.0364109108160537
static,4.0,6,1002,0.035302265974787736
static,4.0,12,1000,0.027773641462856775
static,4.0,12,1001,0.028938766741541472
static,4.0,12,1002,0.027541054004780213
switch_10min,0.25,3,1000,0.32415998401499074
switch_10min,0.25,3,1001,0.349008502820319
switch_10min,0.25,3,1002,0.335665040215574
switch_10min,0.25,6,1000,0.33505922074524563
switch_10min,0.25,6,1001,0.3491561562341892
switch_10min,0.25,6,1002,0.3430959594816697
switch_10min,0.25,12,1000,0.3595735256187697
switch_10min,0.25,12,1001,0.37765525020497065
switch_10min,0.25,12,1002,0.3723390931052593
switch_10min,0.5,3,1000,0.2868811296493858
switch_10min,0.5,3,1001,0.31572638897326716
switch_10min,0.5,3,1002,0.30320065062876794
switch_10min,0.5,6,1000,0.2854880271740148
switch_10min,0.5,6,1001,0.3085441568781898
switch_10min,0.5,6,1002,0.29919242155222275
switch_10min,0.5,12,1000,0.30263976644533097
switch_10min,0.5,12,1001,0.32583813309727117
switch_10min,0.5,12,1002,0.31049146559637
switch_10min,1.0,3,1000,0.2710084326207191
switch_10min,1.0,3,1001,0.2967456205080184
switch_10min,1.0,3,1002,0.2864071381524914
switch_10min,1.0,6,1000,0.26009471439368176
switch_10min,1.0,6,1001,0.2881044290738329
switch_10min,1.0,6,1002,0.28233141739438594
switch_10min,1.0,12,1000,0.2715537882376391
switch_10min,1.0,12,1001,0.29802891396665615
switch_10min,1.0,12,1002,0.2879114281748615
switch_10min,2.0,3,1000,0.25759729385128205
switch_10min,2.0,3,1001,0.2805154405118952
switch_10min,2.0,3,1002,0.28432648990544046
switch_10min,2.0,6,1000,0.25229052608597785
switch_10min,2.0,6,1001,0.27620694322078765
switch_10min,2.0,6,1002,0.2696590690482969
switch_10min,2.0,12,1000,0.2518644666428322
switch_10min,2.0,12,1001,0.2770160116015096
switch_10min,2.0,12,1002,0.272430729294943
switch_10min,4.0,3,1000,0.25570607172610466
switch_10min,4.0,3,1001,0.2753877974111457
switch_10min,4.0,3,1002,0.27610214707797537
switch_10min,4.0,6,1000,0.24675361864232803
switch_10min,4.0,6,1001,0.26340533461217003
switch_10min,4.0,6,1002,0.26171964024795735
switch_10min,4.0,12,1000,0.24475088089560992
switch_10min,4.0,12,1001,0.26933641697151295
switch_10min,4.0,12,1002,0.2662458536459619
