metric,vanilla_mean,vanilla_sd,regretor_mean,regretor_sd,paired_diff_mean(regretor-vanilla),paired_diff_min,paired_diff_max,rel_diff_mean,n_seeds
n_transfers,1000,0,1000,0,+0,+0,+0,+0.000,3
error_rate,0.00033333,0.000577,0,0,-0.0003333,-0.001,+0,-1.000,3
ttfb_50KiB_p50,0.42493,0.00822,0.46541,0.0107,+0.04048,+0.03318,+0.04496,+0.095,3
ttfb_50KiB_p90,0.67251,0.0497,0.68092,0.0107,+0.008407,-0.01953,+0.05544,+0.016,3
ttfb_50KiB_p99,1.131,0.251,0.92029,0.0795,-0.2107,-0.386,-0.04355,-0.170,3
ttlb_50KiB_p50,0.95779,0.0175,1.0244,0.0322,+0.06665,+0.02257,+0.09465,+0.070,3
ttlb_50KiB_p90,1.6703,0.0842,1.6682,0.0203,-0.002171,-0.07033,+0.06754,+0.000,3
ttlb_50KiB_p99,2.6103,0.911,2.1325,0.0963,-0.4778,-1.524,+0.2622,-0.121,3
ttfb_1MiB_p50,0.43054,0.0151,0.46717,0.00869,+0.03663,+0.01815,+0.05994,+0.086,3
ttfb_1MiB_p90,0.64916,0.0455,0.69148,0.026,+0.04233,+0.0228,+0.0674,+0.067,3
ttfb_1MiB_p99,1.0938,0.215,0.8604,0.126,-0.2334,-0.3424,-0.1404,-0.208,3
ttlb_1MiB_p50,2.3299,0.112,2.5027,0.0832,+0.1727,+0.05692,+0.2497,+0.075,3
ttlb_1MiB_p90,4.0248,0.255,3.6786,0.187,-0.3463,-0.4201,-0.2773,-0.086,3
ttlb_1MiB_p99,11.553,7.51,5.5644,1.32,-5.988,-15.98,-0.8174,-0.357,3
ttfb_5MiB_p50,0.40832,0.00923,0.46347,0.0191,+0.05515,+0.04122,+0.07057,+0.135,3
ttfb_5MiB_p90,0.68435,0.0347,0.63755,0.0405,-0.0468,-0.0928,+0.02972,-0.066,3
ttfb_5MiB_p99,1.1177,0.134,0.76844,0.0439,-0.3493,-0.4413,-0.2439,-0.308,3
ttlb_5MiB_p50,4.3345,0.239,4.9172,0.334,+0.5827,-0.07221,+0.978,+0.139,3
ttlb_5MiB_p90,12.929,1.53,8.7054,0.422,-4.223,-4.948,-2.857,-0.322,3
ttlb_5MiB_p99,47.681,38.3,13.765,4.04,-33.92,-79.12,-11.21,-0.589,3
goodput_Mbps_p50,10.085,0.416,9.2014,0.155,-0.8834,-1.49,-0.3573,-0.086,3
goodput_Mbps_mean,11.068,0.33,10.249,0.293,-0.8195,-1.535,-0.4121,-0.073,3
util_capw_mean,0.57434,0.00859,0.6147,0.00671,+0.04036,+0.03079,+0.0562,+0.071,3
util_capw_std,0.27002,0.00399,0.2242,0.0232,-0.04582,-0.06657,-0.02736,-0.170,3
util_mean,0.43246,0.0288,0.50623,0.029,+0.07377,+0.04386,+0.1174,+0.174,3
frac_relays_util_gt_0.9,0.050725,0.0126,0.07971,0.0126,+0.02899,+0,+0.04348,+0.667,3
padding_pct_of_cells,0.0047182,0.000158,0.004098,5.85e-05,-0.0006202,-0.0007291,-0.0005305,-0.131,3
list_downloads,0,0,11339,1.15,+1.134e+04,+1.134e+04,+1.134e+04,+nan,3
ref_downloads,1587.7,16.3,12916,15.9,+1.133e+04,+1.133e+04,+1.133e+04,+7.136,3
util_downloads,1389.3,12.7,1389.3,14.4,+0,-2,+2,-0.000,3
list_posts,1587,16.1,1586.7,16.3,-0.3333,-1,+0,-0.000,3
util_posts,1389.7,13.3,1389.7,14.2,+0,-1,+1,-0.000,3
