country,users,latitude,longitude,name,share
us,550078.5901639344,37.09024,-95.712891,United States,0.17504800279450852
de,308565.62295081967,51.165691,10.451526,Germany,0.09819287097228625
fi,207766.18032786885,61.92411,25.748151,Finland,0.06611610697991072
br,147289.67213114753,-14.235004,-51.92528,Brazil,0.0468710533364543
gb,134662.5737704918,55.378051,-3.435973,United Kingdom,0.0428528123275398
in,133639.29508196723,20.593684,78.96288,India,0.042527180874268676
fr,132330.24590163934,46.227638,2.213749,France,0.04211061049928299
nl,110883.80327868853,52.132633,5.291266,Netherlands,0.035285845792342216
es,74269.81967213115,40.463667,-3.74922,Spain,0.023634411216841514
ir,67944.19672131147,32.427908,53.688046,Iran,0.021621448553375378
ca,66156.60655737705,56.130366,-106.346771,Canada,0.02105259513205139
it,62086.45901639344,41.87194,12.56738,Italy,0.019757378028771966
id,57371.08196721312,-0.789275,113.921327,Indonesia,0.018256833652674567
ua,55295.86885245902,48.379433,31.16558,Ukraine,0.01759645181341335
tr,44921.27868852459,38.963745,35.243322,Turkey,0.014295012127373115
cz,42709.016393442624,49.817492,15.472962,Czech Republic,0.0135910180011951
au,39133.18032786885,-25.274398,133.775136,Australia,0.012453102487317859
pl,34633.7868852459,51.919438,19.145136,Poland,0.011021289197360269
mx,34271.57377049181,23.634501,-102.552784,Mexico,0.010906024427093921
ch,32550.016393442624,46.818188,8.227512,Switzerland,0.010358184198557118
jp,32390.114754098362,36.204824,138.252924,Japan,0.010307299719300365
se,29764.655737704918,60.128161,18.643501,Sweden,0.009471816634780491
kr,27780.70491803279,35.907757,127.766922,South Korea,0.008840476613852507
ar,26147.22950819672,-38.416097,-63.616672,Argentina,0.008320666148186991
sg,25791.196721311477,1.352083,103.819836,Singapore,0.008207368104256485
ph,23371.081967213115,12.879721,121.774017,Philippines,0.007437230415181567
ru,22705.868852459018,61.52401,105.318756,Russia,0.007225543886651678
vn,22029.622950819674,14.058324,108.277199,Vietnam,0.007010346464689372
th,20867.55737704918,15.870032,100.992541,Thailand,0.006640549745743889
co,20281.22950819672,4.570868,-74.297333,Colombia,0.006453966366094817
at,19231.22950819672,47.516231,14.550072,Austria,0.006119831560231063
lt,16285.967213114754,55.169438,23.881275,Lithuania,0.005182579517197684
ro,15634.04918032787,45.943161,24.96676,Romania,0.004975123797841182
ie,15470.524590163934,53.41291,-8.24389,Ireland,0.004923086410042728
pt,14295.459016393443,39.399872,-8.224454,Portugal,0.004549152783977029
kz,14088.098360655738,48.019573,66.923684,Kazakhstan,0.004483165724502078
il,13910.196721311475,31.046051,34.851612,Israel,0.004426553220001945
uz,13564.852459016394,41.377491,64.585262,Uzbekistan,0.00431665651710849
pk,13448.098360655738,30.375321,69.345116,Pakistan,0.004279502604737504
bd,13404.606557377048,23.684994,90.356331,Bangladesh,0.00426566248545637
my,12721.377049180328,4.210484,101.975766,Malaysia,0.004048242714902371
be,12641.327868852459,50.503887,4.469936,Belgium,0.004022769174589604
no,12588.377049180328,60.472024,8.468946,Norway,0.004005918972826296
iq,12425.147540983606,33.223191,43.679291,Iraq,0.003953975487081012
za,11872.819672131147,-30.559482,22.937506,South Africa,0.003778211710669433
sa,11313.098360655738,23.885942,45.079162,Saudi Arabia,0.00360009516614787
bg,11274.081967213115,42.733883,25.48583,Bulgaria,0.0035876792280064842
ug,10987.573770491803,1.373333,32.290275,Uganda,0.003496505551159008
ae,10982.672131147541,23.424076,53.847818,United Arab Emirates,0.0034949457337202375
eg,9955.77049180328,26.820553,30.802498,Egypt,0.003168161371907413
ma,9444.475409836066,31.791702,-7.09262,Morocco,0.0030054551976672157
cl,9353.27868852459,-35.675147,-71.542969,Chile,0.0029764342464569096
ve,9327.327868852459,6.42375,-66.58973,Venezuela,0.002968176082558669
hu,9251.77049180328,47.162494,19.503304,Hungary,0.0029441319401663814
tw,9202.295081967213,23.69781,120.960515,Taiwan,0.0029283876959181874
rs,8677.311475409837,44.016521,21.005859,Serbia,0.002761325509767042
pe,7295.6557377049185,-9.189967,-75.015152,Peru,0.0023216500129207797
gr,7068.360655737705,39.074208,21.824312,Greece,0.0022493193480761123
al,6710.44262295082,41.153332,20.168331,Albania,0.002135421374361462
dz,6625.688524590164,28.033886,1.659626,Algeria,0.0021084506179787047
hk,6617.131147540984,22.396428,114.109497,Hong Kong,0.0021057274584367707
dk,6573.0327868852455,56.26392,9.501785,Denmark,0.002091694318268566
tn,6152.081967213115,33.886917,9.537499,Tunisia,0.001957737822640627
ke,6079.245901639344,-0.023559,37.906193,Kenya,0.001934559665849797
sk,6037.147540983607,48.669026,19.699024,Slovakia,0.0019211629729308569
ec,5838.786885245901,-1.831239,-78.183406,Ecuador,0.0018580399260775947
md,5785.475409836065,47.411631,28.369885,Moldova,0.001841074955138189
hr,5640.639344262295,45.1,15.2,Croatia,0.0017949846973738446
ng,4624.0327868852455,9.081999,8.675277,Nigeria,0.0014714764738605112
nz,4589.508196721312,-40.900557,174.885971,New Zealand,0.0014604899336396048
ge,4495.245901639344,42.315407,43.356892,Georgia,0.001430493444432476
np,4490.5901639344265,28.394857,84.124008,Nepal,0.0014290118787046806
jo,4369.786885245901,30.585164,36.238414,Jordan,0.0013905694214929709
ee,4110.295081967213,58.595272,25.013607,Estonia,0.0013079929992912945
py,3704.934426229508,-23.442503,-58.443832,Paraguay,0.0011789976621391781
lk,3672.934426229508,7.873054,80.771797,Sri Lanka,0.0011688145061509493
lu,3579.8688524590166,49.815273,6.129583,Luxembourg,0.0011391988419372332
bo,3538.2622950819673,-16.290154,-63.588653,Bolivia,0.0011259586524402431
do,3289.311475409836,18.735693,-70.162651,Dominican Republic,0.0010467366202490335
ba,3165.2295081967213,43.915886,17.679076,Bosnia and Herzegovina,0.0010072508068909888
lb,3132.0,33.854721,35.862285,Lebanon,0.0009966763923478846
lv,3054.55737704918,56.879635,24.603189,Latvia,0.000972032320171454
et,2909.5245901639346,9.145,40.489673,Ethiopia,0.0009258794610383294
is,2859.8360655737706,64.963051,-19.020835,Iceland,0.0009100673986406238
qa,2791.3606557377047,25.354826,51.183884,Qatar,0.0008882769055244192
pa,2786.0,8.537981,-80.782127,Panama,0.0008865710182251617
am,2702.5409836065573,40.069099,45.038189,Armenia,0.0008600123875202065
si,2702.4590163934427,46.151241,14.995463,Slovenia,0.0008599863036165482
mm,2682.8032786885246,21.913965,95.956223,Myanmar [Burma],0.0008537313835192704
om,2610.9836065573772,21.512583,55.923255,Oman,0.0008308766671338043
kw,2586.9836065573772,29.31166,47.481766,Kuwait,0.0008232393001426328
cr,2530.1639344262294,9.748917,-83.753428,Costa Rica,0.0008051579381266488
sv,2368.6065573770493,13.794185,-88.89653,El Salvador,0.0007537465640159963
gt,2331.7049180327867,15.783471,-90.230759,Guatemala,0.0007420035905889967
mk,2319.3278688524592,41.608635,21.745275,Macedonia [FYROM],0.0007380649211365826
sy,2192.4590163934427,34.802075,38.996815,Syria,0.0006976922550541532
bh,2156.5737704918033,25.930414,50.637772,Bahrain,0.0006862727220325177
tz,2128.1147540983607,-6.369028,34.888822,Tanzania,0.0006772163906823307
kg,2032.0,41.20438,74.766098,Kyrgyzstan,0.0006466304052525228
cn,2010.016393442623,35.86166,104.195397,China,0.0006396347022913473
gh,1994.8032786885246,7.946527,-1.023194,Ghana,0.0006347935297723533
uy,1924.2131147540983,-32.522779,-55.765835,Uruguay,0.0006123300719417627
ao,1900.344262295082,-11.202692,17.873887,Angola,0.0006047344391964445
ps,1882.9180327868853,31.952162,35.233154,Palestinian Territories,0.0005991890012786745
kh,1872.8688524590164,12.565679,104.990963,Cambodia,0.000595991114690158
ci,1754.9180327868853,7.539989,-5.54708,Côte d'Ivoire,0.0005584563773257598
ye,1677.8852459016393,15.552727,48.516388,Yemen,0.000533942724667621
az,1617.049180327869,40.143105,47.576927,Azerbaijan,0.0005145832513723768
ga,1554.2459016393443,-0.803689,11.609444,Gabon,0.0004945977643893316
cm,1523.672131147541,7.369722,12.354722,Cameroon,0.0004848684683247586
hn,1438.655737704918,15.199999,-86.241905,Honduras,0.00045781424345029445
sn,1410.27868852459,14.497401,-14.452362,Senegal,0.00044878399600376575
cy,1391.7704918032787,35.126413,33.429859,Cyprus,0.0004428942505577052
mn,1376.8852459016393,46.862496,103.846656,Mongolia,0.00043815741365334476
ly,1323.704918032787,26.3351,17.228331,Libya,0.00042123417695979256
mu,1273.8524590163934,-20.348404,57.552152,Mauritius,0.0004053699467547702
pr,1200.2459016393443,18.220833,-66.590149,Puerto Rico,0.0003819466012695516
ni,1144.360655737705,12.865416,-85.207229,Nicaragua,0.0003641625957552731
tt,1087.8524590163934,10.691803,-61.222503,Trinidad and Tobago,0.0003461803525731909
mg,941.4098360655738,-18.766947,46.869107,Madagascar,0.00029957885029714226
rw,929.6229508196722,-1.940278,29.873888,Rwanda,0.00029582798495106827
tj,929.4918032786885,38.861034,71.276093,Tajikistan,0.0002957862507052148
cu,928.9016393442623,21.521757,-77.781167,Cuba,0.0002955984465988746
me,865.2131147540983,42.708678,19.37439,Montenegro,0.00027533125345631895
la,864.016393442623,19.85627,102.495496,Laos,0.00027495042846290674
kn,848.7049180327868,17.357822,-62.782998,Saint Kitts and Nevis,0.0002700779552595227
tg,831.311475409836,8.619543,0.824782,Togo,0.000264542950903216
jm,811.3934426229508,18.109581,-77.297508,Jamaica,0.00025820456231423147
mt,798.5573770491803,35.937496,14.375416,Malta,0.0002541198230013303
zm,751.2131147540983,-13.133897,27.849332,Zambia,0.0002390537602482542
mz,728.327868852459,-18.665695,35.529562,Mozambique,0.00023177113434683653
af,702.7540983606557,33.93911,67.709953,Afghanistan,0.00022363295640542423
re,673.7868852459017,-21.115141,55.536384,Réunion,0.00021441490485255533
bj,656.983606557377,9.30769,2.315834,Benin,0.00020906770460258893
zw,630.2950819672132,-19.015438,29.154857,Zimbabwe,0.0002005747855714228
mv,624.1803278688525,3.202778,73.22068,Maldives,0.0001986289263585082
bf,616.8852459016393,12.238333,-1.561593,Burkina Faso,0.000196307458932913
vg,608.8688524590164,18.420695,-64.639968,British Virgin Islands,0.00019375645315512414
cg,606.7540983606557,-0.228021,15.827659,Congo [Republic],0.0001930834884407381
sd,582.8688524590164,12.862807,30.217636,Sudan,0.00018548263891468832
tm,560.655737704918,38.969719,59.556278,Turkmenistan,0.00017841390102326933
cd,531.360655737705,-4.038333,21.758664,Congo [DRC],0.00016909151385576695
sr,504.9344262295082,3.919305,-56.027783,Suriname,0.00016068206331630756
ad,469.37704918032784,42.546245,1.601554,Andorra,0.00014936686590930547
gy,466.88524590163934,4.860416,-58.93018,Guyana,0.00014857391523809095
ml,457.4754098360656,17.570692,-3.996166,Mali,0.00014557948309810976
so,457.0,5.152149,46.199616,Somalia,0.0001454281964568912
gp,439.344262295082,16.995971,-62.067641,Guadeloupe,0.00013980972360887772
bz,420.672131147541,17.189877,-88.49765,Belize,0.00013386781035550042
na,413.4590163934426,-22.95764,18.49041,Namibia,0.0001315724268335636
bb,376.1803278688525,13.193887,-59.543198,Barbados,0.00011970946744973571
mw,371.73770491803276,-13.254308,34.301525,Malawi,0.0001182957198714519
sc,364.5245901639344,-4.679574,55.491977,Seychelles,0.00011600033634951511
mr,361.1967213114754,21.00789,-10.940835,Mauritania,0.00011494132986098518
pg,341.0983606557377,-6.314993,143.95555,Papua New Guinea,0.00010854555668395219
bw,332.6393442622951,-22.328474,24.684866,Botswana,0.00010585369782640813
bs,315.7704918032787,25.03428,-77.39628,Bahamas,0.00010048563045351502
bn,286.0,4.535277,114.727669,Brunei,9.101195664479406e-05
nf,261.0655737704918,-29.040835,167.954712,Norfolk Island,8.307723315191709e-05
bt,248.0983606557377,27.514162,90.433601,Bhutan,7.895075959316252e-05
mo,238.49180327868854,22.198745,113.543873,Macau,7.589372608440124e-05
gn,235.95081967213116,9.945587,-9.696645,Guinea,7.508512507099168e-05
mq,200.11475409836066,14.641528,-61.024174,Martinique,6.368124239155113e-05
ht,198.0655737704918,18.971187,-72.285215,Haiti,6.302914480009181e-05
li,190.81967213114754,47.166,9.555373,Liechtenstein,6.072332771669167e-05
bi,190.0655737704918,-3.373056,29.918886,Burundi,6.0483355803034635e-05
pf,181.19672131147541,-17.679742,-149.406843,French Polynesia,5.766107742719871e-05
fj,176.49180327868854,-16.578193,179.414413,Fiji,5.616386135720812e-05
im,169.7704918032787,54.236107,-4.548056,Isle of Man,5.402498125722156e-05
cv,151.45901639344262,16.002082,-24.013197,Cape Verde,4.819783717994109e-05
gf,140.68852459016392,3.933889,-53.125782,French Guiana,4.477041223923091e-05
bm,136.04918032786884,32.321384,-64.75737,Bermuda,4.3294063292167015e-05
je,135.95081967213116,49.214439,-2.13125,Jersey,4.3262762607776976e-05
nc,133.65573770491804,-20.904305,165.618042,New Caledonia,4.253241330534254e-05
gl,128.9672131147541,71.706936,-42.604303,Greenland,4.104041401608362e-05
mc,124.21311475409836,43.750298,7.412841,Monaco,3.9527547603898e-05
by,123.65573770491804,53.709807,27.953389,Belarus,3.935017705902107e-05
lc,122.29508196721312,13.909444,-60.978893,Saint Lucia,3.891718425829208e-05
er,114.14754098360656,15.179384,39.782334,Eritrea,3.632444423464984e-05
gm,104.40983606557377,13.443182,-15.310139,Gambia,3.322567648003516e-05
sb,101.62295081967213,-9.64571,160.156194,Solomon Islands,3.2338823755650485e-05
dj,99.08196721311475,11.825138,42.590275,Djibouti,3.153022274224093e-05
ky,98.49180327868852,19.513469,-80.566956,Cayman Islands,3.134241863590064e-05
ag,96.32786885245902,17.060816,-61.796428,Antigua and Barbuda,3.065380357931961e-05
st,96.1311475409836,0.18636,6.613081,São Tomé and Príncipe,3.059120221053951e-05
sl,91.60655737704919,8.460555,-11.779889,Sierra Leone,2.915137072859734e-05
gu,86.34426229508196,13.444304,144.793731,Guam,2.747678411372981e-05
td,85.57377049180327,15.454166,18.732207,Chad,2.7231595419341108e-05
aw,83.26229508196721,12.52111,-69.968338,Aruba,2.6496029336174998e-05
gw,78.67213114754098,11.803749,-15.180413,Guinea-Bissau,2.5035330731306125e-05
gq,76.47540983606558,1.650801,10.267895,Equatorial Guinea,2.433628211326174e-05
sz,73.39344262295081,-26.522503,31.465866,Swaziland,2.3355527335706924e-05
ki,72.21311475409836,-3.370417,-168.734039,Kiribati,2.2979919123026354e-05
ne,69.0327868852459,17.607789,8.081666,Niger,2.1967863661081493e-05
as,66.62295081967213,-14.270972,-170.132217,American Samoa,2.1200996893525337e-05
gi,62.9344262295082,36.137741,-5.345374,Gibraltar,2.0027221228898566e-05
tl,56.68852459016394,-8.874217,125.727539,Timor-Leste,1.8039627770130565e-05
lr,56.68852459016394,6.428055,-9.429499,Liberia,1.8039627770130565e-05
gg,49.9344262295082,49.465691,-2.585278,Guernsey,1.5890314108680654e-05
vi,48.49180327868852,18.335765,-64.896335,U.S. Virgin Islands,1.5431237404293295e-05
gd,45.78688524590164,12.262776,-61.604171,Grenada,1.4570468583566994e-05
vu,41.459016393442624,-15.376706,166.959158,Vanuatu,1.3193238470404916e-05
fo,40.278688524590166,61.892635,-6.911806,Faroe Islands,1.281763025772435e-05
tc,38.52459016393443,21.694025,-71.797928,Turks and Caicos Islands,1.2259434719435173e-05
ls,37.31147540983606,-29.609988,28.233608,Lesotho,1.1873392945291256e-05
dm,33.31147540983606,15.414999,-61.370976,Dominica,1.0600498446762669e-05
sm,29.950819672131146,43.94236,12.457777,San Marino,9.531058396769387e-06
km,26.278688524590162,-11.875001,43.872219,Comoros,8.36249951287429e-06
fm,22.721311475409838,7.425554,150.550812,Micronesia,7.230458094100916e-06
yt,15.245901639344263,-12.8275,45.166244,Mayotte,4.851606080457324e-06
vc,14.311475409836065,12.984305,-61.287228,Saint Vincent and the Grenadines,4.554249578751875e-06
cf,13.540983606557377,6.611111,20.939444,Central African Republic,4.309060884363171e-06
to,12.918032786885245,-21.178986,-175.198242,Tonga,4.110823216559539e-06
mh,10.80327868852459,7.131474,171.184478,Marshall Islands,3.4378585021735233e-06
ws,10.278688524590164,-13.759029,-172.104629,Samoa,3.270921518759938e-06
pm,10.262295081967213,46.941936,-56.27111,Saint Pierre and Miquelon,3.2657047380282633e-06
ai,8.78688524590164,18.220554,-63.068615,Anguilla,2.7961944721775545e-06
pw,6.147540983606557,7.51498,134.58252,Palau,1.956292774377953e-06
bv,4.2,-54.423199,3.413194,Bouvet Island,1.3365392234550178e-06
aq,3.9672131147540983,-75.250973,-0.071389,Antarctica,1.2624609370652392e-06
an,3.6721311475409837,12.226079,-69.060087,Netherlands Antilles,1.1685588838950974e-06
cc,3.111111111111111,-12.164165,96.870956,Cocos [Keeling] Islands,9.900290544111242e-07
io,2.7796610169491527,-6.343194,71.876519,British Indian Ocean Territory,8.845538040622393e-07
va,2.683333333333333,41.902916,12.453389,Vatican City,8.539000594295946e-07
wf,2.6721311475409837,-13.768752,-177.156097,Wallis and Futuna,8.503352592629503e-07
tv,2.206896551724138,-7.109535,177.64933,Tuvalu,7.022866198778417e-07
nr,2.1475409836065573,-0.522778,166.931503,Nauru,6.833982758493649e-07
kp,2.0,40.339852,127.510093,North Korea,6.364472492642941e-07
nu,1.721311475409836,-19.054445,-169.867233,Niue,5.477619768258268e-07
tk,1.5789473684210527,-8.967363,-171.855881,Tokelau,5.024583546823374e-07
fk,1.2295081967213115,-51.796253,-59.523613,Falkland Islands [Islas Malvinas],3.9125855487559063e-07
mp,1.0238095238095237,17.33083,145.38469,Northern Mariana Islands,3.258003775995791e-07
xk,0.8064516129032258,42.602636,20.902977,Kosovo,2.5663195534850566e-07
ck,0.7872340425531915,-21.236736,-159.777671,Cook Islands,2.505164704550945e-07
sj,0.5333333333333333,77.553604,23.670272,Svalbard and Jan Mayen,1.6971926647047841e-07
