relay,position,bandwidth_up_Bps,mean_written_Bps,util,n_sec_logged
4uthority1,authority,125000000.0,1429.3955555555556,1.1435164444444445e-05,900
4uthority2,authority,125000000.0,1105.5022222222221,8.844017777777777e-06,900
4uthority3,authority,125000000.0,1192.2888888888888,9.53831111111111e-06,900
relay10exit,exit,29676000.0,15370731.11,0.517951580738644,900
relay11exit,exit,23590000.0,12143655.675555555,0.5147798082049833,900
relay12exit,exit,22079000.0,10672305.282222223,0.48336905123521096,900
relay13exit,exit,17317000.0,7980765.446666666,0.4608630505668803,900
relay14exit,exit,11501000.0,1380276.4355555556,0.12001360190901275,900
relay15exit,exit,2232000.0,426369.3822222222,0.19102570888092393,900
relay16guard,guard,78073000.0,44017501.19888889,0.5637992801466434,900
relay17guard,guard,37899000.0,28340485.643333334,0.7477898003465351,900
relay18guard,guard,44011000.0,26454215.316666666,0.6010818958139253,900
relay19guard,guard,41979000.0,22926128.92,0.5461332790204626,900
relay1exitguard,exitguard,40298000.0,21915542.95,0.5438369881879994,900
relay20guard,guard,38315000.0,18281500.332222223,0.47713690022764516,900
relay21guard,guard,37646000.0,18811445.855555557,0.4996930844061934,900
relay22guard,guard,25553000.0,12305831.883333333,0.48158071002752445,900
relay23guard,guard,18120000.0,8696595.901111111,0.47994458615403485,900
relay24guard,guard,11023000.0,4990007.77,0.45269053524448877,900
relay25guard,guard,8095000.0,5313659.111111111,0.656412490563448,900
relay26guard,guard,27587000.0,1492057.97,0.05408554645303947,900
relay27guard,guard,26746000.0,1404990.9377777777,0.052530880796297676,900
relay28guard,guard,13245000.0,1385989.4288888888,0.10464246348726983,900
relay29guard,guard,14950000.0,882290.3755555556,0.05901607863247863,900
relay2exitguard,exitguard,23364000.0,13923035.763333334,0.5959183257718428,900
relay30guard,guard,10938000.0,629225.7711111112,0.057526583572052585,900
relay31guard,guard,9289000.0,821802.5555555555,0.08847050872597217,900
relay32guard,guard,8194000.0,319200.3888888889,0.03895538063081387,900
relay33middle,middle,22902000.0,21041803.057777777,0.9187757862971696,900
relay34middle,middle,27679000.0,15282435.018888889,0.5521310386534517,900
relay35middle,middle,19773000.0,7662580.981111111,0.3875274860219042,900
relay36middle,middle,9782000.0,3926546.8744444447,0.4014053234966719,900
relay37middle,middle,6065000.0,2455872.1144444444,0.40492532802051845,900
relay38middle,middle,11165000.0,139432.1311111111,0.012488323431357914,900
relay39middle,middle,3794000.0,1330907.601111111,0.350792725648685,900
relay3exitguard,exitguard,16837000.0,8033343.198888889,0.47712438076194624,900
relay40middle,middle,3296000.0,700278.9455555555,0.21246327231661272,900
relay41middle,middle,5256000.0,233438.38333333333,0.044413695459157784,900
relay42middle,middle,2325000.0,111238.67777777778,0.04784459259259259,900
relay43middle,middle,1731000.0,70074.34666666666,0.04048200269593684,900
relay44middle,middle,1547000.0,277.3211111111111,0.0001792638080873375,900
relay45middle,middle,811000.0,309.36,0.0003814549938347719,900
relay46middle,middle,292000.0,271.57444444444445,0.0009300494672754947,900
relay4exitguard,exitguard,10861000.0,4262680.974444444,0.3924759206743803,900
relay5exitguard,exitguard,14203000.0,752426.7277777778,0.0529766054902329,900
relay6exitguard,exitguard,9546000.0,1712728.7866666666,0.17941847754731474,900
relay7exitguard,exitguard,11435000.0,1504794.68,0.13159551202448622,900
relay8exitguard,exitguard,11221000.0,973060.47,0.08671780322609393,900
relay9exit,exit,29200000.0,18923302.01888889,0.6480582883181127,900
