metric,stat,M3 vanilla tor,M4 vanilla via sidecar,rel_diff_M4 vanilla via sidecar_vs_M3 vanilla tor
ttfb_s[1MiB],n,582,529,-0.091
ttfb_s[1MiB],mean,0.347258,0.414055,+0.192
ttfb_s[1MiB],p50,0.352712,0.395336,+0.121
ttfb_s[1MiB],p90,0.517011,0.644417,+0.246
ttfb_s[1MiB],p99,0.65287,0.837902,+0.283
ttfb_s[50KiB],n,3168,3207,+0.012
ttfb_s[50KiB],mean,0.345942,0.412327,+0.192
ttfb_s[50KiB],p50,0.340905,0.404813,+0.187
ttfb_s[50KiB],p90,0.522756,0.628882,+0.203
ttfb_s[50KiB],p99,0.679219,0.806516,+0.187
ttfb_s[5MiB],n,250,264,+0.056
ttfb_s[5MiB],mean,0.351955,0.424634,+0.207
ttfb_s[5MiB],p50,0.354502,0.408174,+0.151
ttfb_s[5MiB],p90,0.526722,0.654874,+0.243
ttfb_s[5MiB],p99,0.68246,0.888605,+0.302
ttfb_s[ALL],n,4000,4000,+0.000
ttfb_s[ALL],mean,0.346509,0.413368,+0.193
ttfb_s[ALL],p50,0.342479,0.40387,+0.179
ttfb_s[ALL],p90,0.522191,0.633231,+0.213
ttfb_s[ALL],p99,0.679373,0.827451,+0.218
ttlb_s[1MiB],n,582,529,-0.091
ttlb_s[1MiB],mean,1.65618,2.10944,+0.274
ttlb_s[1MiB],p50,1.68577,2.05507,+0.219
ttlb_s[1MiB],p90,2.5821,3.16863,+0.227
ttlb_s[1MiB],p99,3.20447,4.03103,+0.258
ttlb_s[50KiB],n,3168,3207,+0.012
ttlb_s[50KiB],mean,0.851429,0.951269,+0.117
ttlb_s[50KiB],p50,0.814414,0.941283,+0.156
ttlb_s[50KiB],p90,1.45491,1.58881,+0.092
ttlb_s[50KiB],p99,1.89876,2.02475,+0.066
ttlb_s[5MiB],n,250,264,+0.056
ttlb_s[5MiB],mean,2.75208,3.88708,+0.412
ttlb_s[5MiB],p50,2.72909,3.76348,+0.379
ttlb_s[5MiB],p90,4.1016,5.77482,+0.408
ttlb_s[5MiB],p99,5.51646,8.01613,+0.453
ttlb_s[ALL],n,4000,4000,+0.000
ttlb_s[ALL],mean,1.08731,1.2982,+0.194
ttlb_s[ALL],p50,0.967723,1.06191,+0.097
ttlb_s[ALL],p90,1.92698,2.41556,+0.254
ttlb_s[ALL],p99,3.7085,5.36526,+0.447
goodput_Mbit_s[500KiB-1MiB],n,832,793,-0.047
goodput_Mbit_s[500KiB-1MiB],mean,28.4557,14.0612,-0.506
goodput_Mbit_s[500KiB-1MiB],p50,18.194,12.48,-0.314
goodput_Mbit_s[500KiB-1MiB],p90,36.2175,23.1292,-0.361
goodput_Mbit_s[500KiB-1MiB],p99,54.299,37.1505,-0.316
circuit_build_time_s,n,9152,5219,-0.430
circuit_build_time_s,mean,0.740917,1.03843,+0.402
circuit_build_time_s,p50,0.59249,0.898933,+0.517
circuit_build_time_s,p90,1.40755,2.05543,+0.460
circuit_build_time_s,p99,2.23897,2.85689,+0.276
error_rate,n,4000,4000,+0.000
error_rate,mean,0,0,
relay_util[non-authority],n,95,95,+0.000
relay_util[non-authority],mean,0.0944217,0.101545,+0.075
relay_util[non-authority],p50,0.0888842,0.0953368,+0.073
relay_util[non-authority],p90,0.18745,0.19394,+0.035
relay_util[non-authority],p99,0.256263,0.260685,+0.017
relay_goodput_total_Mbit_s,n,98,98,+0.000
relay_goodput_total_Mbit_s,mean,2036.16,2034.71,-0.001
